yutaka1999,3642.200315,1
Petr,3699.429013,1
apiad,3624.330762,1
ksun48,3635.098770,1
vepifanov,3389.083407,1
tourist,4139.098770,1
Egor,3579.083407,1
cospleermusora,3632.501442,1
Errichto,3091.083407,1
dacin21,3003.413209,1
WA_TLE,3000.318592,1
LHiC,3714.638159,1
kunyavskiy,3418.832003,1
maryanna2016,3061.078518,1
RomaWhite,3027.126235,1
splittinghares,2651.083407,1
ilyakor,2970.330762,1
Benq,2889.479721,1
tozangezan,2917.638159,1
yokozuna57,2997.330762,1
pashka,3364.663890,1
Huziwara,2882.485209,1
tlwpdus,2693.731832,1
t1016d,2809.243056,1
aid,3040.213033,1
sigma425,3059.078518,1
grumpy_gordon,2537.011909,1
math,2776.642578,1
ikatanic,2897.344985,1
molamola,3097.011909,1
maroonrk,2948.485209,0
johnchen902,2903.932288,1
Rafbill,2937.900421,0
Marcin,3501.330762,1
snuke,3316.200315,1
wo01,2746.330762,0
shik,3140.078518,1
tinsane,2981.832003,1
OMTWOCZWEIXVI,3113.126235,1
zerokugi,2659.730468,1
mjhun,2915.399326,1
reew2n,2517.303214,1
satanic0258,2375.163225,1
xellos,2700.663890,1
abeker,2343.027256,1
camypaper,2754.098770,1
logicmachine,2623.846007,1
azneye,2374.344985,1
Stonefeang,3473.932288,0
eatmore,3408.812801,1
kobae964,2810.088892,1
mn3twe,3110.620761,1
Cyani,2396.330762,1
KrK,2822.879232,1
zhouzhendong,2324.399326,1
joisino,2878.027256,1
sky58,2969.216449,1
mangoyang,1501.136066,1
foreverpiano,1895.413209,1
palayutm,2586.330762,1
fjzzq2002,2925.027256,1
DmitryGrigorev,2835.216449,1
Nicolas16,2248.731832,1
shayanp,2096.832003,1
nqiiii,2387.136066,1
lis,2546.344985,1
gispzjz,2655.399326,1
nhho,2374.730468,1
AndreySergunin,2779.399326,1
TangentDay,2543.163225,1
uwi,2965.141232,1
zhouyuyang,2920.663890,1
mHuman,2564.989028,1
izban,2998.730468,1
azadi,2285.126235,1
zemen,3161.213033,1
progmatic,2258.832003,1
erfanesm,1177.203754,1
beet,2556.181366,1
chemthan,2574.485209,1
beginend,2244.932288,1
dreamoon,3224.579863,1
acha,2122.731832,1
Jatana,2244.011909,1
atatomir,2906.027256,1
Aquarius,2493.078518,1
hitonanode,2174.812801,1
rickytheta,2762.379296,1
mareksom,2899.126235,1
t3cmax,2214.688314,1
imeimi2000,2325.000000,1
voover,2991.485199,1
tos,2563.027256,1
nigus,2333.485209,1
amylase,2277.638159,1
shiatsumat,2158.126235,1
hirosegolf,2633.989028,1
gritukan,2663.501442,0
qwerty787788,3229.027256,0
ugly2333,2579.501442,1
aryansm,2170.098770,0
Miyukine,2583.688314,0
FCB1234,2098.000000,1
kmjp,2976.846007,1
Hec,2352.307199,1
Alex_2oo8,3084.083407,1
natsugiri,2893.429013,1
Golovanov399,2988.638159,1
jihoon,2563.989028,1
anta,2725.479721,1
heno239,1928.011909,1
June_boy,2032.057553,1
skyline,2384.832003,1
sert,2254.136066,1
liouzhou_101,2330.027256,1
drafear,2565.485209,1
koyumeishi,2190.846007,1
DOFYPXY,2260.429013,1
pes,2515.344985,1
teja349,2591.415338,1
Rzepa,2617.413209,1
edisonhello,2348.413209,1
viliml,2061.989028,1
flowlight,2369.413209,1
Kmcode,2532.141232,1
xiaowuc1,2591.731832,1
t0urist,2356.730468,1
IH19980412,2906.638159,1
boook,2507.136066,1
Rchen,1983.731832,1
Rexop,2558.000000,1
RobeZH,1926.126235,1
kjp4155,2337.832003,1
Timur_Sitdikov,2685.879232,1
a616156,2162.126235,1
yaketake08,2188.579863,1
fedosik,2069.083407,1
Artoria,1492.501442,1
bx2k,2337.399326,1
Hoi_koro,2291.979853,1
Brimix,2079.731832,1
monolith,2156.243056,1
kobortor,2195.731832,1
cogito,2418.989028,1
shinike,1976.344985,1
kosakkun,1750.714047,1
kazuma,2194.642578,1
chenyanbo1111,1776.344985,1
smiken,2391.660975,1
mcalancea,2508.989028,1
Meple,2162.932288,1
cType,2014.126235,1
akouryy,2266.200315,1
riantkb,2543.846007,1
ei13333,2434.163225,1
tanakh,2174.481577,1
ctyl,2093.578268,1
kyopro_friends,1870.083407,1
Misteer,1847.011909,1
satashun,2600.579863,1
ymatsux,2270.663890,1
kusano,2237.817446,1
cwystc,2341.083407,1
gazelle,2273.303214,1
cos,2144.832003,1
cezarnik,1896.399326,1
Arterm,2770.479721,1
hiromi_ayase,1917.660975,1
StarCuriosity,2121.126235,1
famafka,2517.027256,1
ninja7,1772.341348,1
eomole,1577.126235,1
kurowassann,2020.479721,1
kopricky,1690.213033,1
vincealek,1997.932288,1
maze1230,2140.520399,1
enjoycallen,1752.136066,1
Komaki,2905.812801,1
betrue12,1835.083407,1
Stetsyk,1991.136066,1
AngusRitossa,2411.011909,1
krey,2476.731832,1
nwin,2221.579863,1
VladaMG98,2059.027256,1
bomi,2233.126235,1
piroz95,2281.900421,1
jvjhfhg,1962.413209,1
kawatea,2934.479721,1
Jungarr1k,1836.000000,1
lis_follower,2286.812801,1
C20191721,1571.812801,1
Jyt,1909.688314,1
fengyuan,1763.501442,1
valkyrie,2273.620761,1
SHENZHEBEI,2473.027256,1
remin,1775.979853,1
HERESY,1955.731832,1
startcpp,2026.201523,1
ukikagi,1960.730468,1
BackOnTrack,1761.098770,1
tempura0224,2056.485199,1
linkct,2644.932288,1
Cerberus97,2368.243056,1
FinnLidbetter,1860.688314,1
faustaadp,1847.932288,1
primenumber,2059.011909,1
ransewhale,1812.243056,1
chocorusk,1772.688314,1
zhongzihao,2366.243056,1
IO2I839,2155.344985,1
kshinya,1861.131879,1
kazunetakahashi,2016.578268,1
chaemon,2159.579863,1
AHWHRKY,2361.832003,1
ljt12138,2337.011909,1
NMLibrary,1951.688314,1
iwashi31,2037.307199,1
Juve45,1972.083407,1
hoxosh,1934.481577,1
tossy,2323.979853,1
amotoma3,1935.832003,1
Heltion,2080.413209,1
dalex,2180.620761,1
xxkiritoxx,2072.900421,1
platinant,2131.126235,1
lIlIlIl,2082.620761,1
knk,1925.078518,1
aquablitz11,1882.000000,1
The_Unbeatable,1861.399326,1
olphe,2171.421465,1
kessido,1922.027256,1
furuya1223,2205.520399,1
afaji321,2129.832003,1
mshcherba,1852.688314,1
wangzunyu,1355.373123,1
FLDutchman,1466.136066,1
kzyKT,1959.181366,1
ryoissy,2457.210085,1
Slamur,2309.731832,1
fauzdar65,1486.429013,1
ynymxiaolongbao,2110.320227,1
YerzhanU,2017.027256,1
tanphatls987,2191.243056,1
ten986,1948.784591,1
arkark,1802.243056,1
kuuso,1924.642578,1
win11905,162.572290,1
espressivosubito,1590.078518,1
UminchuR,1926.027256,1
aaabbbcccddd,1783.098770,1
merom686,1977.088892,1
blue_jam,1724.399326,1
smss,2492.126235,1
nagiss,1485.126235,1
gbis36,1784.083407,1
adorkable,1756.620761,1
kenimo,2111.344985,1
stdcall,2340.330762,1
thienlongtpct,1787.083407,1
zawini54,1828.126235,1
potoooooooo,1839.344985,1
risujiroh,2022.083407,1
LifeCracker,2176.136066,1
karriganasta,1982.000000,1
jiwon0522,1907.141232,1
supy,2411.027256,1
alexander891,1714.126235,1
Danylo1999,2033.011909,1
seica,1866.131879,1
etonagisa,1969.210085,1
TimonKnigge,2809.731832,1
FF256grhy,2077.181366,1
syl659,1886.098770,1
ddpag,1940.000000,1
nus_miz,1731.413209,1
roudundun,162.572290,1
threecourse,2040.989028,1
wdyhy,2229.027256,1
noimi,1848.832003,1
Filyan,2246.660975,1
mtsd,2305.534694,1
Suika_predator,2348.136066,1
zjsdut,1714.136066,1
yamad,2186.468325,1
base64,2256.415338,1
nxteru,1842.243056,1
shdut,2065.688314,1
unsre,1517.481577,1
claw88,1756.642578,1
hotpepsi,1660.714047,1
aayush9,1942.989028,1
nuip,2909.318592,0
commy,1559.468325,0
EgorLifar,2450.485199,0
ogingin,1160.989028,1
kcvlex,1643.320227,0
T1610,1805.163225,0
nai,2136.200315,1
uenoku,1656.141232,0
rondojim,1177.812801,0
leaf1415,2080.141232,1
evpipis,2153.731832,0
fuppy0716,2028.415338,1
sheyasutaka,2159.243056,1
NikitaMikhaylov,1775.932288,0
Hasan0540,2112.213033,0
kcm1700,2653.399326,0
SebinKim,1818.000000,0
alex99,2140.501442,0
dorijanko,1587.344985,1
Don4ick,1963.620761,0
kort0n,1902.126235,1
daiki_ando,1907.501442,1
yukidaruma6,1776.078518,1
knottyknot,1434.429013,1
Gosu_Hiroo,1437.688314,1
EctoPlasma,2030.989028,1
physics0523,2008.421465,1
MMNMM,1926.088892,1
MedoN11,1832.620761,0
Speedster,2519.900421,0
equocredite,1724.126235,0
hirokazu1020,1896.210085,0
polingy,2125.330762,0
OPG,1758.485199,0
pngn,1682.126235,1
gorogoroumaru1,1104.083407,1
ec24,2104.501442,0
femto16,2025.344793,0
comfi,2196.126235,0
cirno3153,1725.784591,1
Bodo,1953.413209,0
int_cl,1854.243056,1
Diuven,1970.812801,1
snark,1632.413209,0
kroton,1630.989028,0
yusayura,1477.413209,1
SpeedOfMagic,1802.136066,0
ut6489,1602.413209,1
shubham8,1684.000000,0
kotatsugame,1950.318592,1
Batrr,1690.413209,0
dsgsjk,1681.027256,0
merz,1480.663890,1
ChestnutRice,1920.501442,0
APIO,2109.136066,1
roto_37,1551.520399,0
fine,1897.307199,0
Gobi,1606.879232,1
Nots0fast,2129.000000,0
was_n,1643.932288,0
halin,1941.879232,0
numa,1544.295173,1
hamadu,2423.579863,0
autumn_eel,1905.132207,0
toru1,1386.011909,1
TadijaSebez,1897.136066,0
shirowa,1670.832003,1
TMJN,1286.083407,1
kt_tenel,1456.638159,1
aajisaka,1386.126235,1
glebushka98,2401.932288,1
YangZhenjian,1953.330762,1
SOIVIEONE,1331.620761,0
yuzupom,1684.501442,1
eiya,1988.210085,1
abcde2002,1606.243056,0
Hewla,1543.216449,1
harshit_27,1431.126235,1
Vosatorp,1543.832003,0
chentong,2094.485199,0
yashar_sb_sb,1599.812801,1
shell_wataru,1348.501442,1
n_dao107,1858.620761,1
kamojiro,957.731832,1
haji,1819.421465,0
Ace_02,836.620761,1
laonianrencaozuo,1335.688314,1
pekempey,2417.793473,0
n_knuu,1758.303214,0
deoxy,1955.318592,1
chocobo,1421.481577,1
penpenpen,1274.011909,1
XzA_2123,1562.083407,0
m_buyoh,1739.086735,0
harmokey,1590.481577,1
amanuko,1446.200315,0
TumoiYorozu,1952.320227,0
you8zl,1283.989028,0
JokerPoker,1600.000000,1
Lilly,1315.638159,1
cashisu1,1360.429013,0
saikoumi,1042.083407,1
inmir,2017.303214,0
dama_math,1688.832003,1
null_mn,1389.098770,1
m3bz4,1773.344985,0
fal_rnd,1608.494528,1
nibab,1607.243056,0
naoya_t,1789.429013,0
Ashishgup,1969.429013,1
knandy,1231.731832,1
shimisho,1459.213033,1
shot,1683.131879,0
pllk,2264.413209,0
katand,1402.098770,1
yamunaku,1759.083407,0
scidylanpno,1746.832003,0
tasmeemreza,1872.429013,0
kazunegi,1442.663890,1
onono147,870.812801,1
rika0384,1518.344793,0
oos1111,1610.429013,0
taow,2212.136066,0
hmakita,801.620761,1
mban,1311.303214,1
M_Saito,1750.318592,1
daiju,1421.098770,1
bira37,1325.812801,0
tokitsukaze,1445.083407,0
c7c7,1600.520399,0
x20,1680.181366,1
sekiya9311,1579.341348,0
SergeyPotter,1440.620761,0
yayoi,1410.078518,0
tkc6022,1333.832003,1
takoyaki,1545.200315,1
sako0384,1627.501442,1
cloudsky,1586.136066,0
hasi,2351.051711,1
noshi91,2289.415338,1
torisasami,1347.011909,1
aymanrasheed7,1745.136066,1
reik,1055.330762,1
ikatakos,1841.320227,1
sugarrr,1616.415338,1
Suunn,1122.620761,1
wyz1251612514,1184.812801,1
Heart_Blue,2154.413209,0
face4,1336.027256,1
tamuhey,1337.344985,1
tiantian,1542.136066,0
Surker23,1610.731832,0
AcidWrongGod,1600.000000,0
prd_xxx,1437.303214,1
WW228,1039.344985,1
NOSS,1619.663890,1
maru_de_,1572.479721,1
aditya38112,1155.136066,0
aniket9465,1499.126235,1
dpforest,2266.620761,1
kaming,1372.731832,0
Refun,1695.620761,1
tanzaku,2351.201523,1
absenc,1430.832003,1
Ferume,1399.413209,0
Tsuta_J,1982.534694,0
mizuff,1205.083407,1
jp3bgy,1141.620761,1
Q9Q,943.098770,0
oshibori,1394.642578,0
liwii,1360.731832,1
tako63,847.637019,1
onyi,1330.098770,1
NAH2005,797.989028,1
shioshiota,1728.126235,0
Ashurnasirpal,1808.485209,1
lessmeaning,2367.000000,0
rtia1227,1603.126235,1
Libra_Hu,1002.812801,1
qkxwsm,2069.731832,1
victorique,1636.812801,1
treeone,1993.223922,0
zaburo,1885.916334,0
yuiop,1814.468325,1
convexineq,1622.098770,1
heysan,1077.688314,1
nadchu,1301.989028,1
inaba3,793.494528,1
ibuki2003,1069.243056,1
tatsumack,1299.501442,0
SEMSOFT,2332.000000,0
fetetriste,2142.303214,0
shake,1546.579863,0
rikein12,866.967415,1
masa002,1691.501442,0
yen_3141,1686.832003,1
kobaya0514,1259.730468,1
Martial,1835.011909,0
aririri,1205.344985,1
VladProg,1799.731832,1
WonderMouse,1666.620761,0
OccccccuPie,1889.688314,0
Halifay,1386.812801,1
zizou,1157.083407,1
hrbt,1087.579863,1
IceElement,1012.136066,0
toa2525,1807.141232,1
mikit,1226.832003,1
bomac1,1661.415338,1
qianzhengjie,1498.932288,1
tsukasa_diary,1856.638159,0
nu50218,1248.932288,0
aquaCpp,1328.126235,1
TASSAN,1636.429013,0
kaz1988,1326.730468,1
tikul,1458.136066,1
QCFium,1393.399326,1
wleung_bvg,1663.136066,0
algon,1699.817446,0
nanae,1736.344793,1
nenuon,1578.846007,0
cyan,1353.098770,1
zundamochi_1117,1390.136066,1
pdwd,918.415338,1
NASU41,1655.784591,1
chpipis,1940.344985,0
Nem4,1590.320227,1
nakana_kayaru,1121.663890,1
atszcoder,1838.989028,0
Heibor1,1754.731832,0
zunda1st,1396.011909,1
htkb,1435.870535,1
linare,1507.620761,0
artsin6,1419.413209,0
yuhei,1370.579863,1
hururu,1175.136066,1
fortoobye,1779.303214,1
feele,1074.501442,1
shirodoni,1463.932288,1
nesya,1298.663890,1
KieranHorgan,885.291229,0
dsytk7,1300.660975,0
abc050,2062.051711,1
sumoooru,1932.146899,1
addeight,1816.730468,0
u15R,1073.126235,1
xuzijian629,1595.688314,1
txingml,1939.900421,1
m77,1333.638159,1
eshoru,1700.083407,0
RDDCCD,2058.413209,1
vanvector,2093.620761,0
AlphaRazra,1843.413209,0
gojira_ku,1384.731832,1
yswdra,1273.126235,1
yassin,1819.817446,0
imh,1215.731832,0
sansen,1615.399326,1
plasmaeffect,1859.181366,1
raja1999,1654.485199,0
ryoryoryo111,1243.399326,1
Gear,1767.051711,0
mabo207,1112.812801,1
fts2001,1616.832003,0
hekai,1191.731832,0
VictorWen,1597.413209,1
arkhe,1209.731832,1
kusomushi,1456.812801,1
hana,1209.501442,1
burstintotears,1239.027256,1
oka96,1206.731832,1
birdway,1629.051711,0
takeo1116,1656.344793,1
ykmc,1478.083407,1
skl_win,1600.000000,1
emonosuke,1234.098770,1
dn154,1261.126235,1
atjh16,847.989028,1
fragusbot,1882.213033,0
holeguma,1849.429013,0
Ikok,1284.731832,1
tatsuyuki,1698.051711,1
Nurlykhan,1756.832003,0
hamazi512,1102.126235,1
yakamoto,1519.812801,1
ikea0064,1249.900421,0
tatyam,1460.429013,1
Mamnoon_Siam,1206.989028,0
Bobyama,1721.731832,1
hamasugar,1355.730468,1
papamitra,1235.027256,1
c20171422ryz,1593.136066,1
Ryosuke839,2173.027256,1
Apppp11,1281.098770,1
SinAyame,1504.579863,1
C20193620,966.101880,1
statiolake,1291.989028,1
Bantako,1237.243056,1
Lucky_Glass,1052.731832,1
umedaikiti,1576.832003,1
C01L,1561.027256,0
suzume,1841.846007,1
ill,1345.812801,1
spica314,1979.817446,0
damekamo,1272.248811,0
picagrow,786.932288,1
DerBaer,1753.812801,0
habara_k,1495.011909,1
rookzeno,1128.344985,1
creep04,1758.330762,1
T1024,2058.344985,1
nejineji,1626.098770,1
embrace,1547.728671,0
takoshi,1929.479721,1
taku0728,725.517331,1
takuchibin,1022.429013,1
kakira,1650.663890,0
Yukisuni,726.832003,1
amaotone,1531.989028,1
C20193515_LYX,1094.812801,1
frozenlib,1427.688314,1
kakakakaneko,1306.479721,1
kontotto,1300.620761,1
keidaroo,1649.320227,1
hpns2592,824.694029,1
kwkm0429,1347.817446,1
yu3mars,1590.520399,1
luma,1805.078518,1
wakax365,1790.078518,1
sancho,2164.731832,1
veqcc,1264.812801,1
stalin,1794.136066,0
ZollingerPython3,1429.900421,0
TAB,1803.642578,1
hamko,2023.320227,1
SGI,1974.303214,1
kotamanegi,2135.118984,1
frank3215,1127.216449,1
Mikaeel,2120.126235,1
acheing,1503.413209,0
FancyCrazy,1642.000000,1
kektak,-419.395993,1
akusyounin,1571.213033,0
300iq,2822.900421,0
SugarDragon5,1569.870535,0
Bwambocos,1524.344793,0
Hiasat,1890.638159,0
nomi,1240.870535,0
komori3,1411.485199,0
yash2406,1327.812801,0
lrmystp,2028.817446,0
Daniar,1718.989028,0
iwakiriK,1021.900421,0
ljupche98,1712.000000,0
mhrb,864.126235,0
uwfdai,1572.344793,0
Em00n,1692.126235,0
ecto0310,940.011909,0
shibh308,1683.213033,0
EliteWantsYou,1948.413209,0
yoshnary,1630.320227,0
Moon,1566.027256,0
asdf1,1136.213033,0
hirata0517masato,1314.303214,0
ttsuki,1621.932288,0
tanishi14,1141.989028,0
Noimin,1665.979853,0
Ryo2016,1570.210085,0
misosoup,1344.213033,0
walkre,1895.131879,0
streifi,1403.731832,0
tatt61880,1641.057553,0
banboooo044,1320.318592,0
Stump,1797.413209,0
prateek0602,985.832003,0
koikotya,1541.688314,0
hide1214,1380.098770,0
Gloid,1790.000000,0
nobody,1258.485199,0
bplain,764.501442,0
hjw,1659.011909,0
Daylight,964.399326,0
tancahn2380,1542.817446,0
mukadenodaiou,1251.479721,0
kou65536,1254.200315,0
saku630,1205.479721,0
shiita0903,1359.216449,0
aymanm419,1318.731832,0
miozune,1089.027256,0
ayumuhack,1134.620761,0
gumfum,1416.485199,0
toame,1477.141232,0
tokumini,1597.307199,0
Tenuun,1889.812801,0
shi,1211.131879,0
kuretchi,1434.494528,0
peticaru,1500.615456,0
cinnamoroll,1281.027256,0
nicklaw296,1485.078518,0
baito,1277.083407,0
Katya_Kamaz,1553.620761,0
Thistle,1601.481577,0
kenta2997,1272.485209,0
PrinceOfPersia,1166.136066,0
tanba,1158.303214,0
Shinjirow,1132.879232,0
kjnh10,1425.638159,0
AT274,1324.280410,0
youluoy,786.485199,0
snow39,1126.638159,0
hrt9092,1062.485199,0
hs484,2126.817446,0
Shabdan,1139.399326,0
ganariya2525,1190.638159,0
syarai,1625.620761,0
playroller,816.330762,0
minus9d,1792.307199,0
ponponpainful,1053.812801,0
kenji1203,1178.399326,0
mosmos21,1278.303214,0
jimmy1810,1397.731832,0
private_yusuke,1024.989028,0
torus711,1816.341348,0
pengin,1195.200315,0
utsumi,1249.870535,0
Fu_L,913.330762,0
noconocolib,1279.870535,0
yukiteru,1255.243056,0
idsigma,1242.900421,0
schwarzahl,1726.078518,0
anmichi,846.832003,0
patahene,1168.501442,0
shunsasa,1120.344985,0
novemura,1531.730468,0
ikasashi,1705.730468,0
arc,1274.730468,0
rsalesc,2524.126235,0
hagyu_aya,1563.057553,0
KazukiMH,1416.663890,0
f_t_ikt,1157.415338,0
shiboy,1296.216449,0
Ryoga_0212,1459.485199,0
lcclcc,1413.126235,0
kakkohatena,783.638159,0
minority169,1788.812801,0
zuritaka,915.832003,0
avi892nash,1486.812801,0
drone4888,1079.620761,0
Fairuzi10,1724.027256,0
nickluo,1570.344985,0
daleksprinter,943.812801,0
nitesh_gupta,1757.126235,0
Kats,1057.330762,0
BlueCat,1340.731832,0
ziphil,1535.663890,0
coco18000,1519.730468,0
etoilevi,927.688314,0
kurokoji,1064.916334,0
scor,1529.793473,0
mencotton,1306.916334,0
iakasT,1596.136066,0
JovanB,1729.000000,0
ChiyosBigDragon,976.663890,0
tmg_58,1966.399326,0
rmizuta,1087.663890,0
kingyo,1488.907303,0
Holland_Pig,949.344985,0
txmy,1253.027256,0
yftv6203,627.900421,0
simkaren,1436.330762,0
Luzhiled,1781.793473,0
packer_jp,1797.479721,0
shakayami,1536.415338,0
Siry,1249.730468,0
tangent0723,1507.078518,0
snowcherry,1560.663890,0
sidebook37,1734.213033,0
KirinBill,1724.098770,0
NapierJP,1052.832003,0
MATSUMAT,1156.485199,0
apolopt,1039.303214,0
yg6095,1048.485199,0
Stresshoover,1666.485199,0
grandmixer,1014.989028,0
kuri_sakana,1047.308667,0
rrf,855.344985,0
Noontide,2293.413209,0
kodamune,1279.479721,0
cryspharos,1734.663890,0
fxt,1051.027256,0
moko_freedom,1641.485209,0
bharatkhanna1995,1952.932288,0
hotsnowspring,1210.083407,0
nemu_sou,980.900421,0
butanokakuni,1033.200315,0
wololo,1831.731832,0
woyuki,432.515354,0
lucasr,2060.000000,0
Hide1204,1062.663890,0
kojiji,1482.126235,0
petrouchka,947.098770,0
Nima10Khodaveisi,1545.399326,0
npz35,1373.276467,0
miku,1253.932288,0
kawazu,1294.688314,0
hakomo,1889.485199,0
skjmp,1105.494528,0
sahilbansal17,878.950290,0
hosseinmasoodi,1465.413209,0
mine691,855.344985,0
ysakasin,1328.688314,0
Trote,1878.136066,0
Atomic,752.879232,0
vishesh_345,953.344985,0
quantu_zo,1331.429013,0
TakaakiUmedu,1738.213033,0
YXH_XianYu,1426.812801,0
azaika2098,1506.213033,0
task4233,1282.200315,0
BurnEtz,1210.303214,0
homesentinel,1788.344793,0
ikd,1353.223922,0
TOBO,1187.303214,0
xlight789,1062.784591,0
monman53,1727.579863,0
Ksaw,1727.579863,0
yuki013,464.485199,0
kota0127,463.394914,0
M_yuhki_,601.399326,0
kaage,997.399326,0
monochro,910.620761,0
Golmol,1439.731832,0
urutom,1439.812801,0
kuromen_,778.027256,0
mkan_0141,1290.468325,0
edamame88,994.812801,0
samcompu,1050.344985,0
garipov_roma,1234.731832,0
tubotu,1017.832003,0
masu1208,851.083407,0
ukuku09,1600.870535,0
OurCreamyOne,643.306770,0
Ardi,1360.932288,0
kkasra,2045.136066,0
andrewting,1344.620761,0
Harshad,953.027256,0
earlgrey_yh,940.731832,0
inuneko6928,760.083407,0
KokiYmgch,1049.141232,0
leloy,1407.126235,0
ss16th,1300.501442,0
mizuki,1048.620761,0
coquillage,1053.731832,0
budoucha,1023.812801,0
wanderer163,1222.413209,0
ningenMe,1246.479721,0
fumiphys,1365.663890,0
nadare881,1691.320227,0
hanarchy,1180.620761,0
saisurya027,815.620761,0
a_key_bako,1006.429013,0
maple,1375.870535,0
Yosotsu,862.126235,0
mukku,1522.429013,0
doradorasuki,838.011909,0
mohuneko,1039.136066,0
bluenote,1420.027256,0
MirAc1e_aL,1102.832003,0
yta_smh17,1130.027256,0
lleo,1687.731832,0
komori1123,1324.136066,0
logic2000,430.704438,0
keima915,941.115932,0
pechpo,1966.000000,0
suntory,1080.429013,0
Rainin,1083.344985,0
kNakajima,711.659003,0
mi0,943.900421,0
bpalanici,957.731832,0
YDK_NK,1092.330762,0
Eric1028,824.485199,0
joe001,1265.344985,0
taka99,1318.731832,0
sunao,1109.688314,0
tanruidd,1393.429013,0
monkukui,1457.078518,0
hogeover30,1500.579863,0
minorin,1103.098770,0
Ashlie,1153.344985,0
chayan1,984.399326,0
cojna,1686.318592,0
Okay,643.306770,0
catoon,1318.501442,0
kema,1599.485199,0
ajinori,1294.213033,0
yamakasa,978.083407,0
doseisan,1578.126235,0
Alt3,1099.399326,0
yumechi,1224.485199,0
asuma,1434.932288,0
mint,1312.429013,0
sca1l,1518.481577,0
moxn_nxom,981.083407,0
pappagukun,1413.098770,0
JosifTepegjzoov,685.989028,0
muatotto,966.784591,0
makss,1013.731832,0
saya,1258.731832,0
RyoTei,916.620761,0
lx200159,1409.932288,0
yuuki0912,551.101126,0
juppy,1300.112987,0
nonaka,938.620761,0
hassaku_blue,909.832003,0
Nishkarsh,1359.126235,0
forfun,35.190798,0
Yukly,1457.078518,0
shariquemohd,1597.413209,0
TAISA_,1582.429013,0
tetsuzuki1115,1445.900421,0
erbowl,1123.501442,0
f1u77y,1887.989028,0
ktateish,1138.126235,0
kurenaif,1640.141232,0
aoiryuusei,802.663890,0
C20193206,321.557643,0
kknkn,830.731832,0
Tommy6,1120.344985,0
ume1925,873.731832,0
leaf2326,1073.479721,0
rabbit_TR,1900.344985,0
iTakeshi,1243.200315,0
tianyichen,1807.832003,0
nogikuchikbys,1746.812801,0
Marc_Ib,1528.932288,0
tktktks10,966.731832,0
fgwiebfaoish,902.083407,0
Ren112358,1016.846007,0
michiharujp,1205.989028,0
dlmasa,1030.663890,0
xoke,1136.320227,0
zvb7yh,1479.688314,0
KlKlKl,1429.222344,0
dogeding,1180.126235,0
udonko0516,1340.429013,0
tsniper1237,1402.243056,0
jbyxm,1289.379296,0
yusapon,1032.083407,0
alice060318,756.330762,0
kkbj,697.945747,0
tamamu,871.330762,0
kobaryo222,1383.485209,0
izumo,1030.501442,0
kanokanoka,847.083407,0
saku39,950.136066,0
nezu,740.832003,0
ys2114,890.812801,0
stretchybox,749.620761,0
konan007,684.126235,0
HCPS42,1426.620761,0
yukkuriesu,1217.126235,0
macho_uno,959.126235,0
Starry_sky,1129.027256,0
eagle_i,1127.330762,0
ryuboku,779.638159,0
knto_h,707.894227,0
daemonsoul,489.143804,0
punipuni,758.098770,0
aokatatou,925.731832,0
hkurokawa,1196.136066,0
mirachu,1113.344985,0
Sam2001,1299.413209,0
osamaki,930.501442,0
kamito,621.679881,0
osciiart,1201.832003,0
skush,1201.011909,0
glycine,1098.932288,0
dcshin,1316.989028,0
lucky3977,1275.213033,0
kyuko_haboro,1407.083407,0
tetsuya,774.126235,0
minddnim,785.688314,0
kaminomisosiru,685.487881,0
ligen131,1207.485199,0
masakam1,912.832003,0
jin_matakich,1951.344985,0
maxxaon,1915.027256,0
fortissimo1997,1345.989028,0
mo2,940.399326,0
ogit,794.083407,0
tmkshm0217,1027.832003,0
freed029,718.243056,0
lemty,1281.879232,0
eris_c,1241.663890,0
cmjb,1419.620761,0
mkroad,976.136066,0
zaki_19961226,913.731832,0
JERRY,1114.083407,0
Emgar,1380.136066,0
Evlampiy,1298.731832,0
SSK,882.730468,0
Anko,846.027256,0
tomy,804.620761,0
titia,1166.688314,0
eQe,744.932288,0
Primy,1795.126235,0
urachi0826,525.647386,0
tinytany,712.371721,0
yokofu,902.989028,0
eduidl,1351.688314,0
eliza0x,1118.078518,0
wu555,1161.879232,0
niuez,1868.900421,0
lyosika50,1435.620761,0
yuki2006,1376.344793,0
nocoder,35.190798,0
prince,1220.011909,0
mirza_bob,1207.668299,0
hhirai,928.330762,0
July,1054.731832,0
toku,1057.083407,0
Licht_Wald,891.126235,0
kotobuki,1398.479721,0
hamray,874.485199,0
red0000,1115.812801,0
C20190413,1069.136066,0
goropikari,968.136066,0
radiator,541.391877,0
cryeo,1408.136066,0
saigo,862.832003,0
chacha,296.140930,0
toyama,1240.916334,0
ncaq,636.045152,0
alavrov,1334.663890,0
Rysta,470.453428,0
nooka,1196.620761,0
keymoon,1761.730468,0
sbite,1191.932288,0
redri,629.013303,0
woodline23xx,956.200315,0
CaptainChen,1728.126235,0
vain0,1588.579863,0
gasugesu,889.832003,0
psc,1793.000000,0
DarkYoshi,916.688314,0
yhay81,1096.399326,0
lokpati_10,203.861854,0
agw02010,958.046092,0
succie,733.965242,0
ringoh72,1379.415338,0
Senzaburo,876.620761,0
chengni,913.812801,0
atmshiblesadik,517.167022,0
tako_39,679.663890,0
anqooqie,1423.044615,0
wariuni,1065.051711,0
NarenJitter,1327.136066,0
akurorein,1239.485209,0
o_kai,710.937302,0
agw,1557.320227,0
tenkyu,1065.870535,0
nps,891.731832,0
javasparrow,1140.731832,0
Nafmo2,1240.784591,0
nasunasu,1070.731832,0
m_tsubasa,1257.663890,0
bashiko,673.332276,0
sgneet,714.620761,0
tone_back,1465.879232,0
lisbun,1113.932288,0
phocom,1098.027256,0
Tlapesium,996.932288,0
mamime19,866.057553,0
paranoia888,1060.731832,0
avm,1832.620761,0
ceerrep,1491.413209,0
rishii,1311.429013,0
kage,816.989028,0
setour,1661.399326,0
achax0511,583.588781,0
Endered,1432.731832,0
lonewolfhere,593.345363,0
eikani,1628.730468,0
minmin408,655.083407,0
T_M,794.579863,0
koki1018,1173.344793,0
reej,1029.153458,0
eleven,763.126235,0
WinField95,1418.663890,0
yy4,793.832003,0
morio__,1220.812801,0
daigo,1234.485199,0
charint,980.719321,0
scotscotch,557.219135,0
clockcleaner,772.126235,0
motxx,1579.027256,0
shout_poor,977.688314,0
stkz_uq,1018.989028,0
akraa,1488.731832,0
jaus,911.485199,0
kwfumou1242,1094.620761,0
karukan,649.216449,0
maodao,819.200315,0
syunsuke,1208.399326,0
norachro,709.415338,0
unate99,357.138917,0
pb10004,1162.620761,0
stmtk,594.989028,0
blackfish,470.453428,0
Doarakko2049,804.078518,0
naipia,1197.832003,0
kilattoeruru,1202.663890,0
wheson,1161.057553,0
Zain,1803.730468,0
jiftechnify,792.338965,0
Ioler,1000.136066,0
simd,1220.784228,0
pplo_123,638.730380,0
zzzstark,1191.200315,0
garugoru45,1215.126235,0
G20202501,1284.126235,0
bombra108,948.330762,0
SpokenLib,1106.136066,0
cquzg,336.699519,0
hyamamoto277,1187.413209,0
V_Melville,1089.098770,0
Panda_hu,1146.620761,0
midishero,1124.895891,0
taq225,1079.098770,0
G20202502,1309.126235,0
LYTina_Starlight,728.331346,0
celclow,589.411094,0
idaten,1037.399326,0
Dijkstraido,1519.663890,0
akhil_singla97,381.189773,0
hi_watana,1057.403840,0
cherrypi59,1017.688314,0
chuka231,1230.481577,0
otc3,259.037113,0
HeroOfJustice,1208.812801,0
Gfy593L3,853.280410,0
jellyfish,874.429013,0
catTom,1267.027256,0
umaan,591.560464,0
keib,1102.688314,0
ashik_jiddney,570.832003,0
mo3tthi,827.387642,0
In8531,558.102456,0
tabinessie,1307.011909,0
gmstev,935.812801,0
kyuna,1227.812801,0
Ryo_145,526.956284,0
Seremo,1200.812801,0
MiuraMiuMiu,989.674919,0
tafit3,1640.932288,0
nanananakam,1234.399326,0
mochiii,774.126235,0
pocket_legend,876.583419,0
mlpj56d,511.501442,0
r_mita,1034.731832,0
nkm122726820,669.872210,0
ygg_drasil,1061.170541,0
Risebbit,1218.195222,0
TheKnowhowTitan,692.752352,0
yakata66,1018.832003,0
pshiko,1181.879232,0
c2masamichi,658.448645,0
hamadora,224.379172,0
C20193116,475.822636,0
chocopuu,476.662873,0
zekisato,821.989028,0
swunHJ,908.989028,0
TomA,720.832003,0
alumina_8,542.675055,0
Nuclear_fusion,1545.399326,0
xztaityozx,1013.088892,0
temp176,705.399326,0
su_565fx,1308.501442,0
iketyun08,435.126507,0
tang_pipi,998.868729,0
idkcoding,1564.467515,0
inaba00032,816.604709,0
mononeco,1006.126235,0
arusu,424.689287,0
C20192758,460.199644,0
kaito2280,316.086490,0
mega_yadoran,583.588781,0
signdoubt,1107.136066,0
tawawa,756.990477,0
Johniel,1712.579863,0
doctor,406.081281,0
shi2chuan1,1149.579863,0
prtoku,840.731832,0
enoken,1015.832003,0
kafuuchino,1358.812801,0
iet461,642.007235,0
Kaleidoscope,1132.126235,0
mtst1,763.663890,0
syogun,808.314256,0
rafidshahriar,387.583986,0
castomere,539.989028,0
yk11,393.930822,0
CodingKnight,706.289795,0
overcoming,891.620761,0
Bch,1346.812801,0
shinsakun,754.083407,0
plspro,833.812801,0
kubo_nits,1208.213033,0
mgmgmpmgd,989.620761,0
tallestorange,989.620761,0
Div9851,1757.501442,0
maedatt7,506.652796,0
polarbear08,800.027256,0
isihya,459.493838,0
YamaguchiT,1366.832003,0
okkn135,964.832003,0
commonch,1072.027256,0
side,756.479721,0
xrekkusu,-18.221759,0
kapillamba4,568.989025,0
hinamel,707.200315,0
GarAcT,823.781713,0
oak,539.344985,0
progrunner,1281.812801,0
sakuraiimuya,626.663890,0
cm43punk,874.620761,0
KUMAWO,1048.280410,0
tkygtr6,1419.989028,0
ruhanhabib39,1311.731832,0
KeiG,896.832003,0
utopian,1073.283788,0
ikehiro1225,613.638159,0
gaudi08,594.015700,0
tutuz,1209.485199,0
frnfnts,1400.479721,0
daiwakun,898.399326,0
Tsima,1308.731832,0
k44,668.838840,0
savio,997.812801,0
LMI,535.190638,0
Index197511,502.185924,0
llgyc,1380.136066,0
saitaman,818.832003,0
nobunobunobu,1501.812801,0
mizukurage,1091.330762,0
misora192,1191.213033,0
Roy,687.011909,0
bluemegane,948.730468,0
iwkjosec,1064.429013,0
souchan2000,791.344985,0
figuha,925.040218,0
kaito19,673.399326,0
david,1004.243056,0
Haruyuk1,1050.832003,0
Iulian98,981.812801,0
wahahawa,934.879232,0
ryota717,1026.932288,0
potsbo,996.932288,0
Rinwasyu,897.399326,0
noriok,1235.784591,0
razgriz1998,242.192849,0
saretra05,-152.810654,0
musaprg,834.243056,0
ikom,1152.932288,0
pseudo561,1072.084386,0
youjotape,1235.136066,0
usukiyamabuki,561.429013,0
Yama24,882.243056,0
o_ologn,1393.136066,0
biosugar0,673.701132,0
anshul,1184.731832,0
renoyu,620.989028,0
YayoiAyai,1293.330762,0
VTR,1383.900421,0
masas1991,1258.083407,0
i17625,280.283949,0
nazonazokun,382.333612,0
thegalang,1227.812801,0
NewErA,1469.413209,0
kumalimak,1444.399326,0
amebicComber,787.989028,0
Kerotono,1421.027256,0
ponpon05,1341.479721,0
yzhang,789.027256,0
ksp,1213.501442,0
smina,647.399326,0
kaiouga02jp,411.213759,0
s103ng,1140.812801,0
cm11_ike,507.011909,0
es135,789.832003,0
helloerasedworld,524.722798,0
HayatoY,940.688314,0
dice7077,1302.731832,0
moga,528.921931,0
liqianyu,193.194555,0
hide5stm,1004.731832,0
crycry,409.224773,0
mat_v,1191.339501,0
lagomnist,466.866465,0
keep_OC,585.832003,0
snorialoo0206_1,365.868160,0
mrkm4ntr,881.303238,0
martini,650.263467,0
rntkym,589.708542,0
zhengnan,657.663890,0
motacapla,713.208668,0
crom,616.879232,0
kouta1612,951.131879,0
dn6049949,1079.083407,0
shirosha2,1109.832003,0
npnkhoi,1446.620761,0
Shaketan,486.349559,0
bluesky999,1060.932288,0
sykwer,719.728864,0
atumari,1220.399326,0
dnek,1172.399326,0
tk555,1148.027256,0
tomboftime,1188.011909,0
pesca,773.319275,0
lobmto,67.162137,0
taketakeken10,1001.730468,0
plafie,667.126235,0
montblanc18,1100.620761,0
PIC_PIC,780.812801,0
nayuta_noname,760.832003,0
azukiba81968,673.832639,0
near0401,997.399326,0
burokoron,1045.011909,0
zy996107870,481.504631,0
mayuri2307,306.329909,0
Shota_0214,734.663890,0
Badlylucky,1290.243056,0
donalsea,668.838840,0
mmmhj2,799.007800,0
cedretaber,1321.011909,0
C20191522TL,1188.413209,0
securitecq,595.716346,0
ktakahiro2001,511.748688,0
bmtsstl,1138.932288,0
umisan,1034.078518,0
okkuu,1086.136066,0
kantohm11,1032.330762,0
cyclatp3,1268.318592,0
tpnbnk,1075.620761,0
rec,881.344985,0
tanidaiz,704.932288,0
heian,1101.989028,0
u_sho,704.638159,0
C20192413,887.670403,0
dkrqr,884.900421,0
tenetenne,949.812801,0
Fulton_P,1100.136066,0
Jason0926,52.438440,0
C622swallowangel,498.572460,0
jack,408.056905,0
asaka,1182.479721,0
hamyu,990.011909,0
bunbun1,418.582298,0
TakoKurage,1022.330762,0
maozhengxiang,558.102456,0
mikikusu,604.198101,0
usernameson,1542.078518,0
soto800,1372.688314,0
John7899,470.453428,0
Allen1223,790.989028,0
ak_shuga,570.378147,0
arounderstand,904.456082,0
amtgjw,954.879232,0
takus4649,995.535829,0
Mcpu3,555.598481,0
Sashiming,611.501442,0
NAYS,415.754416,0
takaashi,1256.136066,0
mikamitaiga,649.776447,0
noza,389.963918,0
kno75,124.448218,0
cubist,1042.620761,0
Blure_0911,197.376841,0
kaisei416,743.473222,0
carolinaus,790.932288,0
inazuma110,711.485199,0
totori_nyaa,306.815983,0
tnag,778.578268,0
Efutei,486.811436,0
tubuann,1331.136066,0
akimotty,82.304012,0
Ry0um4,945.344985,0
may_disease,136.590230,0
sk0,902.625415,0
polyphonic_code,336.944156,0
shubhi16267,937.735660,0
rayanti,814.932288,0
fujiyama,675.303214,0
ball32,590.083407,0
Autumn_A,887.832003,0
takakuwa2,1600.136066,0
neko_kichi,608.027256,0
C20193626,595.747772,0
conyo,614.203028,0
Noritamago,182.053179,0
shimapon,-257.209950,0
o8ep3,474.635713,0
iaur64,679.989028,0
rikulist,466.866465,0
C_ava,594.875597,0
rishup132,1227.136066,0
yurufuwachan,805.399326,0
care0717,1108.731832,0
hnakashima,685.319161,0
myoi0905,842.083407,0
kiyokiyo,1331.413209,0
prime1019,1204.027256,0
renjikari,780.118305,0
popolo5555,879.027256,0
proteasome,1155.126235,0
kzvd4729,1586.344985,0
mayujie,193.194555,0
hiroaki0615,944.243056,0
raven38,1443.663890,0
yaxkinasx,1055.501442,0
spipipike,1132.730468,0
takoyki3,558.605618,0
xenon_chem,97.030652,0
A_kirisaki,698.482028,0
jell,1542.812801,0
hnust_ZRR,899.638159,0
CS_LYJ1997,2014.620761,0
mitsuba,209.831776,0
rhincodon66,610.773592,0
masako,306.329909,0
rafaelcs,1338.011909,0
shosinsha,956.501442,0
poiuy,698.661610,0
tnakagawa,1065.399326,0
huwamoko,60.352660,0
Altair626,1043.900421,0
shahidul_brur,980.719321,0
tMorriss,525.458706,0
define,753.126235,0
ytakata69,1285.126235,0
naoki1030,998.399326,0
lavender730,1249.429013,0
laft,927.522339,0
yuki_,1080.330762,0
hiramekun,827.731832,0
LeonJoel,1018.620761,0
gomatamago,638.622165,0
WDLzG4xkLyBl7mKk,1085.136066,0
charliez0,1329.812801,0
koitan,424.689287,0
hrOarr,1394.126235,0
ManaoCode,259.037113,0
ggl162,974.057553,0
dddsg,550.332513,0
shinonome,583.625506,0
watatann,449.485961,0
toshi17,998.663890,0
suzukisan_love,670.688314,0
mutuhuhihusenonu,901.126235,0
ytoku3,1163.330762,0
my_blue_luck,1225.812801,0
log_K,386.565215,0
zhuhanhua,913.731832,0
khksmt1999,702.126235,0
reitetsu,660.037334,0
obata0430,902.344985,0
IHR57,880.128494,0
fickleness,406.642712,0
steam1523,253.307437,0
gifsyn,866.967415,0
letranger,1488.303214,0
NB29979,489.069994,0
rinDwrum,359.562884,0
xagawa,924.620761,0
yuta1402,1220.812801,0
daaariiich,1249.932288,0
wdkkou,757.344985,0
anning,124.448218,0
ASHIJANKEN,727.245196,0
silviase,245.155712,0
Pellier,460.335670,0
sakuraink,642.344985,0
koekuwa,805.812801,0
hamukichi,1366.481577,0
gosha,1129.084411,0
deka0106,1457.485209,0
meena69,969.663890,0
makonagix,1359.213033,0
Rosy_Head,280.283949,0
mohi,847.812801,0
kataware,598.634729,0
oka_no,827.591385,0
ikeutiakira,781.832003,0
pit611kepo3054,612.243056,0
sutoku0718,124.448218,0
shoh22,1227.126235,0
yudegaki,761.724260,0
dbftdiyoeywga,-94.302205,0
orca,1512.688314,0
torokon,1164.413209,0
iLBear,915.812801,0
Yuao_2001,1516.812801,0
subway,135.121751,0
army,406.805497,0
ht0919,221.898677,0
babingbaboom,1123.832003,0
masutech16,1056.832003,0
IHthu,520.754609,0
WaterDrop,-287.034925,0
reverd,1034.846007,0
C20192813,948.136066,0
hasia,963.501442,0
sryk,359.562884,0
TyamenL,80.006806,0
xml9shiki,951.485209,0
cohey,873.169089,0
Ozaki0509,602.017206,0
SAyanada,420.208300,0
stomita,566.148455,0
nuekodory,857.620761,0
Rall,906.083407,0
xatu0202,853.663890,0
almor,1490.136066,0
yk356,627.370590,0
Mahito,485.242214,0
Eleven_Lines,275.545493,0
penerte,844.832003,0
popporz,826.043103,0
JPnakamura,610.989028,0
cjj666,1444.620761,0
iruka,636.821757,0
DSMM,717.344985,0
harsaka,791.083407,0
aoname,693.620761,0
ma5mo3ru5,650.027256,0
kinkoman,395.022097,0
Bobby2007,310.767957,0
Vermee81,617.399326,0
moriiforfun,1423.989028,0
kazurego7,248.199834,0
kurose_th,1028.812801,0
seriru,543.083388,0
exponential,1483.413209,0
Tqk,1228.731832,0
yoshki_dsk,395.207967,0
natu,296.140930,0
empty_fine,1067.250491,0
tuahun,534.344985,0
myanta,1322.078518,0
kuroooo,561.083407,0
takurada,1045.482256,0
hirany,320.876967,0
pontsuyo,625.553406,0
iceslime1104,805.313076,0
cowkami,389.281933,0
ikazuya0201,820.344985,0
aaa01,47.366520,0
Ichijyo,680.989028,0
nekoTheShadow,1329.989028,0
sintan,563.524485,0
nerianighthawk,792.290752,0
youin123,359.113474,0
kurinko,259.037113,0
aguroshou,1087.989028,0
badassiumoxide,638.344985,0
Michiru,1010.620761,0
shukugochi,453.899341,0
hideh_1231,888.078518,0
aokabi,930.989028,0
mizutoki_,826.916334,0
ldkybe,536.475567,0
zjwl2016011304,583.330762,0
gaoka,602.017206,0
yotten3560,243.895238,0
object_1037,444.803767,0
satoshi_f,430.704438,0
dalgerok,1051.688314,0
zooy,218.852042,0
YellowYellow,2202.413209,0
shiba560,619.399326,0
a5ua,1407.481577,0
hljxy,1064.811459,0
quinoa,483.063010,0
eisuke,197.376841,0
pratyush1019,1798.000000,0
tp_hoge,888.932288,0
abcxiu,585.126446,0
sojiro_seta,1201.932288,0
hrn,226.766135,0
mak4026,1211.932288,0
teiwa18,-519.326947,0
pei166,279.960262,0
mooom,121.671558,0
mp0liiu,736.730468,0
Ytanaka1216,-534.468822,0
Cdec,800.832003,0
sh0w987,639.989028,0
aiko_chieri,750.832003,0
C20190205,530.566309,0
kinaonao,787.638159,0
udnmega,930.812801,0
InuInu3324,813.812801,0
taizoyuasa,814.730468,0
cs71107,1438.620761,0
ACCUP,1154.429013,0
aosa4054,541.688314,0
MotoAtcoder,571.048569,0
kuroneko9963,481.675776,0
abh_u,1326.136066,0
SOG,776.389071,0
elephant,909.126235,0
hibichof,531.403726,0
sugibad1412,165.770754,0
hisyatokaku,1210.620761,0
fbhou,847.763727,0
shino104,726.079177,0
kawanishi9726,880.620761,0
hostias,417.520423,0
mkane,789.688314,0
hotaru,505.390738,0
black13,484.812078,0
Naoki_M_,1571.793473,0
chino0507,200.216107,0
MZKi,126.663663,0
DeltaForce222,259.216695,0
C20172809,572.780523,0
hatotah,879.276078,0
tida11,-52.879700,0
nayuta,506.652796,0
nii,1404.730468,0
idon,929.879232,0
shiba6v,1006.344985,0
Sano98,1106.731832,0
enuken,892.501442,0
noboru,159.371600,0
jugglerkc,897.126235,0
mak1a,-472.808550,0
papannda444,-152.810654,0
lylist,1382.731832,0
blackcat369,52.066006,0
MatsuTaku,1228.083407,0
yunak,232.847048,0
hhhkrrst,897.812801,0
genzai,362.847229,0
shikame,1000.399326,0
kotorigasatori,186.288072,0
nxtgear,548.603132,0
Kawasalis,20.048922,0
IEEE1999,-52.879700,0
three_white,519.372744,0
creative_gp,749.098770,0
pira,1191.339501,0
lwl2006,668.879232,0
shinchan,601.501442,0
k41t_,443.029627,0
Osea,52.066006,0
ruddy95,484.290512,0
ehsan_sShuvo,1071.688314,0
MegaChikoritaX,457.611868,0
tcefrep_cam_ita,605.215670,0
ahdjdkddhskd,67.883838,0
shun65,33.079287,0
haruton62,576.379192,0
asoasoaso,1087.688314,0
hiroshi1432,755.027256,0
darjeeling,918.638159,0
krswrb,999.875836,0
torakiti36,-63.375839,0
haya68,526.844819,0
kttkyk,665.872177,0
YuYueyuyue,982.136066,0
azennto,33.079287,0
daruma3,242.192849,0
kjdaga2,577.009063,0
RN01,260.030404,0
Niyon,367.820848,0
Shuzaei,787.932288,0
Coki628,618.832003,0
yesbutter,1202.299091,0
kumagi,720.932288,0
tusg25,1318.620761,0
mdes,439.831163,0
semi,600.832003,0
kinonotofu,648.708258,0
hounin,586.304147,0
outlook,28.427990,0
tokumei_jp,742.057553,0
tenuto,122.356095,0
Signal,668.030565,0
Mahone1108,82.304012,0
hamakei,854.731832,0
minusj,843.812801,0
Megane_88,636.226939,0
kan24,627.127121,0
biltharesatyendr,1346.620761,0
spicymizuki,473.423989,0
zhouzhaojun,1049.462388,0
cawteh,874.620761,0
krauch,2100.126235,0
SWAco,337.611533,0
OvThAlmin,390.618322,0
LCA,668.030565,0
Shunichi09,471.548945,0
c_r_5,1096.429013,0
Tmotfl,926.620761,0
urachon,-5.766825,0
power64,722.616964,0
sd234,862.080320,0
MikuCoder,24.102029,0
welcomehome,1160.932288,0
wander_a_street,310.046403,0
yaaaaaaasu,60.893430,0
Fukumoto,489.160369,0
mon10,1386.243056,0
yamadah,853.932288,0
eddysboy,999.875836,0
Magialchemy,95.745722,0
kjys,803.812801,0
yosswi414,816.989028,0
C20193618,710.937302,0
jcy16080001,-358.112727,0
tii3,-104.429328,0
parsee1053,359.562884,0
yuzu1,545.688314,0
weaboo,844.688314,0
tome100100,900.832003,0
piyushmaurya,647.781346,0
hrtshu,946.097712,0
callman,604.832003,0
bbzl_loves_zx,305.555510,0
kamokamokamone,321.557643,0
kagicc,492.475209,0
hicanyan,726.027256,0
motisn,413.925885,0
mugen0731,-152.810654,0
nksny,-242.068074,0
bgpotato,288.886431,0
qyh15050001,-109.497923,0
ken_39,-18.221759,0
schmovic,623.504570,0
Joky_02,1493.413209,0
ken8aisa,806.214514,0
miyarchf,686.502225,0
takumi0511,44.116275,0
neetsdkasu,961.088892,0
hetakan,491.462651,0
duynm,401.707091,0
hope_ton94,1057.812801,0
yuandue,269.701580,0
sugi27,359.562884,0
Ktakuya,561.296481,0
zwu2016011052,1261.318592,0
yuya178,1859.900421,0
aaakirito,795.415338,0
MegaCha0s,637.832003,0
ghost002,836.969720,0
Sharky564,621.679881,0
pupupupupunta,765.812801,0
Battlejonin,506.652796,0
sinpoko256,-796.585819,0
ytsutsu,905.663890,0
deltatriangler,828.832003,0
sarugami,203.861854,0
keyliin0,1011.812801,0
kaisei705,96.378745,0
marso,-152.810654,0
Soeki,-152.810654,0
takenta,431.374622,0
P0chi,19.867136,0
polyphe,824.083407,0
MA,-357.140903,0
rumoisen,-807.674588,0
yopiyama,175.847023,0
peijun,-292.014501,0
gorira_banana,602.017206,0
ysys13,501.638044,0
sazzadrume,34.777330,0
SMstate,636.821757,0
kayte,489.330762,0
ta7uw,614.464637,0
doraharo,721.027256,0
atchi_coder,-796.585819,0
s1230174,460.199644,0
kottettu,95.745722,0
lpslzr17,622.399326,0
tyty0822,321.546292,0
numahha,853.370800,0
Kubota1202,-242.068074,0
bellin,-18.221759,0
hikarui,933.981985,0
dynamicI,1506.344985,0
union,186.136042,0
uukosnubeyn,52.066006,0
FLYWA,-519.326947,0
pan1070,-811.727694,0
xiaoh,714.545640,0
takenoko2940,569.083407,0
Lafolia,961.330762,0
alert0623,286.634262,0
chenchen,582.104954,0
fazerog02,387.206027,0
kinoko11,251.696770,0
nononomel,834.429159,0
Daisi96,345.142710,0
Reideen131199,3.025077,0
fgyg_zy,504.660858,0
erimiya222,-796.585819,0
tsuyayaka404,625.553406,0
ShusakU,974.932288,0
