hitonanode,2674.638159,1
pekempey,2544.132207,1
beet,2656.019840,1
satanic0258,2372.016071,1
TangentDay,2637.019840,1
mamekin,2504.870535,1
smiken,2578.276467,1
sansen,2182.243056,1
tempura0224,2552.303214,1
yamunaku,2229.078518,1
liouzhou_101,2284.213033,1
tatyam,2282.870535,1
chocorusk,2409.216449,1
betrue12,2486.900421,1
riantkb,2582.341348,1
kort0n,2506.415338,1
Geothermal,2567.136066,1
mengbierr,2042.501442,1
luma,2190.088892,1
juckter,2355.000000,1
arknave,2053.027256,1
kimiyuki,2434.303214,1
ryoissy,2393.201523,1
kotatsugame,2289.793473,1
abisheka,1912.280410,1
rickytheta,2815.096374,1
hitman623,2217.663890,1
tubuann,2225.415338,1
CrafterKolyan,1807.136066,1
alexandraudr,2068.126235,1
koikotya,1861.784591,1
GidroOttenok3797,2150.083407,1
uwi,2973.481577,1
noshi91,2501.051711,1
Aquarius,2757.344793,1
StarCuriosity,2077.688314,1
sumitacchan,2374.200315,1
kmjp,2804.642578,1
cos,2180.083407,1
popovicirobert,1979.429013,1
kotamanegi,2302.030240,1
mikit,2096.078518,1
risujiroh,2334.485209,1
imulan,2166.057553,1
Misteer,2224.320227,1
LODB,2164.832003,1
kuuso,1813.063228,1
cotton100pc,1698.485209,1
flashmt,2234.812801,1
Ultrac,2084.136066,1
drken,2434.318592,1
mangolassi,2630.620761,1
gratan,1711.501442,1
monolith,2271.579863,1
socketnaut,2635.344985,1
stefdasca,1625.932288,1
TMJN,2156.216449,1
shinike,1964.243056,1
LKC314,1918.000000,1
yamad,2176.107084,1
MMNMM,2227.118984,1
JWoong148,2198.399326,1
TAB,2022.056905,1
JKLover,1410.399326,1
mhrb,1802.216449,1
xuzijian629,1919.485209,1
NOSS,1760.320227,1
potoooooooo,2081.057553,1
primenumber,2173.479721,1
spica314,2022.276467,1
kzyKT,2016.016071,1
ymch1905,1668.200315,1
Adibov,1659.126235,1
x20,1863.010544,1
makecir,1699.141232,1
btk15049,2445.881746,1
nxteru,2206.817446,1
ransewhale,2028.210085,1
cs71107,1500.083407,1
sarthak1220,1829.126235,1
amyu,1524.213033,1
physics0523,2162.041483,1
merom686,1982.056905,1
claw88,1938.070254,1
startcpp,2137.022045,1
dividebyzero,1862.501442,1
idsigma,1835.793473,1
antguz,2175.731832,1
gxy,1928.812801,1
TanakaTaroh,1722.485209,1
Neos,1842.688314,1
enjapma,2002.817446,1
FMota,2039.817446,1
knk,1916.846007,1
ichyo,2282.881746,1
snow39,1797.210085,1
maze1230,2217.096374,1
keima915,1754.663890,1
skiqetx,1641.932288,1
mechanicalpenciI,2440.098770,1
aquaCpp,1777.098770,1
hs484,2090.210085,1
chintu,2031.731832,1
decodetalker,1739.136066,1
nebukuro09,2192.520399,1
treeone,2072.037334,1
Ti11192916,1781.276467,1
selpo,2065.494528,1
kazunetakahashi,1954.046092,1
ngtkana,1992.429013,1
chaemon,1995.793473,1
pngn,1894.078518,1
keymoon,1970.660975,1
leaf1415,2346.088892,1
fuppy0716,2342.870535,1
jp3bgy,1565.243056,1
glia269,1330.879232,1
huwenbo,1668.932288,1
ymatsux,2161.200315,1
kenkoooo,1925.979853,1
yswness,1587.620761,1
ei13333,2291.016071,1
aniket9465,1934.098770,1
kusano,2002.421465,1
emthrm,1937.638159,1
shogier,1392.011909,1
hamko,1816.714047,1
masterstroke,1883.832003,1
pedy4000,1944.620761,1
ttttan,1854.216449,1
ritick,1762.688314,1
chasedeath,1956.000000,1
AnandOza,2095.932288,1
maspy,2219.399326,1
yumeno_ukihashi,2300.126235,1
Gear,1893.276467,1
dorijanko,1871.330762,1
atsumumiya,1306.126235,0
aaabbbcccddd,1977.534694,0
mathda1,1677.485199,0
Dup4,1739.330762,0
cinnamoroll,1998.320227,0
cn449,1629.098770,0
crane496,1428.126235,0
algon,1898.341348,1
fine,2046.096374,1
drogskol,1907.078518,1
firiexp,2023.485209,1
aryanc403,1901.083407,1
you070707,1725.879232,1
ninja7,1916.056905,1
yudedako,1848.870535,1
Ashishgup,2037.318592,1
imbr92,1624.932288,1
hiromi_ayase,1986.201523,1
ikatakos,2058.714047,1
FF256grhy,2101.016071,1
CandyBar,2047.731832,1
syak,1361.879232,1
nu50218,1762.078518,1
commy,1602.070254,1
sys,1881.620761,1
suiyuan2009,2113.916334,1
spihill,1701.057553,1
ar90n,1381.083407,1
gojira_ku,1803.216449,1
ezewin,1654.415338,1
lacitirc,2240.812801,1
siotouto,1915.213033,1
torus711,1700.063228,1
Ka_Bar,1538.506360,1
niuez,2009.494528,1
Gacho_0716,1741.916334,1
nagiss,2018.057553,1
farmerboy,1745.832003,1
uzzy,1967.415338,1
verngutz,1603.027256,1
spawn,1812.011909,1
HNN_8127,1695.688314,1
caesar2001,1601.620761,1
leign,2455.248811,1
SamAnd,1911.399326,1
shahraaz,1294.011909,1
Tsuta_J,2016.307199,1
convexineq,1893.817446,1
qisnotnq,1653.730468,1
m_buyoh,1641.005043,1
hiratai,1947.243056,1
Hirosesesese23,1578.481577,1
dn6049949,1650.900421,1
kibi62,1672.078518,1
flyce32,1571.731832,1
fragusbot,1888.131879,1
ami,1983.344985,1
vain0,1798.578268,1
torisasami,1728.303214,1
walkre,1835.223922,1
yaketake08,2261.534694,1
ha15,1984.638159,1
Jeremy_Zepto,1590.429013,1
roto_37,1735.063228,1
ytkn,1812.243056,1
pqwmL769,1663.501442,1
Alt3,1833.141232,1
ckxkexing,1800.000000,1
kcvlex,1857.421465,1
ZPAYAUR,1984.000000,1
dAi00,1701.415338,1
mathlegosuke,1795.088892,1
ChiyosBigDragon,1478.660975,1
veqcc,1897.916334,1
oshibori,1674.056905,1
yehara,1684.011909,1
hagyu_aya,1460.344793,1
bigdekopon,1995.213033,1
MagicSpark,1860.832003,1
toa2525,1946.793473,1
toto0121,1552.688314,1
purple_jwl,1633.832003,1
kagasan,1970.879232,1
remin,1879.063228,1
xuziyuan,1536.318592,1
nuts,1490.900421,1
exqt,1684.415338,1
SJoshua,1603.136066,1
Rubikun,1618.932288,1
patahene,1290.303214,1
sekiya9311,1651.037334,1
ChestnutRice,1804.098770,1
hir35,1262.429013,1
ZhihuiLiu,1406.620761,1
torimy,1222.620761,1
Milk131115King,1796.000000,1
joulej,1543.812801,1
a_vegetable,1953.000000,1
yuki1997,1817.485199,1
Firezox,1962.000000,1
hkyiitd,1515.136066,1
flyio,1126.027256,1
rafaelcs,1697.479721,1
AQT,1801.330762,1
IgorI,1913.812801,1
moritaoy1128,1679.429013,1
sasakuna,1543.330762,1
Endered,1729.501442,1
sash0,1568.730468,1
kingyo,1215.415338,1
ecasdqina,1825.421465,1
Ameiyo,1202.299091,1
kazuki_matsuda,1308.344985,1
Ricky_pon,1450.900421,1
ad_1608,1850.413209,1
brainfxxk,1781.832003,1
c7c7,1825.030240,1
hongzy,1600.000000,1
nmnmnmnmnmnmnm,1817.063228,1
Risen,1324.051711,1
Nachia,1531.620761,1
Saker_Z,1282.812994,1
AllenWalker,1637.620761,1
cympfh,1752.216449,1
blue_jam,1916.011909,1
wa007,1610.126235,1
wotsushi,1887.501442,1
hide1214,1865.051711,1
user14767553,1898.812801,1
mjtai,1569.344985,1
hati,1478.688314,1
mblazev,1628.126235,1
fal_rnd,1570.118984,1
Xavskia,1293.712851,1
KazukiMH,1705.318592,1
leashptntl,1830.213033,1
tran0826,1610.501442,1
mori08,1586.078518,1
arosh,1584.730468,1
Kiri8128,1963.485199,1
cutmdo,1872.479721,1
ryoryoryo111,1663.078518,1
wery0,1664.136066,1
juppy,1619.243056,1
idaten,1518.057553,1
rhincodon66,1401.131879,1
arktan763,1407.083407,1
clavis1107,1659.318592,1
Johniel,1535.344793,1
torokon,1252.485209,1
hana,1286.141232,1
sansaqua,1849.200315,1
frozenlib,1584.320227,1
ArturSocha,1670.846007,1
yana87,1753.714047,1
Ashurnasirpal,1771.303214,1
mds_boy,1701.344793,1
kumalimak,1475.011909,1
kkktym,1355.479721,1
bomac1,1874.817446,1
lavender730,1556.131879,1
mencotton,1682.714047,1
komori3,1444.318592,1
yuji9511,1624.916334,1
NTargon,1202.083407,1
balsa_knez,1597.620761,1
schwarzahl,1820.534694,1
akusyounin,1814.846007,1
moxn_nxom,1508.916334,1
syawacha,1532.429013,1
emak,1730.141232,1
iwashisnake,1911.088892,1
cyan,1783.131879,1
k1d,1731.501442,1
kilattoeruru,1406.579863,1
Fugitive,1408.785680,1
stkz_uq,1243.216449,1
spar5h,1934.344985,1
arounderstand,1302.479721,1
jupiro,1347.098770,1
neterukun,1583.098770,1
habara_k,1892.579863,1
UminchuR,1889.057553,1
hirokazu1020,1957.107084,1
kanpurin,1409.663890,1
yu3mars,1673.078061,1
baito,1565.579863,1
kkty,1806.730468,1
monkukui,1761.642578,1
cexen,1495.200315,1
tanakh,2082.468325,1
ningenMe,1729.210085,1
plcherrim,1785.131879,1
harmokey,1768.307199,1
tomboftime,1609.141232,1
kamojiro,1403.078518,1
KowerKoint,1201.330762,1
kiyokiyo,1407.501442,1
makkunda,1228.452194,1
amanuko,1735.280410,1
n4o847,1712.916334,1
heno239,2474.784591,1
shino_sky,1183.344985,1
wakax366,1473.126235,1
aporo,441.759174,1
nadeshino,1591.916334,1
zacsif,1827.989028,1
TakaakiUmedu,1558.660975,1
muuchan,1491.083407,1
tute7627,1666.663890,1
batsumaru,1322.083407,1
shakayami,1923.660975,1
edamame88,1325.579863,1
vyomkesh,1818.812801,1
homesentinel,1910.070254,1
hoxosh,2018.468325,1
yatuba,1675.485209,1
shot,1682.468325,1
DomiKo,2232.413209,1
iica,2013.344793,1
lrmystp,2009.344793,1
tokumini,1862.016071,1
asamas,1141.415338,1
Gobi,1602.784591,1
wafrelka,2511.638159,1
Owmicron,1447.731832,1
Hiden,1427.686834,1
eye_engine,1280.620761,1
grayf,1458.320227,1
okkuu2,1618.989028,1
rika0384,1546.248811,1
cherrypi59,1655.784591,1
drd93,1810.932288,1
daiwakun,1477.303214,1
garnacha,1749.118984,1
tomarint,1412.485199,1
Dreamzls,1479.557963,1
BaGaJong,1490.225262,1
sumoooru,2050.013017,1
fetburner,1529.846007,1
zln,1247.344985,1
khir,1764.879232,1
saiton03,1277.832003,1
yuiop,1811.041483,1
progrunner,1454.083407,1
kakira,1584.916334,1
kema,1731.318592,1
togatoga,1597.870535,1
kenken714,1871.098770,1
Izeed,1628.000000,1
qLethon,1594.817446,1
k111111,1854.479721,1
minus3theta,1796.131879,1
hiro116s,1984.318592,1
mizinnkotaisa11,1503.429013,1
zukash,986.812801,1
infrub,1748.083407,1
dinesh_12345,1338.399326,1
rsk0315,1958.642578,1
yetnone,1450.429013,1
chocobo,1703.276467,1
set0gut1,1830.330762,1
ks2m,1476.638159,1
youenn98,1599.027256,1
yukarinoki,1496.879232,1
Sen,1345.213033,1
eikani,1621.280410,1
Jokerq,1667.000000,1
sensaur,1300.932288,1
snowhork,1408.213033,1
se1ka2,1610.011909,1
otera,1155.027256,1
matsu7874,1779.481577,1
phocom,1633.131879,1
youjotape,1800.098770,1
Salmonize,1327.688314,1
yuruhiya,1369.415338,1
mikecat,2205.688314,1
psmf1,1462.200315,1
takumi152,1564.330762,1
sinatori,1667.330762,1
moku,1770.027256,1
coco18000,1853.303214,1
RMQ,1798.051711,1
carrot46,1559.344985,1
Elegant_Vampire,1465.810905,1
straycat,1196.620761,1
K_274,1515.027256,1
senritsuki,1196.027256,1
takeo1116,1631.276467,1
yamakasa,1190.916334,1
nishionyama,1654.879232,1
wat_shun,1336.688314,1
ojjiy,1406.812801,1
ytakata69,1235.663890,1
xuelei,1729.243056,1
ktr216,1607.485199,1
orthodoxparadox,1854.812801,1
Nyaan,2042.832003,1
Mn619,1331.620761,1
katom,1344.330762,1
sako0384,1701.485199,1
waffoo,1422.485199,1
Ruloch,1510.429013,1
mochigome,902.812278,1
rscodes,1351.638159,1
cuthbert,1543.216449,1
babingbaboom,1278.688314,1
hope_ton94,1170.320227,1
kemingsurface,1497.879232,1
matsukin1111,1258.330762,1
Soetdit,1688.000000,1
cjt2004,975.740901,1
Vergara,1975.136066,1
howeverforever,1356.989028,1
traymihael,1355.011909,1
MatsuTaku,1241.078518,1
nakaken88,1119.688314,1
RTnF,1543.620761,1
spellstaker,1349.989028,1
simamumu,1695.344985,1
yumsiim,1707.141232,1
Tqk,1524.141232,1
takoshi,1909.846007,1
incurable,1418.098770,1
jdh,1487.011909,1
takkyu,1217.932288,1
stretchybox,1445.916334,1
XRQimagin,1541.083407,1
scat,982.126235,1
rinzu,1498.320227,1
schwarznecken,1374.663890,1
tada,1307.200315,1
iosink,1268.330762,1
o_ologn,1500.344985,1
NaomiatLibrary,1497.663890,1
MizukiHashimoto,1136.098770,1
kasahara2000,1812.011909,1
KIT_,1146.932288,1
fockl,1640.879232,0
seica,2003.341348,1
Lafolia,1507.210085,1
fgwiebfaoish,1435.870535,1
mihai50000,1368.330762,1
ttsuki,1706.429013,1
jnarutoj,1274.136066,1
zaher,2400.000000,1
Tomii9273,1433.200315,1
i7_yoc,1808.320227,1
T1610,1895.016071,1
bucchi8,1233.501442,1
calc,1310.200315,1
kr,1464.318592,1
m_tsubasa,1938.784591,1
paulzrm,1271.415338,1
plus_kyoto,898.501442,1
AmEr_Tinsley,1274.413209,1
XzA_2123,1534.688314,1
zJack1342,1170.413209,1
recurze,1384.620761,1
yuma220284,1504.011909,1
sekaruru,1265.932288,1
Gajumaru,871.731832,1
AokabiC,1629.051711,1
kalevala,1270.027256,1
toshihoge,1866.429013,1
code_name123,1066.663890,1
obata0430,1298.485209,1
kyoto,976.900421,1
shugo256,1612.098770,1
asdf1,1415.210085,1
SorahISA,1558.011909,1
xlight789,1303.468325,1
Badlylucky,1559.481577,1
ganmodokix,1537.479721,1
ganariya2525,1656.534694,1
akul,1318.720993,1
Slow2Determined,940.936350,1
KuroUron,1090.663890,1
s496t,1433.344793,1
kotobuki,1492.494528,1
MintChoco,1371.501442,1
vrqq,1375.213033,1
emanon001,951.501442,1
rk222,1452.485199,1
digcboy,1193.663890,1
destiny_son,1320.736111,1
kawaikochan,1265.399326,1
Okay,1491.141232,1
DM7PvTyc,1338.098770,1
woodline23xx,1546.344793,1
willofhare,1141.027256,1
kazu1,953.812801,1
ryna4c2e,1142.932288,1
kmatsunaga,1536.784591,1
Gary,1403.126235,1
okaduki,2096.248811,1
Gankutsuou,1344.413209,1
yoichiro,1439.989028,1
meimon,1302.620761,1
usagi4430,975.663890,1
bonker,474.635713,1
wizist,1533.932288,1
CHENRUIJIE,1067.663890,1
furuya1223,2120.118984,1
zylzyl,1453.413209,1
shioshiota,1695.501442,1
npz35,1354.017856,1
toyama,1392.468325,1
cygnus,1037.620761,1
zhn666,966.101880,1
cszclin,1463.932288,1
henrybear327,1459.812801,1
nobility,706.289795,1
naoya_t,1812.131879,1
swkfn,1063.303214,1
petite_prog,1177.501442,1
Yoshiakira,916.131879,1
ogura01,1313.663890,1
nikutto,2342.379296,0
rodea_0952,1467.141232,1
sachin208,1019.528911,1
yasai03,1331.051711,1
huas_Huah,1914.136066,1
yupiteru,1559.832003,1
takecian,1221.485209,0
tkmtSo,1808.812801,0
ruterute1,1794.200315,0
soto800,1288.879232,0
yuya178,1675.660975,0
mod_poppo,1645.688314,0
shun0923,1614.989028,0
benl,1509.932288,0
Bondo416,1028.916334,0
NASU41,2033.714047,0
ose20,1328.243056,0
doradorasuki,1102.494528,0
HeydarBABA,1264.413209,0
Mayimg,1548.479721,0
glucose,1620.011909,0
deoxy,1945.088892,0
sonotaro99,1133.027256,0
akariki,1277.415338,0
Katu2ou,1292.663890,0
yakamoto,1650.243056,0
tspcx,2026.307199,0
yusuke0518,1220.730468,0
mizukurage,1476.534694,0
k_k_hiroki,1474.663890,0
harady,1371.051711,0
lzoilxy,1263.731832,0
Kevinrobot34,1406.027256,0
wheson,1398.642578,0
rimol,1114.429013,0
kyomukyomupurin,1096.479721,0
Clamperl,1607.989028,0
c1729,1390.027256,0
CHOHCOOH2,1281.688314,0
hiroebe,1208.932288,0
sanket,1624.731832,0
letranger,1392.642578,0
mosamosa,1089.213033,0
peroon,1328.141232,0
morio__,1708.216449,0
wlalala,1126.663890,0
hanaoka_,1439.083407,0
Sashiming,1376.344793,0
smail88,955.083407,0
Yoshimura,1286.730468,0
tabr,1497.078518,0
meruru,1438.126235,0
ark27,1142.579863,0
ikom,1576.141232,0
MiuraMiuMiu,1679.141232,0
rutas123,1576.485199,0
mo3tthi,1336.078518,0
Tendaysago,1229.714047,0
Bloody_Yulii,1415.730468,0
kento_kun,1065.989028,0
SPD_9X2,668.103444,0
mohudrum,1495.429013,0
Shun_PI,1940.216449,0
mohuneko,1403.879232,0
ue1221,1248.879232,0
satoooh,993.083407,0
huma17,1401.900421,0
aajisaka,2139.098770,0
titia,1912.481577,0
anmoliiitd,1765.501442,0
nagitaosu,1495.989028,0
ikazuya0201,1368.318592,0
whisper0077,997.027256,0
bbzl_loves_zx,772.399326,0
yuki228285,1203.688314,0
takamiyaatusi,1100.879232,0
pnnc205j,1217.479721,0
mimtari,1064.083407,0
dhgrs,1327.879232,0
takumat,917.688314,0
kiron,1198.330762,0
grvehomju,1684.501442,0
daikimatsu06,1145.083407,0
gekko,1117.344985,0
sykwer,1704.078518,0
toame,1664.468325,0
mono1120,1070.501442,0
Kakusuko,1659.832003,0
nindo,1510.812801,0
macaroni,1645.429013,0
KaigyakuRoushi,1262.126235,0
rstoick,1885.200315,0
mich,1608.344985,0
kshitij_07,1101.620761,0
nesya,1484.784591,0
prd_xxx,1653.307199,0
coder_penguin,863.083407,0
myoi0905,1329.131879,0
Ry0um4,1178.485209,0
spinute,1499.330762,0
yuto953,1534.479721,0
daiju,1467.318592,0
Ryo2016,1894.078061,0
suikameron,1617.415338,0
Jeanette,1486.136066,0
Fu_L,1404.784591,0
uhiro,1119.832003,0
KharYusuf,1695.000000,0
sintan,1061.078518,0
tsugitta,987.136066,0
toot_tatsuhiro,1343.429013,0
Verly,1024.971172,0
horiso0921,1130.501442,0
hiroaki0615,1407.341348,0
motoki1,1052.083407,0
cplusplusonly,1677.663890,0
tasogare66,1001.083407,0
m_99,1801.485209,0
Roy_R,1450.663890,0
MotoAtcoder,1132.870535,0
thash,1145.078518,0
izumo,1631.280410,0
eityans,1187.429013,0
tRue,1316.485209,0
lemon_,1339.429013,0
Zu_rin,1187.688314,0
aleutra,1195.429013,0
saharan,1887.870535,0
tonegawa,1329.485199,0
husong,1600.000000,0
togekko,1151.344985,0
kojingharang,1569.916334,0
KujoKaren,1042.011909,0
VTR,1517.494528,0
sh_mug,1456.083407,0
smhh22,1685.413209,0
hyperion_1724,1508.344985,0
rokahikou,1088.200315,0
shi,1653.223922,0
baku1101,1343.638159,0
jun__,1070.832003,0
setsuna,1073.730468,0
yuyawk_0908,1279.688314,0
anmichi,1556.784591,0
Micc,1080.501442,0
c_utkarsh,1378.688314,0
na_o_s,1538.083407,0
Aotsuki_,1332.213033,0
AtamaokaC,1378.243056,0
conan167,868.187309,0
AK141,1204.429013,0
Bubbles,1285.016856,0
hatohato,891.399326,0
monochro,1220.303214,0
ast210,1615.730468,0
KKT89,1103.501442,0
kohtsuka,1190.932288,0
Amamori,930.731832,0
tuananh,1536.832003,0
yama2019,994.083407,0
drgripa1,1175.812801,0
ttm8761,1531.663890,0
eguchim,954.731832,0
Zray,1266.126235,0
nsasaki128,965.932288,0
Kenkoro,1129.485209,0
YU1ut,903.832003,0
Arthur_Lugh,1280.481577,0
anomuno,1370.663890,0
kenta2997,1673.793473,0
ano0406,1388.399326,0
fe8r,1153.083407,0
th90tk297,1677.088892,0
amtgjw,898.141232,0
Flkanjin,1042.344985,0
iry,1522.051711,0
KumaTachiRen,1064.501442,0
ikarostech,1074.011909,1
Hora,1621.989028,0
ataran,793.620761,0
ak_shuga,678.027256,0
PyAlpha,1631.136066,0
shirara,1388.330762,0
tkgw,893.932288,0
ryo111,847.330762,0
lemty,1266.213033,0
BoZkR,972.136066,0
cunitac,1297.485199,0
miku,1621.320227,0
nohtaray,1460.027256,0
doikimihiro,879.989028,0
erbowl,1427.303214,0
yosswi414,1361.817446,0
YIPG,1258.812801,0
mmck328,1121.501442,0
Mevirgln,1525.468169,0
sh_yama,876.832003,0
nanika,1323.318592,0
zornlemma,1640.989028,0
kazuhitot,1425.243056,0
zurukumo,1274.932288,0
Takemaro,1166.501442,0
KUMAWO,1021.024494,0
Shibungi,1604.078518,0
nadchu,1625.415338,0
redultimate,1153.485209,0
warachia,1336.688314,0
maru_de_,1448.784591,0
nzgn,1364.344985,0
yamatoumi,1096.900421,0
maxi,980.399326,0
GoldIngot,1128.083407,0
Noiri,1121.320227,0
Namazu,1404.479721,0
matsurii,802.399326,0
add_bakkers,578.027256,0
lapis_Lazuri,1431.900421,0
ponpon05,1456.660975,0
ansu2678,1009.731832,0
moffru,1382.136066,0
TiK27,1376.501442,0
vivek_shah98,1424.098770,0
chef29,1204.011909,0
cirno3153,1794.307199,0
ZollingerPython3,1627.881746,0
st2d,1248.485199,0
gksato,1847.415338,0
penpen_png,1210.399326,0
hanyu,1017.027256,0
ngs_436,1371.243056,0
matsushun,751.894586,0
takeryodayo,596.586174,0
charhan,1228.027256,0
A1977747,661.932288,0
cleantted,1300.131879,0
marble0117,1159.344985,0
outline,679.479721,0
trasta,1137.663890,0
kyabaria,949.011909,0
mmmmmmmmmmmmmmmm,1221.688314,0
sosuke115,997.200315,0
nemosy11111,1439.932288,0
polarbear08,1493.817446,0
KouMikage,1050.141232,0
proton_1602,1449.011909,0
slimepettan,1096.485199,0
karakasa,1459.638159,0
tanon710,1452.399326,0
okudeottu,1478.098770,0
blcn,1623.638159,0
butterfly1026,1467.879232,0
yutas,817.126235,0
tmg_dayo,1089.126235,0
kusomushi,1672.900421,0
gyouzasushi,974.344985,0
AlirezaKaviani,1441.413209,0
nakario,1442.879232,0
wkb89_,1673.485209,0
ntukey,723.832003,0
khanda,1033.663890,0
N45h,1201.344985,0
hnymA,830.832003,0
kiyoshi0205,1181.688314,0
fujitsubo,1321.989028,0
Imperi,1194.344985,0
elecre3038,1508.098770,0
baru8,746.083407,0
konngoma,850.812801,0
pontsuyo,1189.879232,0
lengthandditty,1357.501442,0
japanesekeigo,1268.415338,0
kinoren,892.415338,0
yn2001,589.411094,0
deep1999,1197.812801,0
cube7,1228.620761,0
mamime19,1129.181366,0
Anus1373,1611.731832,0
kimitsu_emt,1584.900421,0
fatekiti,1090.098770,0
km1216jp,935.534694,0
xml9shiki,1202.181366,0
yokofudori,1066.083407,0
mai2192,429.030923,0
Exponent,1327.812801,0
toduq,1122.785069,0
hibari2357,1245.318592,0
Naxyaso,1079.731832,0
bugged_up,1243.360752,0
Fugitsune,1107.932288,0
tokotoko7777,1196.638159,0
mikagi,1056.663890,0
ngs,1118.213033,0
fukubutyo,1439.141232,0
saitaman,1044.078518,0
windflower,1571.832003,0
okuni,1106.663890,0
siro53,983.098770,0
daichi_0224,891.989028,0
wh1t3_r0s3,1444.932288,0
null_null,1276.141232,0
obancha,990.136066,0
yuma1053,876.399326,0
spider_0859,1140.989028,0
kaage,1583.784591,0
ParkJH,866.149320,0
ysakasin,1267.330762,0
scol,1024.344985,0
TASSAN,1619.243056,0
tell0120,824.429013,0
cumin,317.677940,0
tomo0608,1448.415338,0
melonoidz,653.344985,0
hirata0517masato,1220.421465,0
arjun_9426,1328.663890,0
jumpeda,662.344985,0
iceslime1104,1158.011909,0
Kiona1018,1202.989028,0
mrashad96,1413.399326,0
C05,1142.485199,0
rainy2041,1175.098770,0
takakin,1378.083407,0
ksb,628.837750,0
mkawa2,1028.688314,0
anqooqie,1374.126235,0
Sphenisciformes,711.344985,0
muririn,1078.688314,0
Nawta,516.027256,0
azz,1204.399326,0
temp_name,1452.429013,0
mathyuuugo,1055.501442,0
Nagatuki,1061.730468,0
hrbt,1242.379296,0
tak0821,820.832003,0
maple116,1458.141232,0
takytank,1217.027256,0
masayoshi64,1457.344985,0
onyi,1404.057553,0
osushi765,824.932288,0
Alnus,873.688314,0
kwfumou1242,1619.485209,0
swips,361.471508,0
hokekiyoo,1205.027256,0
tonnnura172,1180.330762,0
readonly_true,1174.344985,0
tyamada0123,770.620761,0
poroniumu,1176.136066,0
tmhkmchd,923.083407,0
chika_haru,1364.534694,0
yuzupom,1605.485209,0
nessie,1081.213033,0
neoti,971.126235,0
taku_,673.832639,0
pruthvi_raju,1758.731832,0
kurowassann,2188.141232,0
ak9,700.932288,0
betit0919,1480.200315,0
yosick,827.620761,0
m44,1268.688314,0
kurgm,1777.200315,0
tmsick,898.932288,0
jjjjjjjtgpptmjj,1055.078518,0
ibuki2003,1449.088892,0
adarsh_7777,1365.413209,0
Ldwic03,759.399326,0
acta,1062.399326,0
wakuwinmail,1407.303214,0
kei2000,932.731832,0
itachikesh,491.510921,0
Almond,1574.900421,0
Nils_Olav,999.344985,0
awaracoder,1381.083407,0
topaz13,1047.900421,0
shirowa,1859.415338,0
t_tomo,680.098770,0
akikan0,771.325712,0
rwit,82.304012,0
kinta122,1229.501442,0
material,1085.132207,0
ariku,1162.027256,0
pod,923.638159,0
nemurice,828.620761,0
ppm_143,1151.413209,0
nyon,981.494528,0
electrocute,1021.620761,0
hase,740.344985,0
hiro142,1184.399326,0
shomu36,1138.078518,0
tks_fj,1268.330762,0
keep_OC,1376.534694,0
Sigma1023,1175.479721,0
O1O1,1049.663890,0
mattyan1053,1229.730468,0
LEE_0102,1365.078518,0
Kouch,1064.832003,0
kudo1234,1182.932288,0
hjmkt,1340.344985,0
inu_tanuki,1204.399326,0
Sawarnik123,1232.027256,0
p50p100,1103.832003,0
ndifix,1286.534694,0
FlyInTheSky,1400.832003,0
sogapalag,1751.731832,0
denkimisoshiru,772.932288,0
masatomo,1273.989028,0
wkwkhautbois,1155.344985,0
salusa,710.989028,0
HanaYukii,1693.812801,0
Zakky,1056.098770,0
recuraki,1044.126235,0
null_mn,1578.057553,0
cherry7kurai24,1671.481577,0
nksymsym,1160.731832,0
StoneDot,1314.485199,0
hi120ki,618.688314,0
hotman78,1426.832003,0
mochita,329.324878,0
AlphaBubble,642.007235,0
jackee777,536.295985,0
aoba_sh,899.620761,0
kinopee0120,563.893134,0
jgjgzgzg,473.250579,0
taishiNS,773.141232,0
mokkyu9,1528.330762,0
tato,935.429013,0
iwkjosec,1230.579863,0
kakkey1964,1121.027256,0
maguroguma,1302.243056,0
vss16996,973.126235,0
Icel,1235.975927,0
kogoro,774.460502,0
k_ashiya,1096.579863,0
renoyu,1154.714047,0
v2n,1361.415338,0
h2d5,1006.620761,0
kumpy,565.832003,0
kuromi,909.083407,0
cider,1150.213033,0
bustle0309,947.501442,0
epopaca,1235.730468,0
sugisho,1078.620761,0
shotat,1400.083407,0
yanagi3150,1449.688314,0
a1455520571,1508.234734,0
masu1208,1274.916334,0
AtomikKeo,1151.688314,0
oevl,1367.057553,0
ymduu,1300.320227,0
progfay,1121.098770,0
shikame,1011.415338,0
momohara,1114.663890,0
yatabis,820.634688,0
kzhrz,821.399326,0
takinoko,747.351456,0
kyo1,1080.243056,0
cheissmart,1606.083407,0
mnrskym0227,1243.320227,0
arasius,926.688314,0
ymg_tor,888.399326,0
weirdo,1321.731832,0
xiaoh,1009.663890,0
machida_k,1218.344985,0
wattaihei,792.290752,0
m_meles,616.171784,0
OKCH3COOH,863.126235,0
wikrsh,1236.879232,0
CX_TP,324.625392,0
prdot,475.822636,0
os_blue,867.126235,0
TaKO8Ki,440.290154,0
eeryi,1329.620761,0
smit_mangukiya,704.620761,0
kyoroid,963.083407,0
OribeYasuna,1183.638159,0
ppstp,1082.083407,0
Maluspumila,1413.620761,0
kyomu,808.399326,0
hiroeisuke,556.660958,0
Laika,1134.660975,0
Napier1550,888.011909,0
zaneyu,1268.620761,0
ruanluyu,959.126235,0
zenrosai,1170.688314,0
Ryo_145,858.415338,0
en30,1084.932288,0
take123,718.858350,0
uemt1,1050.243056,0
ymtz03,1179.027256,0
cawteh,1130.011909,0
s27_mountain,971.620761,0
hakoshie,1159.141232,0
HayatoY,1415.078518,0
Doremi,811.344985,0
qavion,946.932288,0
akiozi,1263.330762,0
Shizuku,1119.083407,0
tyauykai,773.932288,0
yapoo,1411.879232,0
Gosu_Hiroo,1492.213033,0
yahoobb,1006.399326,0
keigow,1365.501442,0
p871,722.126235,0
n_hirahara,657.555380,0
battamon,1405.399326,0
bouperson,997.620761,0
MJun21,1133.229526,0
Toshio,895.832003,0
coffee_beans,1291.098770,0
mochi32,1041.688314,0
nikuroll,663.857060,0
abctkys,689.293501,0
shimarut,1061.330762,0
takashi_o,693.399326,0
one23,517.843105,0
sonho00,1191.339501,0
pontaryagin,1500.318592,0
zume,838.832003,0
xyz600,1692.243056,0
Germanpoteto,969.344985,0
Ichijyo,1017.817446,0
kayaminm7,1022.330762,0
tenetenne,971.784591,0
kujira438x,1565.870535,0
hydraa,1499.620761,0
SpokenLib,1293.216449,0
kumejima,122.422272,0
cycle_io,1121.399326,0
Happy_Coder,1228.413209,0
qython,1171.932288,0
showhey,737.458517,0
kyon2326,1155.344985,0
myanta,1341.494528,0
tamuhey,1236.485199,0
h4l,696.126235,0
nok_nok,1050.812801,0
KouCuriosity,627.797437,0
trinoth,1180.136066,0
dualism7629,510.660159,0
toropippi,1421.989028,0
ellio08,789.832003,0
a_yoshii,1091.344985,0
pteryx,640.932288,0
ajioka,781.620761,0
zxz666,1116.989028,0
tonyu0,1009.730468,0
yonkoaman,1328.399326,0
LiEat_D,955.812801,0
mottsu,1138.126235,0
nable2251728493,1183.126235,0
rat,928.688314,0
cinnamon,622.638159,0
xiaoshizhan,1393.098770,0
tmiya0107,1071.027256,0
Altair626,1390.793473,0
nai_he,122.422272,0
jy57,802.812801,0
BlahDuckling747,1464.303214,0
nabenabe0928,574.662879,0
amotoma3,1869.098770,0
define,1581.784591,0
jam_game,1469.989028,0
koffee,1046.429013,0
rishik123,1125.399326,0
Rainin,1178.243056,0
tomozow,1050.620761,0
Monotrea,1029.688314,0
Rinscg,980.330762,0
iamaneet,1272.731832,0
ssdh233,1455.663890,0
bikkle,1007.330762,0
Squirtle,1008.485209,0
kingarp,802.620761,0
plsmin64,1119.832003,0
sioiyan,917.620761,0
hornistyf,1297.078518,0
hpp,851.932288,0
alumi,805.083407,0
ohen_ac,750.812801,0
escgreen,1132.663890,0
matchapy,1101.688314,0
netyo715,846.663890,0
kimura512,969.846007,0
Bantako,1569.846007,0
imoken241,771.932288,0
mban,1600.793473,0
utime,933.989028,0
p221,577.688314,0
tobiuo1990,1269.200315,0
shelfbow,631.739972,0
q17770027225,1079.953334,0
celeus,966.501442,0
youyin,711.620761,0
amebicComber,1321.660975,0
pappagukun,1400.900421,0
yutake2000,1328.663890,0
kmasu0,370.958119,0
iketyun08,492.429013,0
kikage,1091.663890,0
fros7_,1579.136066,0
dabokun,932.952383,0
hamuhei4869,1480.520399,0
al1ce_nanka189r,1391.663890,0
marmot0814,940.936350,0
tyahan3278,1027.485199,0
skaw,1118.011909,0
takeharak999,1361.989028,0
Liechtenstein,981.083407,0
tetora1011,1104.126235,0
In8531,997.011909,0
udhiii,1104.731832,0
subway,1261.579863,0
AuglyGlnt,1131.812801,0
new18,996.243056,0
mitchieDuho,1143.879232,0
suicla,761.989028,0
jj1guj,277.609942,0
mine691,1209.141232,0
riocloud,911.027256,0
yjgarg,430.704438,0
occhan,1317.213033,0
iuuur,863.399326,0
sharma,1285.413209,0
paruma184,1341.429013,0
deemouma,1197.832003,0
zxz520,1380.381265,0
Nekomimimi,1143.131879,0
phykmqqq,1156.210085,0
Ken_Sumi1019,1090.579863,0
TKR18,1230.900421,0
ByToN,1537.126235,0
tkbtkysms,1014.344985,0
pps,1148.879232,0
dsrkuym,444.803767,0
takumiw,799.330762,0
llzzxx,786.083407,0
bakugekitoban,-18.221759,0
koheijp,966.688314,0
nemmy,928.501442,0
dff9th,1289.243056,0
pengin,1579.846007,0
ryuan71,721.832003,0
yasutchi,862.620761,0
Kandam,964.429013,0
PearSeed,464.571452,0
rohna,938.330762,0
iekimai,989.501442,0
inlsea,843.620761,0
iwbch,529.551912,0
KawattaTaido,1309.027256,0
ta7uw,1247.870535,0
hiroshun,1021.027256,0
bansakuaoi,1237.932288,0
t310,1153.731832,0
ikd,1541.014464,0
dannygo,1289.011909,0
niwaka_senpai,962.501442,0
yousolo,1050.243056,0
plasmaeffect,1877.009489,0
dsjkafdsaf,1121.730399,0
Bison,1389.832003,0
takay,609.399326,0
nuekodory,719.663890,0
ysenoh,1329.620761,0
pointp,924.731832,0
divinediscon10t,1403.078518,0
tsubuanko,1236.200315,0
nkhanhkhi,913.620761,0
ecto0310,1340.131879,0
Jasn9,1439.083407,0
mo2,1276.879232,0
RedSpica,753.399326,0
hamako,843.832003,0
conan_0,1323.989028,0
yeye,1222.989028,0
too_lazy_to_code,944.688314,0
takuya1000,859.083407,0
muneur,1143.932288,0
rithmety,1031.812801,0
Mackentaro,777.864778,0
ROBORU,818.832003,0
avocado_kiwi,725.241464,0
kani_k,502.236608,0
kiyu,932.330762,0
lisbun,1317.318592,0
arzk,1640.730468,0
wxy33,1099.921703,0
x0214sh7,1625.118984,0
vvv,878.501442,0
lilium,1053.730468,0
godotmulfunc,1183.027256,0
morymory,982.098770,0
nuko274,1292.989028,0
taxi1729,1174.879232,0
Keno42,1203.812801,0
xish,1291.213033,0
bmtsstl,951.027256,0
nyashiki,1190.141232,0
Znfnxv,660.525654,0
ponu,1070.126235,0
masafumi,1427.107084,0
teppi,35.190798,0
aki_nave,925.126235,0
vibage,1107.083407,0
arfz,1293.415338,0
catopy,501.638044,0
polyphe,922.098770,0
qui,312.449670,0
yky4n4g1,352.027507,0
Little_Prayer,983.399326,0
tktk_snsn,660.688314,0
temp1234,1213.812801,0
noobsombra,728.429013,0
papamitra,1247.501442,0
kushu,887.832003,0
enbos,833.989028,0
one0803,1077.932288,0
wanling1212,1336.620761,0
dush1729,1551.132946,0
kajyuuen,987.485199,0
Kuri174,1138.479721,0
delta71,1276.344793,0
Yu_212,1356.485199,0
killer_khan,1228.027256,0
kussy_tessy,519.027256,0
fancy_lettuce,1059.126235,0
terrafarm,659.501442,0
heian,1134.817446,0
ptolemy,651.688314,0
u_ono,897.620761,0
Nakamoto17,1013.344985,0
nayuta13,1107.200315,0
nemoccho,659.832003,0
miozune,1297.011909,0
hkawaguc,1031.688314,0
sakata1222,229.393924,0
nfaraday,1267.036301,0
Ll0yd,219.358516,0
longtime,1088.832003,0
aokabi,1110.415338,0
mohi,964.916334,0
noman,1299.330762,0
mjf2015,403.935586,0
PATLY,698.482028,0
kametama,892.932288,0
anmitsu_553,680.152885,0
jaripan2,1228.900421,0
kakujiro,822.932288,0
kubo_nits,1638.051711,0
her0,683.340153,0
nikeya338,598.634729,0
fastriver_org,915.620761,0
rita_n,903.429013,0
shigeodayo,680.152885,0
iwata,1161.399326,0
nekonekoneoko,568.989025,0
toshikish,1001.429013,0
tamato,1473.027256,0
shreyansh,1325.731832,0
hiro5051,1202.299091,0
sonuma,931.832003,0
cot57,712.501442,0
bombra108,1274.344793,0
rynk14,431.976903,0
s0fa,1713.989028,0
Kiterai,1134.200315,0
riverswon,655.083407,0
shimbotch,979.932288,0
lp6m,1351.501442,0
ttyskg,1206.200315,0
anmt,1033.832003,0
unick,358.258639,0
lakiryt,936.730468,0
White_Green,1229.663890,0
honda28,647.359876,0
s103ng,1121.485209,0
sensu,996.399326,0
Ebishu0309,1094.078518,0
agridrama,1026.200315,0
computerbox,1113.663890,0
takeheroaf,530.566309,0
lastshogun,655.693511,0
Aloha,-357.140903,0
Mojumbo,1641.318592,0
david,1077.660975,0
eagle_owl,720.885112,0
natu36,673.701132,0
Jumpaku,896.011909,0
atsushi2550,955.083407,0
skjmp,1304.056905,0
Rail_Gun,1045.482256,0
kdai,336.944156,0
yaminote,1009.344985,0
hideo54,508.263634,0
chappychappy,807.126235,0
toufuchikuwa,776.812801,0
sryk,441.208082,0
auauauau,616.797657,0
alicek17,1229.098770,0
tanidaiz,977.011909,0
aro1,1194.107678,0
mukku,1576.579863,0
biones,871.900421,0
kametaro,1101.870535,0
ktanaka,1315.688314,0
rutilicus,811.812801,0
kuromegane,1068.057553,0
taka_katsu0411,1368.098770,0
ynoraneko,601.884265,0
fellp1,665.399326,0
toki,879.688314,0
vocatetsu,1249.501442,0
sa104,1226.126235,0
Lithium,1388.485209,0
strawhare,883.126235,0
asonic,1027.620761,0
kusarimodoki,1126.485199,0
hirohiso,940.731832,0
orion46,1298.688314,0
tamreff3290,1120.415338,0
tacoyama,899.663890,0
kokekoke10,942.027256,0
delfin,809.330762,0
gmstev,1112.688314,0
crp987,1276.413209,0
CATE,1195.344985,0
DNA1980,1231.989028,0
enboss,773.865404,0
SYHNE,899.620761,0
kawap23,1221.083407,0
permesilo,1243.620761,0
MagicalYukarin,709.088529,0
nemupm,1284.083407,0
NaokiOsako,982.011909,0
inonoa,975.832003,0
Walking400GB,770.243056,0
y0as,754.126235,0
Ktsn_ht,743.473222,0
tata,1182.485209,0
mengxiaoyan,1168.083407,0
meta_night,297.307795,0
tobari,947.812801,0
u43,1129.731832,0
tyawanmusi,1153.098770,0
ponponpainful,1308.098770,0
TomA,1108.320227,0
righttoleft1134,1498.330762,0
kNakajima,1089.485209,0
SOIVIEONE,1364.330762,0
onigawara,1183.916334,0
tac_,1105.900421,0
maguchi,1193.415338,0
crom,1005.276467,0
modiji,1478.126235,0
seriru,1155.846007,0
Power730,1765.280410,0
mint,1438.318592,0
mohamedsobhi777,1031.731832,0
cobalt1024,855.501442,0
kuretchi,1325.276467,0
AryaKnight,1124.620761,0
dickynovanto1103,1273.344985,0
Kampachi,1402.088892,0
adjtimex,1144.812801,0
hibatibati,1470.485209,0
minusj,1149.078518,0
p623,1058.638159,0
saba,1086.141232,0
karasuex54,1035.318592,0
AKaan37,1232.688314,0
maisuma,748.027256,0
dsytk7,1415.181366,0
harsaka,1182.141232,0
Powerword,1204.663890,0
totori_nyaa,1378.579863,0
kk09,1406.330762,0
yamatchan,1859.932288,0
Axelius,1224.989028,0
Osmium_1008,1316.303214,0
mkan_0141,1325.056905,0
jupiter_9,1421.812801,0
burt_macklin_,1240.027256,0
side,1068.248811,0
manuchroma,1122.126235,0
KetON,879.415338,0
noamoa16,1086.200315,0
Taran_1407,1598.620761,0
nadare881,1588.341348,0
r_mita,1236.501442,0
saku630,1346.210085,0
sly,1074.812801,0
aliencoder22,1403.620761,0
hogeover30,1436.642578,0
iet461,1275.213033,0
Myah,985.344985,0
hotsnowspring,1238.479721,0
dharmilp,1395.669750,0
masaemon,774.083407,0
rzaba,1518.173134,0
hotpepsi,1561.078061,0
rakka,670.330762,0
xryuseix,1068.730468,0
ikasashi,1643.280410,0
harshrajani460,1258.136066,0
Anmolgup,966.898368,0
toof,1212.303214,0
algmyr,1557.136066,0
hkurokawa,1504.330762,0
yoshrc,1583.415338,0
kanra824,1585.415338,0
iwaiwaiwa,927.057553,0
task4233,1170.303214,0
yohm,1299.027256,0
suzyz,1573.200315,0
Kant,918.479721,0
chomeyama,1153.083407,0
hq8398,790.083407,0
earlgray283,641.011909,0
nuhunune,1200.098770,0
himkt,755.578268,0
cfalas,1600.000000,0
alexara1123,978.243056,0
lunga,985.344985,0
phanta_stick,1258.784591,0
akshay_1,1192.098770,0
WEDGE0512,1296.879232,0
yudegaki,1146.243056,0
bio4eta,1100.989028,0
SA4504,868.187309,0
Coleball,437.983487,0
tokizo,970.344793,0
mizuki,1480.141232,0
mukakego,1092.415338,0
yashviradiya,925.040218,0
azara4,1155.213033,0
sbite,1372.579863,0
poposhang,1295.126235,0
ha4gu,1051.663890,0
rennanrocha,774.620761,0
daihuku,990.027256,0
senbeiman,828.731832,0
tsuyoshi21,856.730468,0
daut,1417.485209,0
reik,1177.870535,0
y61mpnl,791.126235,0
vichitr,1286.688314,0
qqr_i,1205.303214,0
Eulerian,776.144434,0
hthsi,906.932288,0
tmitanitky,1535.011909,0
lynmisakura,1015.330762,0
pseudocoder,1128.136066,0
Fukumoto,885.051711,0
nanatoday,1164.663890,0
henoc,1239.832003,0
Kizitora,753.083407,0
irxground,1227.688314,0
digu_J,1361.620761,0
siman,1498.663890,0
mdstoy,1153.485199,0
Chinmay,1001.932288,0
knom,1690.932288,0
ddtkra,669.415338,0
edogawasan,1068.812801,0
dtcbz,1035.620761,0
tada72,771.243056,0
inoudayo,656.501442,0
rokabo_nutttsu,882.399326,0
okaryo,1078.579863,0
m0bec,1179.303214,0
dn154,1310.057553,0
TeruMiyake,997.688314,0
nond1346,1340.344985,0
a5ua,1544.379296,0
otamay,1131.932288,0
hi_watana,1403.318592,0
albicilla,1118.660975,0
guricerin,744.098770,0
octo,1417.213033,0
syunsuke,1225.303214,0
shinchan,1216.534694,0
wwskwwsk,800.812801,0
fshuto,1062.330762,0
Lafleur,958.011909,0
doorgod,870.149354,0
masakam1,1288.481577,0
Cyber_Wizard,1161.620761,0
ir_1st_vil,960.200315,0
Apple_Boy,918.688314,0
bowwowforeach,1283.011909,0
semi,838.216449,0
mura5726,661.200315,0
haru9210,834.832003,0
moon_light,1244.318592,0
kekenx,958.429013,0
ya38djr,853.027256,0
mutuhuhihusenonu,1737.320227,0
Suhe,442.670429,0
pto8913,596.415338,0
Marutai,901.832003,0
raylyn,769.932288,0
numatanumanuma,956.011909,0
akshat_kaneria,962.136066,0
peace_of_junk,953.248811,0
Megane_88,824.879232,0
kaikey,859.663890,0
haru_muska,813.485199,0
qiuzx,884.731832,0
Digaus,1266.318592,0
matsudo840,877.768605,0
tmtm_nanana,1067.318592,0
Tommy6,1124.870535,0
ExplodingFreeze,1108.283755,0
Engelcat,861.083407,0
atustat,412.675120,0
latter0206,1450.688314,0
kichi2004,1287.481577,0
gktni,949.879232,0
amuyikam,1016.083407,0
mihir_thakkar,1159.812801,0
kenketsuzuki,898.688314,0
damekamo,1179.013017,0
isa_rentacs,1535.932288,0
motacapla,984.900421,0
meguruin,682.083407,0
qxa,1534.688314,0
szk3y,1396.730468,0
Zuc,574.083407,0
aguroshou,1240.817446,0
utopian,1277.730468,0
seigok,997.344985,0
rook0809,1350.688314,0
whistlePCR,366.431802,0
shreykaushik,1300.812801,0
codeforcess,734.870740,0
tadaren,1004.216449,0
inazuma110,1013.578268,0
m_m,1139.688314,0
preppy,1025.136066,0
mui_nyan,1281.083407,0
mak1a,621.200315,0
moshimobox,1002.989028,0
ohe18,795.344985,0
PIC_PIC,851.330762,0
haruki57,1156.413209,0
yftv6203,1036.146899,0
shindannin,1799.057553,0
manju,521.748928,0
chocopuu,1586.320227,0
conceal_mint,796.812801,0
ayatosuzuki,1212.688314,0
nicolen,958.900421,0
YwelshonionY,847.011909,0
tkyaaida,957.620761,0
lessoniana,595.027256,0
skym,873.243056,0
kw_923,798.777381,0
shiboy,1245.051711,0
tomsyd,972.485209,0
soldout,636.399326,0
hiramekun,1265.481577,0
frog2002,940.011909,0
jx6,1361.399326,0
io_voyage,682.344985,0
tunamagur0,780.812801,0
myun,1586.485199,0
jgy002,887.663890,0
kyawa,1158.027256,0
BARISU,1091.011909,0
msfmfjt,942.344985,0
pointN,1039.989028,0
yoshimasa_tk,1032.399326,0
nikita4109,1240.413209,0
ivan24,776.144434,0
CatDog456,1006.663890,0
zeny,639.661023,0
rmkt,961.330762,0
motooka,1185.126235,0
rs90004602,792.399326,0
nomi,1268.379296,0
sakuraiimuya,840.280410,0
monja,1371.011909,0
nshun,903.083407,0
taka99,1315.501442,0
reud,862.216449,0
mr_pandey,1438.413209,0
pack887,806.832003,0
season,1314.485209,0
sodefrin,1116.932288,0
zono819,355.431295,0
saio4016,1083.344985,0
tejas10p,1389.136066,0
Kanabun,731.318592,0
jiit_rishabh,1138.731832,0
Tetsuyamin,887.125757,0
shel,1254.485199,0
motu84834,440.254783,0
qsako6,1058.330762,0
takkii,1173.415338,0
arc,1432.303214,0
INvisIbl3,906.812801,0
shun65,426.971647,0
horubono,840.344985,0
sakarush,578.711782,0
yuki2006,1238.379296,0
daira4000,1273.989028,0
rinrinta121,734.663890,0
heidaertu,1311.989028,0
sarf,1079.989028,0
zeeshan_khan,1253.136066,0
ESM30,885.688314,0
Poly,1405.989028,0
lkeix_,490.677007,0
nimon,1624.638159,0
agw,1471.642578,0
kagami,687.989028,0
gomimap,803.879232,0
owata6312,789.126235,0
kerotan,1458.932288,0
sagoj0_,736.989028,0
suzieQ,873.399326,0
rad0717,162.572290,0
parsley69,1001.136066,0
kk0195736,710.415338,0
yotuha,553.243056,0
toito,955.126235,0
mi2,425.119232,0
hyusuk,987.126235,0
Octopus,1034.344985,0
tea437354,1010.479721,0
sbs20190501,898.399326,0
p_yellow,937.932288,0
codancer2000,1351.027256,0
hikky,834.932288,0
kohdai,1118.415338,0
Qdo4nb,1036.832003,0
mpkato,457.611868,0
sadykhzadeh,225.600561,0
KumaRyo4611,1123.083407,0
amota,746.083407,0
takonomura,1099.136066,0
GOI,1000.501442,0
suzuken_w,601.982029,0
tosainu,657.932288,0
yoppy,822.126235,0
kazurego7,886.415338,0
tokubi_ayato,1639.000000,0
jbyxm,1384.063228,0
espressivosubito,1707.714047,0
miotsukushi,957.932288,0
singhpriyank,624.064786,0
ani37,1056.832003,0
usagisagi,1054.812801,0
dashiishida,841.832003,0
Altina,789.126235,0
cagalliorb,870.149354,0
CleanerBot358,725.126235,0
noriok,1306.578268,0
omochi64,760.083407,0
kz_0420,885.916334,0
Nalga,920.011909,0
wayso,672.083407,0
Jerryjpy,667.432426,0
ojiso,881.812801,0
yash2407,482.620363,0
t1234,1256.098770,0
iroha168,1010.141232,0
mochiii,1173.784591,0
ilukame,771.620761,0
sumou1011,883.330762,0
harusan,1122.663890,0
tmato,894.344985,0
prateek2112,881.812801,0
shima755,985.344985,0
Down,1318.083407,0
Freddy_me_me2,848.344985,0
dicecu,909.126235,0
nanamin220,662.344985,0
stone725,1357.078518,0
corutopi,935.832003,0
shihou,775.989028,0
huyumi625,679.027256,0
noriyuki106,743.676086,0
dpez,1129.832003,0
stnae678,1186.098770,0
ygumaan,941.115932,0
Shadowline,556.116866,0
GunseiKPaseri,828.932288,0
ohtacaesar,978.812801,0
pomadev,638.832003,0
ncandy,978.932288,0
tad092626,676.083407,0
leaf_b,843.399326,0
nakamotoo,763.620761,0
odz,1094.057553,0
wisteria30,790.098770,0
Gfy593L3,854.979853,0
Einstrasse,1147.731832,0
ohken,815.688314,0
high_moctane,1016.832003,0
u271969h,1193.415338,0
toted,1103.126235,0
ken_oz,1140.663890,0
apoorv,1358.730468,0
take000,825.485199,0
wakimiko,954.578268,0
okina25,773.832003,0
Raizu,792.399326,0
sonozaki,761.932288,0
hakusye,1003.027256,0
paris2007,680.200315,0
ShataKurashi,630.610452,0
wongdark2017,197.376841,0
musaprg,908.846007,0
inouetoukyou,982.638159,0
BurnEtz,1144.280410,0
albusSamurai,942.057553,0
nekoroko,874.638159,0
nipun753,909.399326,0
Pkodama,661.989028,0
verb55,1223.638159,0
Ente,1299.415338,0
WorldPigSuperman,521.154110,0
pro_30,668.838840,0
seven_three,469.553929,0
developmaso,854.579863,0
tomotomo,1009.083407,0
ksfather,938.479721,0
fuu32,1033.088892,0
robin_aust,818.620761,0
shouth,958.083407,0
takestoone,1071.501442,0
ccppjsrb,1192.330762,0
ysfk,922.213033,0
zwu_2017010574,913.429013,0
Dente,1020.083407,0
skhiuk,884.501442,0
Cer0un0,600.083407,0
yy4,1358.481577,0
foobar98,1122.620761,0
You53,806.011909,0
tails1434,658.932288,0
colorbox,688.344985,0
rxoxixyxd,987.620761,0
tokuchi,432.537502,0
tamurin,1385.216449,0
lukamosiashvili,1426.812801,0
myoshidq,762.989028,0
ub_nyaoiix,817.812801,0
hkws,900.731832,0
yotsutose,765.083407,0
nitumeta339,973.468325,0
nishit5,790.871074,0
hsou113,748.812801,0
kafuka97,885.011909,0
shisama,473.663890,0
kenkyu46,1234.098770,0
satosansato3,620.932288,0
mamao,868.501442,0
minmin408,1083.320227,0
teacat,924.429013,0
tamihuru,1184.213033,0
invisible,933.688314,0
norimiso,1094.141232,0
hcr,1230.083407,0
Yama24,942.210085,0
andychen,1366.413209,0
kacg,932.952383,0
Noze,702.620761,0
osushi5,749.027256,0
irisu,742.620761,0
kitsan,1050.620761,0
manishjoshi394,1246.413209,0
cand,917.429013,0
tarovel4842,656.989028,0
kmg8280,876.075388,0
elaina,796.534694,0
hoper,996.989028,0
urachi0826,923.534694,0
sanadayukimura73,1144.579863,0
zelosace,906.932288,0
sugiura36,953.344985,0
imaichi1191,776.011909,0
fjhr,853.479721,0
Kevin090228,1108.812801,0
mutaito,1044.126235,0
ry3s,844.330762,0
lvchabing,315.874876,0
ak3,758.485199,0
Saiken1435,964.932288,0
xcodevn,1420.812801,0
neku,943.399326,0
edge555,1011.224115,0
Nefertiti,943.485199,0
selphie,624.660166,0
Phycook,580.832003,0
mickie,1001.027256,0
Rio850,932.663890,0
haragumi,772.083407,0
hiraku,916.832003,0
PrCp1N,774.344985,0
Yorstar,955.812801,0
rabbitknight,-242.068074,0
tdkhoa2018,809.812801,0
Johannes,873.731832,0
jellyfish,1248.881746,0
masa21kik,1056.399326,0
megamegane,921.330762,0
prem_cse,1205.136066,0
Goagle,873.399326,0
Rew,969.879232,0
suika_p,707.832003,0
rsypoz,585.774705,0
sakaki_tohru,936.243056,0
yochan,1205.688314,0
tomoyatakanashi,911.731832,0
kojiji,1267.688314,0
sparrowtail,424.668395,0
segatomo,509.465720,0
katumi,681.330762,0
txaik,587.027256,0
Autumn_A,1198.579863,0
yk26tan,849.932288,0
suma,523.926873,0
JKJeong,1430.201523,0
mozaic,709.083407,0
marimokc,731.524316,0
takey,909.098770,0
Coki628,1270.916334,0
rurito0125,657.501442,0
T45K,785.429013,0
gaidash,1006.932288,0
mb1te,934.812801,0
wald_14,575.989028,0
yoshinGO,566.688314,0
ajiseri,625.344985,0
sharmajatin741,1403.027256,0
pengincoalition,688.843008,0
Kosuke_S,763.330762,0
xoke,1410.379296,0
Samael42,583.944038,0
fmp,930.330762,0
tatuyahyahya,831.832003,0
seven_triple,271.492386,0
ryotaro,1011.663890,0
ArcaneEnergize,406.081281,0
andor,858.481577,0
tsuinatomikku,1397.485209,0
yakyuubu7,969.620761,0
sopurani885,814.468325,0
wakamasa,291.730153,0
HaveFunWP,514.687797,0
zaubermusik_i,1061.344985,0
thiele,1016.126235,0
aruatu,424.039070,0
shikachii,803.344985,0
darkcodernavv,615.678735,0
Avi1999,495.564027,0
tiginkgo,927.501442,0
zxcvbv,808.314256,0
Derek,1332.916334,0
zakio_10,753.429013,0
yssh,1411.832003,0
matsuu,877.429013,0
onetrickpony,533.344985,0
kokubun0293,1356.660975,0
sononamotom,1131.344985,0
keiouok,711.330762,0
Mahito,817.200315,0
toycode,874.399326,0
dipta10,873.006644,0
osakana11011,1216.126235,0
Taowenxiang,329.535023,0
tter4,504.660858,0
halfman,1095.136066,0
Cassin,649.688314,0
hig98ingro,1583.479721,0
ns191,657.083407,0
sensensan93,1046.027256,0
mitsuo0114,1323.638159,0
tk555,1352.131879,0
axikon,1041.083407,0
YoshiInTokyo,919.731832,0
utahta,524.722798,0
tklab,753.688314,0
hotspring,1039.566489,0
Lemon293,845.638159,0
sekitaku,820.126235,0
m_9719,859.011909,0
nijnin,1171.027256,0
equal_l2,806.688314,0
kpc8bit,589.708542,0
akihiroy,1046.731832,0
konabe,673.483978,0
Top_tosshi,423.357235,0
syakoo,900.731832,0
sugar1023,450.318207,0
mobtake,702.344985,0
yurari29,698.501442,0
b158b,1310.832003,0
Y6I,1259.663890,0
sunsy,880.900421,0
karmanord,387.727062,0
hatosabure,867.731832,0
kinetock,876.989028,0
kebus,1186.900421,0
cross32768,1181.485199,0
qucoju,516.869723,0
BetterMyGame,507.070504,0
kohkb,605.344985,0
shiumai1740,845.485199,0
Ringoame,705.832003,0
runtalos,735.620761,0
RGL,1180.399326,0
Hyado,1227.011909,0
Tarara,777.399326,0
kobyn,804.200315,0
midorigoke,808.501442,0
besood,380.177273,0
Khaled__Mahmoud,-215.032771,0
kobayan,679.517966,0
akshayanand729,988.196174,0
snow_easy,1072.731832,0
Saber,627.797437,0
lice666,863.485199,0
hiraokatmp,914.932288,0
Rei1906,817.083407,0
muscat,386.099857,0
Lienlien,846.932288,0
KobeDuu_,1125.932288,0
hakatashi,625.553406,0
hogesako,439.505375,0
tez,1097.731832,0
hild,929.027256,0
colliec,875.394711,0
Raguon,807.415338,0
nayuta,1022.579863,0
kitune,872.731832,0
kafZZZ,553.171193,0
kobaryo222,1521.280410,0
drone1973,1167.399326,0
yasuyuky,1136.494528,0
impactaky,912.812801,0
kd56,1010.126235,0
recososo,-40.905543,0
haguretetra,995.083407,0
tkdshi223,327.721645,0
AItale,573.027256,0
yuki255,872.663890,0
paralleltree,1209.083407,0
Syuko4omi,1046.098770,0
yoshishi,781.932288,0
Ribura,402.596561,0
nooka,1467.479721,0
lnvc,327.514501,0
gltlr1003,505.415338,0
Jillclaire,939.832003,0
Vandan,678.306359,0
Nifuji,1079.832003,0
nahcnuj,1073.098770,0
hogashi,579.088595,0
DapaRet,829.989028,0
huji333,619.376074,0
nh11092,580.293407,0
newsneeds,821.900421,0
Yumaski,976.501442,0
tomoyuki710,918.098770,0
yayo256,1211.098770,0
showyou41,627.638159,0
Ten_,459.312051,0
NakamotoJiro,996.027256,0
sgpenguin,551.467976,0
WB_hacker,707.879232,0
nipul1,1343.413209,0
yyatsuo,739.966631,0
done,819.083407,0
yamamayumi9489,1043.485199,0
ikr7,550.786548,0
aya_se,930.027256,0
exion,1237.344985,0
sec,582.814382,0
nhara551,1064.330762,0
norachro,599.916334,0
pyonnuka,259.037113,0
ryota717,1191.479721,0
seeking,710.323442,0
ag_kirara,1035.399326,0
nake,885.083407,0
Chl__minchang,922.083407,0
closekn,1127.932288,0
hishigam,816.832003,0
hirotaku,944.932288,0
ytoda129,740.083407,0
ssjb,667.989028,0
yoiti1185,693.067114,0
junjunjunk,982.900421,0
takamii228,774.989028,0
ankrypt,780.485199,0
hururu,1307.243056,0
Alpha_giraffe,1000.501442,0
damedesu,892.620761,0
DARKSHADOW26,751.894586,0
gokosho,936.344985,0
yonkoamit,654.418665,0
Hirekatsu,1002.136066,0
lemontea547,405.316434,0
shogokatsui,1055.832003,0
pokotsun,648.344985,0
rmizuta,1142.817446,0
zashio,820.634688,0
Ktaichi,685.487881,0
sirokome19,811.330762,0
fjordy,602.017206,0
punipuni,1064.344793,0
plonk,1048.812801,0
zekun,1116.126235,0
makkii,629.638159,0
Asibasi,1144.411957,0
masa6372,668.663890,0
hikarutakenouch,482.011909,0
rahanahu,646.663890,0
ulan4,954.330762,0
ready_player074,1059.485199,0
poripurin,984.620761,0
sinobata,24.328279,0
S_ZK,735.688314,0
earlmica,536.295985,0
zaki_rits,388.278831,0
subarutaro,711.126235,0
HeV,998.832003,0
keserasera_77,856.900421,0
kanade2001,1055.688314,0
OvThAlmin,852.817446,0
Tieechal,961.193843,0
vierbein,1185.812801,0
Shirasu1212,554.344985,0
tt829,697.126235,0
saky0080,1043.832003,0
Sho10,702.688314,0
CDZSC_ZhangShen,1016.453978,0
tanza,399.681144,0
tnp,830.620761,0
moshida,382.333612,0
ryu022394,623.485199,0
iva7,851.011909,0
l_h_e,944.638159,0
lauzm0,898.620761,0
fukino,813.027256,0
bababamizu,797.989028,0
saisurya027,855.083407,0
MASATO338,741.932288,0
y_tsune,1009.213033,0
pocketpair,1187.330762,0
calei,684.932288,0
ElyesChaabouni,771.325712,0
FaberSid,197.376841,0
yiqi2qi,538.098770,0
chai_tea_13,765.663890,0
lotus7R6,664.098770,0
Shuzaei,1423.485209,0
enkdkn,629.875364,0
sciencesakura,746.663890,0
tnag,766.056905,0
dbftdiyoeywga,779.784591,0
jones,865.620761,0
syym88,671.027256,0
gokichan,697.126235,0
ryoderZug,642.083407,0
pompom_,422.772140,0
Osa_Pyon,1137.011909,0
ASTR1104,1457.126235,0
chenrundong,649.688314,0
asanuma,927.932288,0
w2w2,954.027256,0
SarmaJi,490.964511,0
mochi999,1075.989028,0
tafutoro,860.668072,0
AviPatel_1_4_7,783.865924,0
ema2997,818.620761,0
SnowFairy,329.071871,0
Soeki,848.485199,0
d_uchida,523.543420,0
ugis,1132.303214,0
mkjiro,737.057553,0
SecondToNone,-117.887272,0
rahdpp,1347.932288,0
kuribo,524.989028,0
tsutsutaku,597.399326,0
Code_X,740.027256,0
kingofwhitestone,669.344985,0
pierre,692.479721,0
rnazmo,762.429013,0
BOMB_08,595.344985,0
kdotsaito,516.542618,0
copy,949.330762,0
gigolo,645.079720,0
dooooooooinggggg,451.295751,0
soitakahashi,791.027256,0
osamu329,1203.501442,0
YutaGameMusic,763.812801,0
rlakkh,640.882058,0
bugdone,1105.731832,0
agnyan,924.916334,0
TKD0022,730.932288,0
k_yomo,395.022097,0
bored_funuke,866.485199,0
hamukichi,1213.421465,0
mochikichi,808.314256,0
rikupin1105,550.011909,0
graythunder,1240.638159,0
kkrr,579.118663,0
dakasuga,369.217683,0
toshiba66,713.083407,0
yayyayyay,1054.688314,0
suuka,291.039088,0
YIN,757.832003,0
skytomo,803.098770,0
nisshimo,706.027256,0
flast,1103.731832,0
herp_sy,555.638159,0
HenriGuillaumet,669.154693,0
minase_1224,697.126235,0
ugnom1121,1340.900421,0
takeshiD,286.634262,0
Flame,688.843008,0
tu__casa,495.190575,0
rishooo,666.126235,0
slash,692.083407,0
sakujyo,739.520887,0
lunpon,937.900421,0
rch850,916.126235,0
kMotz,885.730468,0
mlpj56d,710.916334,0
Tomoe6,653.696964,0
tsukakeng,897.126235,0
gakugaku23,1104.136066,0
tochiji,712.620761,0
wtnk0812,961.421465,0
Tachiken,1132.027256,0
r_k,981.501442,0
suta,829.083407,0
hagealll0,430.947705,0
AntonioDaki,439.831163,0
lmt_swallow,728.331346,0
tokumeikibou,709.620761,0
SoltyDragon,578.832003,0
Faisal135711,546.021693,0
yuyu12,972.900421,0
Tatsuyaaaa,917.098770,0
mumumucoder,744.098770,0
Sophie1234,770.011909,0
wwmota,463.546944,0
kitokun,438.485209,0
fastso,514.213551,0
ganden,658.083407,0
goodjobjohn,763.608431,0
kkr,900.501442,0
shs_ryf,955.808549,0
huas_dengyin,1195.501442,0
tsutaya,1042.303214,0
Boonyon,843.832003,0
fly_penguin,279.960262,0
edodo2,851.620761,0
dolittle,591.344985,0
xiaohejun,1159.011909,0
litelightlite,440.525652,0
Today,810.243056,0
Misaki384,703.200315,0
Akasaransh,494.248855,0
tekk,547.046683,0
yoshi1378,583.688314,0
hikarui,978.126235,0
goto_isyuku_dev,931.330762,0
Hikki,682.126235,0
seikei135do,922.501442,0
matsuge,757.932288,0
yuhi0735,526.344985,0
mikikun1959,964.784591,0
nt1010,788.330762,0
naimasa,415.342021,0
junijuni,635.663890,0
glycine,1379.870535,0
maru65536,327.721645,0
zwu_2017010440,944.989028,0
yosh1,1010.832003,0
akun0716,1176.303214,0
null0124,-152.810654,0
KeiG,796.900421,0
malcheese,1255.126235,0
yukke714,875.688314,0
syhzzz,946.051968,0
m1k__,1051.011909,0
wai_doi,410.134387,0
yuyayuya,825.083407,0
shinshu,1122.900421,0
bouzuya,652.344985,0
yoyomion,1066.688314,0
mnrutd,945.330762,0
oimo23,533.501442,0
Joo,229.393924,0
brightcat,572.011909,0
estis,680.141232,0
clarity418,561.832003,0
ken1,756.344985,0
takurada,915.663890,0
Iwancof,595.027256,0
qsys,505.688314,0
tota66,1045.243056,0
ellen159,702.215057,0
TakoKurage,1133.520399,0
morix1500,767.027256,0
KY0013,521.154110,0
yakata66,1269.318592,0
hiroa,980.141232,0
ktn9,741.078518,0
zaki1236,869.415338,0
blackbird0,1019.528911,0
ohoho831,638.429013,0
pybot114514,802.663890,0
kogad,688.832003,0
Manuel1024,850.344985,0
mouths,990.083407,0
Tomosige,525.433466,0
monjies,960.932288,0
mkyou,967.663890,0
DropKick,203.861854,0
ryboc,876.213033,0
hanon,899.011909,0
jj_,923.344985,0
k_jtol,595.595652,0
pelp,431.724535,0
koda_1017,841.485199,0
hinkymargin,1059.832003,0
tomokikun,395.585143,0
ngng628,450.985283,0
zhangzilong,622.296026,0
uji_,451.300023,0
mcgela,738.989028,0
soni_shrey,589.236218,0
Valkyrja,1181.318592,0
Joy_M1K1,741.832003,0
nayuta_noname,692.879232,0
T0ht0m0,203.861854,0
ruu_413,1119.415338,0
gifmr,717.932288,0
poon,474.635713,0
is,838.932288,0
aki1502,727.245196,0
streamy,710.126235,0
itigo,1240.027256,0
kaguya333,460.199644,0
necointi,545.027256,0
snail,483.063010,0
minamino60,1179.413209,0
ants,845.989028,0
odah_masalmah,1165.620761,0
stealthmate1233,939.090611,0
raii,1332.126235,0
comboy999,1034.620761,0
chasohamaoka,684.600627,0
Iwill,854.267935,0
cheekama,470.453428,0
yuki_js,649.126235,0
oriha57,617.242735,0
nutaro,745.932288,0
purine,1145.663890,0
wdkkou,902.579863,0
komugiko,671.832003,0
yuma_y,1117.812801,0
mohammad4,280.283949,0
mmnk_atcoder,1054.429013,0
Kgnkm,570.501442,0
natsugiri,2814.900421,0
w80707,929.318592,0
dispyaa,582.104954,0
Shinotaket,597.778206,0
hola,280.135138,0
x0unnamed,1227.620761,0
kemu430113,258.500832,0
sukesan,321.557643,0
takaya,831.088892,0
tuziemon,901.932288,0
jmwjmw,531.330762,0
Touri,612.832003,0
ryotakn,685.609455,0
melon2112,991.399326,0
batahiko,61.160991,0
NoKmono,720.083407,0
dyuji,826.989028,0
nobu_K,928.932288,0
tochi_ondy,653.344985,0
scharf,40.286689,0
pe4nut,259.037113,0
foop,778.344985,0
AnnieWillEscape,563.331288,0
norihitoishida,295.521651,0
narui1125,746.688314,0
wider9,466.932428,0
azuma41,930.409427,0
avijoviva,719.728864,0
rikka,1286.501442,0
hidemitu,626.832003,0
hnust_xiecaozhuo,699.832003,0
mitsu333,854.479721,0
yasudomi,818.330762,0
wataoka,380.177273,0
bokken,558.027256,0
esaka,945.344985,0
false,919.597958,0
kuma13,350.678764,0
gyuudonn1222,619.200315,0
AltT,670.083407,0
hakone,382.333612,0
sugyan,1283.501442,0
pao2pao2,501.127176,0
tishibas,874.932288,0
clock_v,797.011909,0
zhangkai,681.501442,0
Zoro627,911.696099,0
ma5mo3ru5,637.989028,0
hareku,682.344985,0
seeker,516.363633,0
AislinnWishart,538.743382,0
Amelia10007,803.146765,0
rirma,707.815328,0
Sintax_error,856.663890,0
itsumiryu,494.167557,0
Axion,1195.399326,0
honebone,755.078518,0
infer496,918.817446,0
D0H,500.025129,0
popunbom,657.750071,0
sakanagi,755.011909,0
madoka,391.427648,0
Pervej_cse,457.611868,0
rmatsuo,1004.620761,0
ko_ya346,172.727451,0
yifa,1216.136066,0
oysuake,794.141232,0
thunder,828.344985,0
tmentaiko,609.663890,0
my7me,159.371600,0
Example,606.344985,0
onitakenoko,602.318592,0
nopopon,456.135187,0
iidangooo,1190.344985,0
MASSA,804.501442,0
makotocpp,345.142710,0
preeyadarshee,1272.812801,0
kn29,646.832003,0
testtest2,431.724535,0
masaphys,1019.663890,0
junppp,162.572290,0
Hello244,802.083407,0
Atoll,414.162025,0
Seita,632.639471,0
akurorein,1207.916334,0
kvin_MisterD,757.200315,0
inuinu,832.812801,0
sm210199,734.870740,0
sugibad1412,907.057553,0
xiaruize,616.743845,0
anz021,478.501442,0
matsu0112,953.832003,0
kekeho,446.574029,0
yukishiba,732.832003,0
southernx0604,650.429013,0
tacmasi,632.344985,0
lobsak,509.501442,0
uni014,1091.399326,0
zai85,473.170996,0
it_akumi,607.344985,0
hidapple,722.620761,0
oyassan,539.730468,0
daiAtCoder,1249.832003,0
s570704,861.832003,0
chocrush,381.189773,0
yuki_zacoder,839.344985,0
ashutosh7599,722.039049,0
skid,560.933258,0
blackstone1,1004.832003,0
hinataro_,590.688314,0
spesh0,698.932288,0
nuigrm,423.626852,0
kuisiba,801.330762,0
binununn,752.305582,0
kotakota,904.812801,0
Mamegg,463.546944,0
stng,715.688314,0
vikileaks,536.295985,0
d00,820.634688,0
gassann,359.045231,0
kyzk,727.932288,0
hanafuda,742.989028,0
kotet,1217.213033,0
miichan,399.681144,0
licht0,563.429013,0
kasumi_n,362.402151,0
mark1205,848.932288,0
planque,470.158665,0
renjyaku,1010.688314,0
Faisal_Al_Mamun,394.283514,0
Rize,69.937393,0
sahil99,1228.399326,0
ilikemap2,277.568114,0
pecoly,109.306343,0
HIROSHI0635,174.507005,0
aratobi,933.027256,0
ryuta69,197.376841,0
vinhnt,-239.228808,0
toriwasa,572.780523,0
agw02010,840.000447,0
tatiuo,381.273302,0
tuko_black,628.083407,0
iMasanari,889.688314,0
lejura,837.344985,0
blencer,1342.136066,0
bluexleoxgreen,955.011909,0
tsumiesu,717.832003,0
popnpn,449.074038,0
makoto2001,427.864537,0
chikuwa111,874.399326,0
ikkunjyanaika,565.429013,0
moppppu,658.448645,0
kanade9,546.501442,0
gunjou,85.027815,0
sayatentou,496.060403,0
moosan63,513.575139,0
bassycl7403,616.491340,0
osirukosan,566.832003,0
miyuush,615.399326,0
aochan,859.243056,0
qirex,268.193953,0
k_t,841.485199,0
mas_tai,867.832003,0
uncho,793.083407,0
welame,539.460180,0
reymar,720.288499,0
el3,470.453428,0
nazonazokun,1244.900421,0
gladkowskij,229.393924,0
shun_tannai,82.304012,0
erotic_panda,529.002324,0
himagineer,614.011909,0
eqrio,421.241856,0
izewfktvy533,354.481100,0
zenito9970,1109.320227,0
kitadakyou,504.025007,0
gas_o_line,595.595652,0
namiogw,524.722798,0
hxgxs1,507.328753,0
verbatim,475.509374,0
CleyL,1223.579863,0
syangxhs,1172.126235,0
liunian,613.958391,0
MCT,672.932288,0
tomoki_w,642.266895,0
narucode,609.083407,0
molety,745.083407,0
kentaro_hayashi,679.517966,0
nrkt,656.083407,0
c_cucumber,763.399326,0
mozukuzuku,500.605906,0
KoteElec0320,443.403203,0
purewater0901,441.759174,0
takedaryu,854.344985,0
IL360,672.466840,0
zer0,507.011909,0
VOVU,578.846023,0
yuyu0808,361.590044,0
sneoki,406.081281,0
satya26,1189.688314,0
gaurav_2000,872.134469,0
naolllab,509.663890,0
Dotter,649.638159,0
yu8ka,313.636592,0
kdaira,955.932288,0
black13,596.479721,0
Mkage,474.878218,0
kwkt,439.831163,0
hm00,707.126235,0
seele,798.812801,0
Glakne,666.932288,0
CROTO,653.344985,0
kassy,545.099460,0
tanakanoko,761.688314,0
narita,983.318592,0
robertcal9,850.083407,0
sotakjm,82.304012,0
yamamo,474.853479,0
niijima,782.932288,0
kanjin,396.064135,0
karutelina,657.101240,0
aoimumu,339.484973,0
mulgray,598.989028,0
tma,213.883034,0
totto,505.855674,0
tk7110,842.688314,0
wakasuki,577.009063,0
pjy17,473.423989,0
e186jp,607.083407,0
smith30,533.193819,0
BluePlusSymbol,574.491208,0
tako0218,1187.534694,0
AyaRyosuke,453.419821,0
sakanasan,541.543518,0
chouxcreams,736.222454,0
Rick1,683.126235,0
AquaN,470.346389,0
nullnuushi,537.365934,0
noma0722,815.200315,0
ken_kentan,657.483815,0
kumaritanya11,745.126235,0
usiusi02,540.379641,0
ei0124,766.638159,0
cleveland0714,263.239462,0
T_Wakasugi,600.501442,0
Hexazine,972.932288,0
amateur,660.476788,0
yshika,605.565015,0
keikouto2001,318.005807,0
khksmt1999,789.213033,0
loquat01,451.295751,0
kengo,978.989028,0
mikawataru,785.989028,0
nquntan,449.680225,0
kzkit,599.832003,0
tshirakawa,1494.027256,0
hrkx,921.083407,0
jun1ac,315.288936,0
spad,493.768133,0
shenqihao,1177.203754,0
TagLeon,744.832003,0
hiro34649,316.086490,0
M_imwas,582.814382,0
inu__dog,676.932288,0
Spolenski,651.329847,0
Lakshya,939.412811,0
gangan,389.107797,0
SparkChain,543.457581,0
moco_rocket,232.847048,0
hypergori,631.663890,0
tanujjohal,657.483815,0
Ta910,699.989028,0
zwu_2017010503,814.415338,0
tetsuyana,764.330762,0
shop_one,978.638159,0
winter_rance,779.126235,0
rony160136rr,-152.810654,0
kasumi8pon,566.145303,0
hkrkizum,712.990119,0
hnakai0909,555.428405,0
kaito72,401.668614,0
huuchitaro,866.967415,0
tnaito,1056.126235,0
tami,668.126235,0
sandwich339,483.570702,0
Maitneel,901.485199,0
Mizusa,261.876379,0
kara,553.083407,0
dchular,815.126235,0
Tatsuaki,670.203186,0
miler0528,598.027256,0
Begonia,87.489490,0
hiroaqii,827.126235,0
wanidon,1003.083407,0
ikanago,888.027256,0
toto61,424.796836,0
Shairys,162.572290,0
Osakana,428.968643,0
IshikoroKoishi,421.402738,0
Taichicchi,752.344985,0
arjun,834.429159,0
nabefuta,633.901348,0
tallho,258.774398,0
ntk,390.844571,0
kmkm,409.224773,0
mioshi,535.190638,0
tavercy022,687.399326,0
Giangvp99,666.540805,0
Itatatu,740.638159,0
Ako_,909.731832,0
gori3y3s,582.104954,0
akch,619.932288,0
vermadeepak1997,659.399326,0
kairi_003,370.847495,0
Hiro2019,665.027256,0
shangtai,785.879232,0
yu5shi8,432.537502,0
pay,624.832003,0
d_chan,783.620761,0
aoba,533.027256,0
OTYUA,390.618322,0
pstzq,306.685166,0
apurvpatani,725.517331,0
rui8201,691.832003,0
Egrid,897.056783,0
iwam590,1074.731832,0
hntk03,652.098770,0
Saza,472.450324,0
tkr987,658.501442,0
taken,549.214710,0
maimaituburi,432.362328,0
keikubo,956.344985,0
koshian,1017.730468,0
iiou16,546.270764,0
streep,521.748928,0
spookywooky,1352.126235,0
nano7700,564.011909,0
nagakubo117,748.663890,0
Te9,603.399326,0
nattochaduke,532.081841,0
Deji,554.431667,0
Mukundan314,1180.620761,0
emuemu,682.932288,0
kiniro11,1659.000000,0
zato,813.399326,0
yuki1984,316.086490,0
kinanbon,-5.423472,0
Dhruv_25,577.009063,0
fuji3,44.845596,0
hir810,857.663890,0
hktech,737.620761,0
changmaru,606.401963,0
hoatmt1702,511.515089,0
tkohei,406.544732,0
singula_rity,636.821757,0
rikeda71,214.252049,0
taba_yu,284.037608,0
strxx,298.946877,0
mss7z,511.297935,0
kimonohanger,868.187309,0
Ryogaro,465.617205,0
aoneko,1272.663890,0
thor1192,929.027256,0
tdtk,785.344985,0
fiord222,380.627934,0
endlmk,755.812801,0
Personify20,733.126235,0
strangerxxx,280.283949,0
manta1130,1059.501442,0
sakano26,779.812801,0
yuiop8747,1216.136066,0
denden12,1052.879232,0
l8tot8kiibreak,632.344985,0
wanghaoze,900.501442,0
Grasper,733.429013,0
madomaginonuma,578.344985,0
kshohei,888.011909,0
maki_glenscape,125.635440,0
ryosuke07117,804.011909,0
HInYU,1096.620761,0
miraie,650.832003,0
ik181540,509.492063,0
fuminiton,533.193819,0
burst_000,645.027256,0
mola1129,615.097958,0
ritsuka,136.667013,0
tanimanianima364,664.098770,0
kyodo,335.364834,0
pati2,387.552053,0
Drake1208,-18.221759,0
autumn617,300.807553,0
Chris_wsd,599.833985,0
draunter,1133.136066,0
hkrhashi,607.011909,0
okake,537.365934,0
drant57,631.739972,0
trabbit,931.920124,0
okitou,592.992887,0
aocory,-69.275530,0
mnao305,477.429013,0
okayamen,280.283949,0
moshanak,644.126235,0
munef,436.448686,0
miscalculation53,1127.011909,0
dac_,305.555510,0
ponchan,517.167022,0
kou824,444.079891,0
el2,239.048723,0
murakmii,642.501442,0
leer,397.925421,0
jotp,670.435808,0
j06052,587.270328,0
medalotte,779.832003,0
tanimu,329.324878,0
HighPon,277.609942,0
inaba3,794.016071,0
kasumi76,678.965963,0
aqua0631,746.057553,0
mtclock,-79.882031,0
huuquan1994,-65.155392,0
jnswr,487.160683,0
kotorigasatori,597.330762,0
matzryo,698.126235,0
tpogl,763.812801,0
paddy_ist,621.415338,0
muskie0802,728.344985,0
cocooncollide,81.709194,0
shoki,698.083407,0
namnium,632.972154,0
dais39,289.918606,0
himu,175.653043,0
kya,355.019755,0
Teriyaki0839,318.000309,0
nanmowakaran,434.764473,0
H3PO4,634.397789,0
gaudi08,982.846007,0
bath,329.535023,0
shakedan,542.169335,0
masa_hero,785.620761,0
reede,504.011909,0
medhruv7,861.620761,0
masateru,248.199834,0
tm16,691.184757,0
nemurin,697.027256,0
roimu,1256.638159,0
mpeg31,1157.083407,0
hi64,460.896212,0
konekuro,494.939201,0
ywak,865.620761,0
drunken_joker,386.565215,0
msn,326.883951,0
suzukisan_love,954.494528,0
Kan_0021,1028.415338,0
snneko,908.126235,0
Mngshmok,453.755926,0
luckyno9,618.243056,0
unyn,784.812801,0
iwachoco,634.027256,0
scnsh,658.803431,0
hryshtk,895.200315,0
kakeyamay,1067.638159,0
keityan,1055.989028,0
apprec,971.027256,0
tyamauchi,60.352660,0
montpetit,695.989028,0
kg1,868.932288,0
ink,581.011909,0
gurume,593.063998,0
sup,860.668072,0
miyamotononno,930.932288,0
E_nana,731.158213,0
NB29979,527.429013,0
yumarimo,919.520399,0
molybdenum,80.999767,0
tat3,854.267935,0
eugalt,992.832003,0
kat0rik,455.882551,0
haru,1216.344985,0
tonbi,793.126235,0
real,348.474115,0
pira,377.732281,0
mutsui_san,249.118939,0
Kitten,300.989437,0
poketorena,617.494528,0
montez,1045.482256,0
yamitama,751.894586,0
nerikara,500.338345,0
macle,424.668395,0
aman14111998,693.400244,0
mitsusawa,448.913728,0
ciws009,413.247673,0
kitapashi,117.763225,0
allegrogiken,624.083407,0
PG_23,473.415338,0
gadget,187.695113,0
ryu_himazin,336.699519,0
yk8128,787.907147,0
tmdtmd,280.283949,0
minagi,844.051711,0
teara,1045.620761,0
EasonTao,739.027256,0
shreyanshjn,548.751258,0
binom,614.098770,0
QmanEnobikto,232.959604,0
taku7756,650.330762,0
tdgne,588.496818,0
okami,430.704438,0
zwu_2017010531,466.879232,0
saku_uma,712.083407,0
mtq_t,1120.832003,0
homa1024,1362.501442,0
Naco,721.932288,0
kotaronakagawa,457.370246,0
mio2,75.827558,0
cowgirl,705.485209,0
takayg,-357.140903,0
nagana,598.816516,0
ChibaYugo,296.140930,0
doru1704312,740.932288,0
KUNIO_NAGAI,574.353871,0
papamusi,106.089989,0
mtgme,593.832003,0
alkwest,913.399326,0
prat,666.344985,0
golgi,696.832003,0
Arakoma,553.098770,0
rinlucky7,600.832003,0
lucas794,401.234766,0
kasu_miko,766.730468,0
rotelstift,348.700365,0
rogi,915.126235,0
KonishiJunichi,533.193819,0
windbell,426.320853,0
oykn,1169.027256,0
taikotea777,605.565015,0
tsunpoko,821.540810,0
ysanopp,474.638159,0
dlmasa,1104.057553,0
kuhaku,856.812801,0
nakayann0121,44.845596,0
snaka0213,878.932288,0
ryotaku,113.782545,0
yvay5cqe,893.932288,0
chara09,593.014722,0
azuma,608.098770,0
TomoSaka,813.554857,0
mochi_yassy,557.429013,0
ucc,359.562884,0
TakahiroNakamori,192.899793,0
tacky0612,609.330762,0
tabt,576.832003,0
Kanao,333.668432,0
samraimarket,898.429013,0
takachiha,470.525228,0
kuroooo,598.415338,0
orenjiame,-342.414264,0
takahiro0224,536.314685,0
esio_trot,973.181366,0
onsh,157.141258,0
zaisu3,585.688314,0
ziroppe,1120.213033,0
solzard,879.620761,0
muhi_,591.688314,0
bokuzin,361.086182,0
watmeron,513.218776,0
Samejima00,762.027256,0
plainpond,604.912153,0
hahhi925,559.987312,0
zerosan,505.867495,0
Suu0313,612.623706,0
teacha,501.671016,0
nari19,-52.879700,0
yaaaaamij,244.908215,0
md31cgi,415.287731,0
takosdev,490.964511,0
Tenohira,958.812801,0
ciel0217,270.329310,0
Umyy,80.999767,0
tatsuroMIYAMOTO,561.867188,0
kuroku_969,740.318592,0
FrostMonarch,652.399326,0
Kanagu,162.572290,0
hujimori,343.669631,0
u2v63755oi,-29.794946,0
repenguin,435.949796,0
ryitto,229.393924,0
snowpond,270.149572,0
snowbird315,381.189773,0
FraMari495,884.731832,0
mysk,811.932288,0
ya_kki,918.083407,0
Lyri,632.399326,0
matsutake,683.832003,0
Mitsu2608,793.801490,0
someone7140,551.027256,0
emergent,598.805164,0
safira,768.223383,0
kengoro,359.562884,0
konkonu,-128.282379,0
Suginao,656.663890,0
hultraman,713.399326,0
Aster,203.861854,0
hrm951227,621.663890,0
shivamkr21,302.998504,0
saitenntaisei,751.083407,0
knk0048,733.027256,0
Unoe_es,1063.083407,0
tShun,296.273618,0
marumtr2016,818.429013,0
nzk,479.430974,0
ashiknur,324.016555,0
X2357,651.688314,0
Ryoya_1053,444.058298,0
seemore,308.857054,0
tsuyoshishuin,809.663890,0
brskidor,611.672004,0
shuG,840.501442,0
POIsh,395.022097,0
Fancy_,875.989028,0
Masamori,229.393924,0
NonoArk,438.154632,0
Yanami,404.991435,0
masutech16,1348.485209,0
idon,768.318592,0
hikezawa,666.399326,0
teke_phys,471.060173,0
Trietta,312.449670,0
oldsgym,560.688314,0
Donguri,418.712971,0
Theta_00,336.699519,0
masaki0731,268.543200,0
kumazaki,731.399326,0
Misaki50,95.745722,0
reitetsu,675.000757,0
pate257,355.019755,0
Jin_2004,469.773086,0
akcb_t,521.965234,0
kkoonn,688.843008,0
Schwl_Freiheit,813.554857,0
La_teth,416.324019,0
MoSooN,731.989028,0
ankronomochy,704.126235,0
i0i,1068.789819,0
u_t0s,315.874876,0
ai310,321.557643,0
iteresa153,396.180674,0
flown,647.781346,0
mizuguchi,589.595766,0
yasunori,578.711782,0
kkoba84,426.235365,0
shafwanur010,533.688099,0
gozass,1035.812801,0
Laksa,755.330762,0
ramenjuniti,482.620363,0
nksy2019,553.616857,0
yokuda,469.553929,0
dagasi963,381.189773,0
malibucokes,35.190798,0
nulkana,470.453428,0
Rhunosuke,798.989028,0
tancematrix,635.023440,0
krtomo,709.621200,0
missaa000,465.733863,0
yigori3,871.989028,0
soukouki,751.894586,0
ebah3770,847.126235,0
ice112358,760.142300,0
hals,764.485199,0
umao1800,397.260417,0
mdy,720.027256,0
empen1186,535.190638,0
dongxi,490.970236,0
took,1161.485199,0
k1090,454.011909,0
Wie,1016.453978,0
hihokitakahashi,636.692577,0
forest3,584.916334,0
Enstrophy,458.603650,0
Ix5231,679.126235,0
tuatkenta,335.653548,0
yuki013,598.078518,0
code1caeser,476.139355,0
finn,711.659003,0
k00ume,748.832003,0
yn96,736.989028,0
maron8676,1247.429013,0
sky28498542,603.095872,0
ryoto,579.088595,0
rokudw,394.598454,0
fushigu,905.200315,0
rtSUSY,-519.326947,0
hokto,572.344985,0
akst1013,271.835400,0
sphere_m,1092.485209,0
Abebe123000,608.405741,0
gnao,635.344985,0
akatuki97,532.051894,0
caytre,577.009063,0
naoty,651.329847,0
yaseenmollik,1172.731832,0
amata1219,732.011909,0
yanagirts,-242.068074,0
hagi,1181.136066,0
r_tkms,551.371049,0
hurumeki,385.946122,0
lnsf,674.344985,0
tkg,909.898343,0
lbr,648.932288,0
Heca,420.930836,0
kanzakihikaru,1079.953334,0
kukita,355.019755,0
white_sunday,630.610452,0
boot__m,873.812801,0
mi0205,788.415338,0
Higurashi,419.327627,0
ttakku,471.936164,0
sakki,297.307795,0
Hasegawa_frog,565.083407,0
lugh,54.323217,0
a_ru_te,106.007910,0
Naochi,221.313588,0
rakuraruharu,442.182267,0
sugar_TGU,157.141258,0
samuraiduka,348.474115,0
Wataame060,162.537113,0
akoynk,-95.023907,0
C7BMkOO7Qbmcwck7,1249.916334,0
civil_nasu,463.990937,0
primulasoft,791.530947,0
yu1120,779.812801,0
beginnersluck,615.932288,0
tacha_ioiq,997.344985,0
shrimp_eng,620.832003,0
fish0504,615.989028,0
ktakamura,625.344985,0
Maneuver,622.434985,0
ar7L,-18.042177,0
shore,698.989028,0
jacob327,255.885290,0
Atria,766.879232,0
aircon28,496.924461,0
pulcino,646.126235,0
hostias,533.688314,0
bamotice,305.310415,0
maebaru,607.931036,0
komite,616.932288,0
shimech,817.932288,0
auaua,834.083407,0
cat0125,317.545562,0
sursouth,320.253836,0
C_ava,762.399326,0
inushida,1078.688314,0
uranar,442.469992,0
Nocks_on,931.330762,0
Muma,268.691912,0
kaneda,952.900421,0
suna,472.450324,0
mkuwamura,-32.103161,0
Siba,296.126280,0
petit_sophia,787.330762,0
saneka,669.514797,0
kazuno,554.583918,0
yosukesan,354.164957,0
Skip,186.288072,0
notenoughmana,811.131879,0
Percentage,560.083407,0
suetech,747.011909,0
tomo61743,608.019011,0
javarin,314.533265,0
Sma,395.207967,0
masaomi,760.142300,0
SteinGateAmadeus,1088.557302,0
munyuhuwa,523.926873,0
minordaimyo,778.688314,0
Amagi109Souma,439.732164,0
etanoru,660.989028,0
wss,1137.926944,0
kiruto398,475.822636,0
iwataka,1200.136066,0
rkamio,799.007800,0
makohan,490.970236,0
yukiho,381.038085,0
ovrmrw,597.512709,0
unaunagi,776.144434,0
CYaYun,474.635713,0
turuturu,521.748928,0
robot,321.400336,0
chobichobi,334.913495,0
lq07,1011.027256,0
stranger_0229,568.492650,0
laiskuus,354.683680,0
qkirikigaku,730.126235,0
morishita,574.384880,0
hocashi,615.688314,0
dddanish96,804.344985,0
aj619,40.286689,0
Libra2924,234.256217,0
kann,78.398190,0
drilldripper,766.663890,0
todaiji,541.083407,0
aaav,588.496818,0
ppp204,1057.305776,0
Rotten,113.359449,0
bachi,195.988676,0
intgrllllllllll,489.879232,0
botamochi,312.449670,0
kiri37623326,346.350045,0
heatflat,573.337352,0
nnapapa,781.948771,0
saka2136,658.932288,0
CAT_0_space,20.048922,0
nogami_geo,656.989028,0
fow1205,268.543200,0
PARTH_4399,-152.810654,0
Takur0,729.027256,0
kimama4423,602.399326,0
chihiron,290.919852,0
Empress8,2.314258,0
tapioka324,-79.882031,0
Abot8,359.779190,0
Komari,-18.221759,0
Tatsuya11bbs,270.176285,0
koromin,377.788663,0
Quartz054,574.566667,0
kazuki444,280.135138,0
wishangel,186.288072,0
HSC57,554.501442,0
Ravenoux,878.200315,0
OMR,411.543620,0
willmw,182.234966,0
mozurain,516.663890,0
riorio1174,560.989028,0
himyzk,453.638159,0
MonOoe,241.182110,0
hiro_ki,170.966615,0
yoki2690,124.448218,0
ms903,359.562884,0
riverstone,539.243744,0
flirtguru,839.932288,0
nawa,535.759704,0
zda,711.399326,0
wolframotoya,443.481577,0
ZUKAKIN,747.812801,0
MtModer,343.078588,0
katryo,1104.850258,0
YUYUTA,521.965234,0
ameoto,983.726854,0
AhmedMokhtar,552.804365,0
okiyashi,648.989028,0
muramura,151.483521,0
ruia_prime,949.832003,0
AcroporaTenuis,238.132882,0
wana,674.399326,0
horimasa1442,291.233778,0
shun_shun,336.699519,0
Haa,702.932288,0
noriwo7,564.485209,0
tadakiyu,839.126235,0
PAIN___,776.144434,0
useless,799.126235,0
mhi3,1097.213033,0
kaz130,935.832003,0
joeko,345.433986,0
senamech,197.376841,0
okapin,334.913495,0
dorako321,672.291964,0
inaty,554.083407,0
lapislazuli,362.847229,0
namaham,476.402029,0
soma62jp,197.484321,0
CygnusKI,-54.179399,0
sakakazu,510.657972,0
Laylania,527.688314,0
zukain5,570.889266,0
kattyokaccho,923.812801,0
Beluuuuuuga,432.335616,0
a0t5s0u1,629.399326,0
dekopin,477.088122,0
Tatsunosuke,657.555380,0
yoshiki1123,676.318592,0
AiW4shere,695.841171,0
zeta_function,87.489490,0
WILL123,417.317334,0
atsu101,239.048723,0
tanaya25,358.258639,0
bonboyaju,621.253301,0
beans,234.489816,0
trancis,707.894227,0
rubisaku,603.634814,0
ntomoya,602.017206,0
zer0_gmR,239.307217,0
sekimoriko,522.589460,0
rijo0309,462.471710,0
dara,706.289795,0
koron790,313.196771,0
Yoika,297.307795,0
bharat12,490.964511,0
myabu,619.688314,0
chobigoma,499.157549,0
John7899,557.219135,0
manaita,510.105920,0
kaniikura,643.932288,0
fly,234.039063,0
synic,662.663890,0
akbar1214,908.399326,0
paotan,526.934406,0
natume,395.207967,0
huyuhuyunomi,-58.816982,0
diesekiefer,482.620713,0
motyk,904.731832,0
tokumaru,726.083407,0
motchi,284.830119,0
Shephy,547.438648,0
noripiko,225.600561,0
wahahawa,701.481577,0
kamiharahitsui,95.745722,0
KiriyaVal5876,625.344985,0
chireen,33.979074,0
laqurn,423.185410,0
ikkyu3,176.701878,0
smallptarmigan,465.184547,0
urotas,446.407706,0
notdqnbutoqn,678.493638,0
firstforest,799.848332,0
silatori,558.827990,0
c6d_a4m,553.453092,0
fog_878,485.320227,0
na1,259.037113,0
kai_hirokai,305.555510,0
ntjmy,694.399326,0
machikane,929.989028,0
acannie,385.585218,0
ethanhunt,20.048922,0
XgaraIV,474.635713,0
nayu,541.574641,0
moker_spaghetti,849.736762,0
Separated,282.578950,0
ikura1,324.723157,0
txx,259.216695,0
fiore,636.821757,0
tansio,476.663890,0
shinkawa,386.565215,0
MasterMaster,306.685166,0
Rohima,383.266782,0
Kumacchi,474.635713,0
Ayaya,224.521637,0
atmark7021,380.521995,0
deville,393.176936,0
harumakki,336.779238,0
KKCMN,459.957289,0
FFF3,521.965234,0
yakusugi,344.004795,0
mrt0933,845.344985,0
Kyuuri,639.094722,0
karakuri112,351.760664,0
ookami_wolf01,270.176285,0
yakisobakue,692.027256,0
KNOT,35.190798,0
kztanabe,-357.140903,0
watason,943.303214,0
tyhn,453.899341,0
ghost002,548.730468,0
nekou,298.320772,0
kakkaku,390.618322,0
paulxll,545.950784,0
kmbhmw,436.630472,0
kenntin,479.731605,0
tamazoo,539.762116,0
isoflabon,739.135668,0
hayoneho,621.832003,0
ezaz_nitd,606.583750,0
nunor,642.266895,0
ebi_fly,147.430415,0
cadav2923,631.942552,0
Nanami0634,704.083407,0
Zelos,145.926538,0
mari1017,448.225487,0
shugo15,984.083407,0
HMaekawa,888.485199,0
rhyoo,-242.068074,0
makotom0330_2,209.831776,0
kharigai,429.835607,0
TaoZicheng,259.037113,0
MrsMegane,413.925885,0
ASAK,179.434491,0
ar_incha,-425.470010,0
abc050,2284.201523,0
un_kk,638.243056,0
Qunt,287.901817,0
Emilia,1232.812801,0
yuichin925,327.324032,0
koluku,692.932288,0
okb_okb,601.855561,0
conan1024hao,502.216118,0
nkm122726820,793.379188,0
buna,794.464671,0
MZKi,618.280410,0
gomamuru,313.636592,0
Jun_siro,-5.423472,0
ourth,430.704438,0
PETbottle,3.025077,0
ageru,850.784591,0
the_fireswan,942.812801,0
vkappa,171.482389,0
nafar,-52.846728,0
Hashizo,261.932061,0
cannot_fly_pig,366.144494,0
yancya,566.732400,0
Alcor,492.475209,0
JD2xor,668.103444,0
gennkei,-16.262624,0
k41t_,412.057553,0
SHUUTO_187,518.422910,0
mhj,374.070975,0
tKentooo,374.289524,0
Shibuya78,544.281938,0
jigsaw,304.210111,0
ksng256,336.830058,0
trek,351.805505,0
hyt126,197.376841,0
kairi527,275.718108,0
Dsite,421.223156,0
hitokage8000,-152.810654,0
alembart_coder,-519.326947,0
Kusaka,257.096897,0
rakkodake,313.255840,0
banashun75,-38.397428,0
kenJP2n,-152.810654,0
kyo_gackt,734.126235,0
magolors,471.307113,0
AkihiroSasabe,97.030652,0
ikuradon,358.968067,0
toshi919,571.344985,0
nknnkn,647.781346,0
k4a3m2c1,355.019755,0
nameresu,1153.493110,0
hirany,422.527644,0
ky_mountain,508.055130,0
k_6101,819.638159,0
KitCutter,190.725442,0
umeboshi123,456.135187,0
hotiket,883.027256,0
kysat,325.610750,0
Molina,374.289524,0
nehan,612.882293,0
te_ne5525,461.979853,0
ykkaq,337.628860,0
apth,382.555648,0
serotonin,162.572290,0
lib7,574.353871,0
kokomaru,209.831776,0
computerchorus,347.466003,0
BISTEIN,251.170862,0
king_of_sun,311.977345,0
hagisuke,421.223156,0
lyko008,611.859074,0
Atsurou,714.688314,0
kokin,359.562884,0
yuhei,1559.642578,0
mochidan,704.501442,0
mita_hyper,124.448218,0
rinringo,127.343166,0
maasaaakii,159.371600,0
hiiragi1145,105.278366,0
Loksoni,-357.140903,0
bocari,346.400017,0
tkak,71.215243,0
xmaccode,449.000602,0
dobuzora,-5.044785,0
pyromix,449.171349,0
Shinlarm,339.484973,0
yoshitaka,154.570785,0
hm0088,1006.730468,0
soata,286.634262,0
kotarom1211,259.037113,0
hamo21,559.837823,0
ichi_taro3,555.598481,0
fal_math,507.686167,0
yumaru,355.019755,0
nanasi_r,563.893134,0
acekit,619.010140,0
Shreyansh_02,474.635713,0
ksd,377.788663,0
Soya255,-796.585819,0
NOSHION,294.151944,0
amasaki,-79.882031,0
TinyBoat,570.378147,0
kouki0826,154.919270,0
ahzong,414.498265,0
Hiromagna,-215.032771,0
sakikuzu,124.448218,0
stplum,324.625392,0
kussaka,521.748928,0
saikotesh,197.376841,0
isaribi24601,704.178939,0
Gamyy,382.595617,0
kuroneko9963,517.011909,0
hsmt,725.399326,0
mtkwT,448.997700,0
eSeF,448.043701,0
chun,-242.068074,0
soredokojohoyo,543.772449,0
penguin46,344.421009,0
hi_roki,603.091600,0
h762dn,536.295985,0
urayamakoutarou,473.342141,0
taku_haru,463.508474,0
Rall,652.485199,0
umahara,358.968067,0
aobatyangod,591.216966,0
waytetu,459.493838,0
whcca,786.327471,0
bacon,521.965234,0
nishikori_bot,412.849753,0
morison,55.298933,0
SUGA_UEC,215.602620,0
jitesh,1020.732094,0
guess,540.989028,0
saiso,-64.656502,0
bebetaro,403.935586,0
doumoto314,-357.140903,0
KNSK,382.537239,0
DARS_77,82.304012,0
HZZ,734.870740,0
atoinverse,625.553406,0
woods44,498.482193,0
fradical,678.965963,0
misaki0215,289.918606,0
Keifed,-796.585819,0
Ferho,343.669631,0
HasanHarb,412.476836,0
saturnglave,80.999767,0
Yui_Kokuse,259.216695,0
tskito,485.424968,0
s1670240,172.727451,0
Loy,129.544110,0
urbam2,435.949796,0
lascau,387.727062,0
Harunyann,24.309669,0
takanosuke,24.102029,0
Custom74,499.501442,0
yuito,208.519504,0
huton,124.448218,0
harasho0103,114.578151,0
capitalist_bear,421.402738,0
tang,172.829544,0
aoki91,-610.695878,0
shi747826,808.139942,0
kobami,-118.567949,0
kmarze,109.306343,0
saillern,352.027507,0
kalex99,514.299530,0
rinyama3,-79.882031,0
pezo,121.919334,0
snowbar,473.342141,0
While,-148.835964,0
kaputte,302.592472,0
supercell,468.738157,0
hukuti145,574.566667,0
nasugata,193.471019,0
akiakiko,35.190798,0
mstkmr,97.030652,0
totechite,80.999767,0
nkj11,238.861444,0
yyoshi,-357.140903,0
baril78,230.796258,0
K10S16,420.930836,0
Torchic,550.332513,0
syokubai,947.136066,0
said_v15,358.968067,0
kp047i,415.342021,0
hicanyan,733.638159,0
Tixy,564.745860,0
swimcamera,724.501442,0
rytnsz,518.288343,0
naoyaaan,513.940474,0
mototakashi,633.399326,0
daxiongmao05853,-163.899423,0
hakusai315,380.638780,0
jyouren,54.323217,0
masakinihirota,152.672757,0
dashi,910.932288,0
mauriCZ,689.639496,0
spiral,95.745722,0
Bulbul_017,275.881598,0
moyashi6347,384.478389,0
temmie,305.555510,0
yujirosan,3.025077,0
Dante_Rits,553.688314,0
tatarabako,255.885290,0
chirimen,151.805878,0
kanade_,642.266895,0
nakaokat,20.048922,0
naotarou,544.281938,0
kourii,521.748928,0
chenchen,875.243056,0
ch_san,272.578430,0
cs16030,291.745281,0
blue0552,442.182267,0
naohirot1120,264.910463,0
kebabs,173.344758,0
pltnm78,466.866465,0
neriume,207.206516,0
AstronoAddiction,474.635713,0
uoos,535.190638,0
QuercusSerrata,332.557805,0
omasato,841.152006,0
mppp,284.037608,0
shrimpName,441.208082,0
okashin,81.709194,0
Peiori,351.760664,0
ansergeyg,-519.326947,0
ac0man,295.497418,0
akinoyonoyume,399.681144,0
supernova,417.681781,0
tomutomi,693.832003,0
yokun,-14.755628,0
nuzpuz,790.415338,0
kamecha,197.682256,0
oiuytr,310.838867,0
tetsu316,-195.549678,0
d7010,714.620761,0
Ahzey,13.974906,0
sooolbf,-83.893156,0
keno_ss,928.126235,0
sanopi,763.608431,0
CrystSw,366.047897,0
ilove2dgirl,513.612202,0
microkim,442.670429,0
menyawa,568.083407,0
Ma_004,459.493838,0
imkazusa,325.627960,0
chika_y,155.814266,0
chiko4192,159.371600,0
thalis5800,154.570785,0
Roupika,950.663890,0
daiyu,-18.221759,0
kudzu,730.989028,0
ht0919,288.831439,0
nadayan,514.766167,0
unbownd,653.126235,0
tyanagisawa,-251.169993,0
mk10,942.344985,0
A_GoodOne,197.376841,0
Nipun4338,286.634262,0
earlgrey_yh,1455.916334,0
Roy,650.098770,0
anz,768.223383,0
comalpha,436.056573,0
Joker657,589.708542,0
penguin39,421.223156,0
bayashiko,474.163389,0
bakenagi,640.832003,0
daii,317.545562,0
takuat1124,140.812461,0
sfuku7,424.661036,0
WOZNY,312.449670,0
joylintp,1302.399326,0
noboru,306.342509,0
vandeeglobe,417.681781,0
hrtn8,82.969668,0
fleeless,339.484973,0
MLgod,492.475209,0
shiraishi,366.047897,0
TegeTege_Racing,-18.221759,0
yukikaze,192.457074,0
matatabinoneko,963.620761,0
methyl_pentane,725.620761,0
yamake,424.507501,0
aakyara2008,387.552053,0
shibh308,2042.344793,0
naotaro,608.405741,0
pompom,203.039966,0
pam000,336.944156,0
himani,-142.137121,0
memoma,265.223679,0
kazutta,-117.887272,0
nonen,539.762116,0
makishimutomato,524.243056,0
coffee,178.078541,0
HiroKata,525.647386,0
caya8,248.199834,0
simratbrar,1039.812801,0
takasi,221.313588,0
T14,325.610750,0
baum,329.324878,0
Scorabe,464.045834,0
Latixahi,761.098770,0
utl2,-117.887272,0
jameshuang,611.638159,0
kyurimaki,286.634262,0
shidou,85.198960,0
yyyy52,356.863335,0
yomopota,336.944156,0
shoukei,-73.397018,0
kou_7215,431.060362,0
oldlick,1025.620761,0
kawama,-18.221759,0
ieo184jd,124.079569,0
hidepiyo,914.080629,0
hiranoryuto,417.681781,0
syuusei3,193.365716,0
mycroft,312.205125,0
tyty0822,268.726102,0
humancipher,570.889266,0
tomoya777773,677.399326,0
masatosugiyama,234.844791,0
rabbitfoot,660.004085,0
Hakukyo,570.378147,0
pirop,433.580601,0
sinokuma,-289.294065,0
Kawamura641639,259.037113,0
Kosuken0225,127.343166,0
achax0511,720.415338,0
gypsygipsy,402.596561,0
mogura,122.422272,0
tsho,473.534061,0
shinketya,165.770754,0
nxtgear,510.243056,0
programmer3,571.048569,0
tetsuro1919,553.429013,0
kanaami,184.213974,0
PapePare,124.448218,0
png,678.027256,0
dasina,994.348907,0
cactoid,796.485199,0
maya,1147.429013,0
cbpit,410.134387,0
kaede_ima,417.317334,0
rsato,-357.140903,0
waddy,230.069881,0
nayuta9999,3.025077,0
Xcyba17her,510.660159,0
torakiti36,69.785597,0
mit09,159.371600,0
noramike,-152.810654,0
Rogers,146.329790,0
norumaya,242.192849,0
taku0305,484.290512,0
mk_55,591.399326,0
nisui258,276.194220,0
omurice1995,32.104030,0
a0128913,-253.156843,0
NekoZ,366.867363,0
nemitamu,253.622198,0
Nazo9x,872.832003,0
Piroty,97.030652,0
seadog4454,254.724658,0
fuufuu,162.572290,0
pamp,554.431667,0
ZHR2017,1084.083407,0
hannah94,390.618322,0
yamas,13.974906,0
a27,-242.068074,0
Suspender,432.362328,0
kyaputen,13.974906,0
masken,35.190798,0
paya,-148.211138,0
jacksun,416.141372,0
sin_1,734.870740,0
genma,272.334219,0
knhr,530.566309,0
amesyu,598.083407,0
hyle,381.189773,0
aaakirito,824.485209,0
Ashigaru012,362.546991,0
spARrow021,229.393924,0
KazukiUruma,509.128956,0
ochazuke,159.371600,0
mitama,279.960262,0
ninroot,73.773861,0
programming55,135.121751,0
hrg,259.037113,0
noorbeh,390.844571,0
beni_Fl,668.103444,0
bolzman,112.023061,0
kta0223,-973.913737,0
naoki1030,894.027256,0
ratmie,-796.585819,0
seed_pgc,267.408541,0
sweater,470.158665,0
sumi_9648,20.048922,0
mathaq,-233.640778,0
KEEL210,647.586126,0
Memory,264.734024,0
consomme,-266.615372,0
Yushika,-796.585819,0
h1de,207.031640,0
Grimmz,3.025077,0
mittsutaka,446.523099,0
sinoue1106,324.625392,0
water57,-796.585819,0
hacca,195.988676,0
s9zakxmlxdz0gj,81.709194,0
naba,399.812574,0
MYota,221.329990,0
Ysdr,483.935209,0
Pulkit,-95.023907,0
kentei,432.629254,0
kigo5584,286.634262,0
tri_ephemeral,381.189773,0
HotakaBeat,638.730380,0
hiromasa,167.544895,0
polyomino,2012.579863,0
Gizerst,472.524203,0
shiori11tg,331.582089,0
matsuyuta,-242.068074,0
utakapple,234.489816,0
LiquidMetalSlime,586.875330,0
yk11,694.870535,0
MrX,167.544895,0
shar18,1061.141232,0
gura61,381.189773,0
sakatsuki_fennec,616.832003,0
rsuke,775.932288,0
oyas,2021.320227,0
k_maru,570.889266,0
DSCF_1224,309.362902,0
Casta46,1025.415338,0
kaoru1012,284.419214,0
Toranks,88.609288,0
mik76,728.126235,0
misosiru0517,530.642364,0
galileo15640215,490.738770,0
ahpjop,320.876967,0
rennkarasu,169.824994,0
jiraiya_777,827.620761,0
S_shady,399.570525,0
yunyun8686,1162.832003,0
Meshi,632.832003,0
nishin0z,106.825848,0
MAQ,35.190798,0
sayamahiro,314.963975,0
hiroki15,244.706362,0
Tritama,351.754431,0
liszt,274.365766,0
MasaWorks,35.190798,0
mumumurata,700.399326,0
keizuli,245.081130,0
glennando,322.910658,0
ei1903,278.339608,0
mkn,630.910294,0
banirax,312.449670,0
pine_tree,183.247943,0
SDESTINY,566.989028,0
zssa,819.429013,0
iwato,197.376841,0
Ysahil184,35.190798,0
ryo_i,358.968067,0
waricoma,-33.763135,0
goodknows,156.638962,0
mint_min,213.643360,0
takayan40,-183.559626,0
skrnsozkSZJL,791.812801,0
bobbob,91.958811,0
adarsh_2001,392.944314,0
exp_kawagoeshi,485.778376,0
okapuso,3.584711,0
YEBISU,35.190798,0
inoha_naito,139.953159,0
F_es,182.956667,0
hatopoppo3,-10.593029,0
Nighthawk,35.190798,0
plantyuta,-47.188991,0
kitamuyu,311.237946,0
tomotin,550.332513,0
iaur64,912.078518,0
pppppowell,-242.068074,0
moyuki,381.189773,0
daniel0306,113.359449,0
nyamph,-114.819523,0
lwl2006,678.881746,0
loofah,505.682980,0
miiifa,410.409125,0
yossi_cars,344.004795,0
astronauts,5.320078,0
yazuyazuya,218.305155,0
ksMdSsDc,525.458706,0
shawnzzzzz,-54.179399,0
molinuntius,216.908685,0
alpa,-117.887272,0
Dooo,211.884932,0
Misa,129.047735,0
shibten4210,-167.952529,0
kourogi,82.304012,0
opq,-176.508499,0
ymkt,224.197385,0
Aniten,80.999767,0
Kize,324.375144,0
taketosh,124.448218,0
FZtc,-225.192867,0
smritinahata305,229.393924,0
varuntumbe,35.190798,0
fuyutsubaki,484.415512,0
echikawa,832.932288,0
sugar1254,374.289524,0
rinrion,89.608491,0
oneut,364.658776,0
zer0t54,234.256217,0
kdlvklv,902.330762,0
popketle,318.219352,0
pagos,163.266779,0
red00248,506.652796,0
wt_chou,-519.326947,0
i_na,-357.140903,0
yshoji,-242.068074,0
yamakarakita,-282.303657,0
Pluto_SC,697.620761,0
percent,492.861492,0
Manintel,-79.882031,0
tukuyo,-95.023907,0
deisui_coder,487.160683,0
aaaa0424,720.932288,0
azumax,483.063010,0
NaoyukiArai,270.176285,0
mouse,113.359449,0
nayuco,-292.014501,0
kazukiyuumi,78.172423,0
unknown_,643.501809,0
Kolcon,301.859791,0
pict,337.611533,0
hisaos,254.144854,0
Hum1060,773.501442,0
yusayukio,66.410759,0
OLIET,634.524550,0
senn,-216.365442,0
Naimen,162.572290,0
yn1323,-796.585819,0
osadat,-5.610816,0
miyahara1129,237.428924,0
MasuCatz,145.513268,0
atago,-357.140903,0
nananashi,-225.192867,0
uni3,264.734024,0
Ry0hei,824.399326,0
kemono_friends,394.598454,0
gggta,62.226101,0
imayarow,194.219059,0
KKurita,186.288072,0
EPhSON,-195.549678,0
pettanko,288.207977,0
ei1941,-54.179399,0
garuda,135.121751,0
utasan,-796.585819,0
vonyaridgement,-52.879700,0
spaspa,866.967415,0
gurekun,36.377720,0
Dimorphotheca,162.572290,0
deudragon,172.727451,0
karthikshetty03,35.190798,0
silmin,401.047487,0
cleverdog,-253.156843,0
mildcoffee,-38.210150,0
cjtheone,-79.882031,0
idoran,377.159793,0
recyclebin,-215.032771,0
Naoki08,33.979074,0
dshj,-79.882031,0
KenChaM,150.150850,0
hanayarawa,360.228540,0
flamingo2007,229.393924,0
zwu2018010389,124.448218,0
majimenaakkun,13.974906,0
itopost,834.083407,0
Asterisk_S,202.472733,0
minekai,401.707091,0
mayu__p,-318.164415,0
kokoromyuu,192.899793,0
h173309,539.243744,0
tefu417,13.780216,0
YuSawan,77.424808,0
yoshi0,-152.810654,0
fukurou575,409.649969,0
Takumin41,-572.559922,0
itodai,106.007910,0
wkwkwk96,172.829544,0
nakanishi1223,229.393924,0
matchan,-371.561078,0
daikichia,216.600586,0
remonjuice,221.080739,0
BrennerRios,812.663890,0
masapyon,393.176936,0
h1b1k1,1056.136066,0
jucky54,418.712971,0
Haju,170.966615,0
naokiur,-117.887272,0
kazuneet,808.832003,0
Hue,597.778206,0
toefl999,476.139355,0
hagitaku,355.726703,0
Tamutoo,1572.832003,0
chan87,792.290752,0
koralle,454.903651,0
Kamaseinu,39.814083,0
igah,444.416991,0
cobaka,436.389966,0
tetsuo66,675.344985,0
zoothezoo,533.344985,0
zhaoxiangyu,336.699519,0
makoto_H,334.416362,0
drymelon,658.448645,0
jack007zz,467.170850,0
ikapyan,230.069881,0
moritomo7315,158.690924,0
nasu04,449.986324,0
femshima_01,622.296026,0
ryota101020,399.812574,0
opensesame,147.430415,0
ymote,224.379172,0
th13miko,427.955798,0
Xas,429.064750,0
urusu,528.921931,0
ohmor,489.362353,0
modoki,386.598187,0
Ryude,348.449788,0
pndb8wud,-209.375034,0
sh9244,351.760664,0
kim,-94.302205,0
tyanoba,203.680068,0
toma_bass,-104.531421,0
teruteru_0,-222.536231,0
naoi,53.030294,0
padawan_ie,-492.291644,0
Delphinidae,-425.470010,0
Hibagon,418.388085,0
ahskd,1579.731832,0
jchris,864.832003,0
ohyama,518.339968,0
syned13,373.004595,0
Kazaha,776.733236,0
bouch,251.794534,0
always_allokay,88.609288,0
k0bayash1,-11.942377,0
Nishikoh,358.568566,0
ningensei848,7.801017,0
vngrdrc,751.894586,0
asterisk01,199.404001,0
krn,534.072101,0
makochan1209,119.382104,0
JingBo,-195.549678,0
deku17ans,242.192849,0
Henry_Chou,33.979074,0
taketake1818,487.136611,0
Matatabi,-195.549678,0
cocomoff,914.415338,0
ant2357,852.248811,0
shoodagiri,431.236687,0
darshimo,964.330762,0
arthur3864,653.932288,0
b11005,314.812935,0
nono_fg,585.688314,0
shoshosho,402.013313,0
hexa0611,1029.004820,0
dandan611,404.546357,0
smurak,696.716688,0
cm11_ike,324.654727,0
masa08,428.851887,0
tsunotti,270.176285,0
SpringUtoro,939.832003,0
izumi1632,421.223156,0
akiya3,298.261905,0
konoLv1,493.501442,0
sdyui,53.030294,0
tsune,337.114962,0
ryu_shigaU,295.261416,0
wakattaa,744.620761,0
PopFriedRice,159.371600,0
amatsukix,637.127172,0
sune707,64.361662,0
ragnarok,506.652796,0
mi8,24.102029,0
hisapon,112.914681,0
d6ms,861.126235,0
MurphysLaw,377.159793,0
Shochng,24.600919,0
ysdYSD,203.861854,0
aoshermes,449.485961,0
jack,118.721675,0
nconc,502.859433,0
himai,557.798939,0
Cork0158,33.079287,0
kawa168,268.193953,0
nikko07,-192.059913,0
SSchneider,321.128456,0
takanori0311,186.288072,0
Ryu_sak,426.235365,0
milktea114,54.323217,0
yaxk,401.707091,0
maruwo,393.176936,0
haruka2003,493.663890,0
shinobu52,297.240762,0
ababa,612.688314,0
ohta,186.514322,0
tukayama1956,-425.470010,0
kij127,-79.882031,0
adomine,188.323935,0
defined,255.885290,0
kikubun,124.448218,0
FDdwmk,982.344985,0
yokoyan,87.399904,0
Falco,-79.882031,0
YTJVDCM,-239.173127,0
mamemol,577.009063,0
terter,35.190798,0
tjnt,658.448645,0
rokuto,-242.068074,0
manjyu,147.430415,0
kita127,418.582298,0
bicycleman,793.812801,0
qqww12349,457.370246,0
micro19,339.484973,0
fuji_plus,-74.786140,0
anna,381.189773,0
areido,190.359562,0
myuti,280.843583,0
saishochi12,-61.656252,0
isewanko,259.037113,0
tky2a,248.174594,0
eyoitsu,234.489816,0
shiro_hane,331.981514,0
soratobi,-152.810654,0
yy17,24.102029,0
Uniden,49.625079,0
nnskn,-619.673136,0
h_16110s,571.989028,0
TETUSATO,448.225487,0
tanabeharuto,-148.211138,0
Haowang,109.306343,0
agusi,506.652796,0
squid0729,244.040645,0
GoyaTaka,53.030294,0
yokoteru,-89.191247,0
amaretto,52.066006,0
chiken,506.607052,0
eleven1059,336.699519,0
telamath,568.387767,0
Yoocie,129.544110,0
nomorevotch,369.031132,0
mskt,313.958094,0
komu,-136.446412,0
tsova,698.482028,0
Ch_zaqdt,453.225131,0
sy17082,42.230860,0
sato_ac974,197.376841,0
koncha,698.482028,0
Cycad,335.364834,0
hebihebi,188.274922,0
minddnim,878.501442,0
prdp89,-519.326947,0
yamanobori_old,259.037113,0
xanxus1204,56.665998,0
saltboy,-152.810654,0
yoru,42.994964,0
tomoyat1,859.399326,0
knt3110,825.932288,0
matope,453.105895,0
Manao5,121.919334,0
dutra,-242.068074,0
nope124,-65.373941,0
utageer,-372.282779,0
kahirokunn,234.256217,0
yukko,524.722798,0
momomomo,-33.363635,0
oqnoqn,221.080739,0
mk3ura,650.879232,0
kk27,-79.882031,0
prm0130,-196.915961,0
urusiguro,-152.810654,0
Zuck3r,165.856635,0
strixuralensis,257.092625,0
denx_uzigami22,-88.906350,0
nekosun,95.745722,0
BleOn,-242.068074,0
minnhei,124.448218,0
yukiyo,-54.179399,0
ngtksnt,-534.468822,0
mizuiro,66.410759,0
CatsManma,-257.209950,0
xxxlancerk,361.471508,0
hmr_270,-357.140903,0
tonny,417.681781,0
Urusu3,147.430415,0
jpfaw,399.681144,0
kokeshim0chi,-357.140903,0
mmut,-196.259105,0
outlook,-79.294902,0
n_h,197.376841,0
u_kei,99.510742,0
wasshoy,-368.229672,0
e233,-796.585819,0
halcomgi,-225.192867,0
U98,43.618095,0
hwnrehwr,29.664382,0
Ringo0731,266.083214,0
kameisannn09,302.886234,0
yoshim,-357.140903,0
maigo_mayoigo,212.103481,0
dhirabayashi,286.072416,0
dai_tech,69.095445,0
Diuli,1.080736,0
pedromend,351.754431,0
rooty19,-372.282779,0
guracoro,277.172795,0
Neighne,328.118864,0
roq,95.745722,0
KAONITEN,-57.111304,0
haruka3,-357.140903,0
Agatsuma854,-104.531421,0
moni,80.006806,0
seBen,183.247943,0
taikitigw7,82.304012,0
IshikawaRock,-52.879700,0
coolArray,489.362353,0
kure4,-457.487093,0
paru9497,219.358516,0
zoguti,44.058265,0
tst96,189.673556,0
passion_ranran,38.085745,0
mdfarhansadiq,-811.727694,0
Dexter,132.141029,0
aiko,103.773256,0
Tosyun,82.304012,0
polyester,-39.874390,0
Q2vfIbRZmz,52.550662,0
amabow,417.717967,0
Shun74,-38.210150,0
Rakaz,238.861444,0
syaroa,-73.397018,0
bittu_coder,991.832003,0
shoma0212,-21.373583,0
nktr,99.900921,0
Ubntro,380.296508,0
Yashi84,40.286689,0
taikinaka,35.190798,0
ponta20140811,207.206516,0
toritonton,-5.044785,0
Az1103,-180.228221,0
m_clove,-52.846728,0
rodaina,253.622198,0
yukinocist,420.208300,0
dotpon,52.945041,0
rikaguri,64.361662,0
fall,554.501442,0
kitamu,33.079287,0
putcho,54.414543,0
so0708,165.770754,0
Nasher,469.553929,0
meimaru,-282.303657,0
kyujin,-20.166248,0
youyan,-796.585819,0
takmoratorium,-52.879700,0
YumaHara,559.837823,0
sc0085ss,52.066006,0
gammaliel,167.668182,0
fuuga00,-225.192867,0
nibb1e,-292.014501,0
cookiencreamx,-796.585819,0
Ryo412,243.895238,0
hidok,218.305155,0
PresidentMaa,-619.673136,0
zaki_yama,-325.480026,0
ksrnnb,35.190798,0
jomj,-18.221759,0
taigok,338.419863,0
m_pixy,-18.221759,0
togeazm,-796.585819,0
himatubushi,124.448218,0
homuyama,165.296093,0
hta,-242.068074,0
sinchir0,-519.326947,0
TzflpD,-492.291644,0
atomukun,-79.882031,0
MCmashi,170.966615,0
windowchan,67.771568,0
spsc,-413.705284,0
tar0,67.162137,0
takashi_rits,154.596807,0
yuuki54,-796.585819,0
snoowty,367.227343,0
AJ19,-54.179399,0
TianyuZhou,305.156009,0
kayte,492.485209,0
greenapple03,341.055870,0
tmgm,235.959904,0
yanozawa,-152.810654,0
shigu,-69.275530,0
masayukikubo,271.492386,0
attakumi,-811.727694,0
yukihara,-215.032771,0
pan124,-242.068074,0
b1015218,-308.092419,0
Ichigo_Melon,-79.882031,0
Ivu1820,-796.585819,0
princessban,179.565225,0
mi_joker_,-796.585819,0
rentororo,82.011826,0
Kachiku,243.895238,0
hakat,81.709194,0
k6j1k7j4,254.144854,0
Hanicode,-796.585819,0
shuuuuuhei,-811.727694,0
u2000hiroki,-152.810654,0
whitebacker,399.178206,0
meitou,158.690924,0
mtaku3,33.079287,0
charlesLY,242.192849,0
cappuccino,447.516060,0
iqvocuc256,-357.140903,0
nukogi,-95.023907,0
koronyan888,-272.068175,0
oftun,211.811122,0
naos,-233.640778,0
risa,-143.155855,0
m_jun1015,-94.302205,0
rabbit1818,553.171193,0
potyama,-76.670917,0
zwu_2017010514,667.989028,0
starceo,95.745722,0
STING,439.831163,0
shiratsuyu,-8.566961,0
okada_z,286.072416,0
tatalmi,436.630472,0
ririci,-796.585819,0
win2610,82.304012,0
Chihuahua,262.503244,0
shirapon24,88.609288,0
Tkisha,-796.585819,0
umitora,-796.585819,0
ritu,-357.140903,0
kakishin,259.037113,0
Awazon,-361.046726,0
geshi_crep23,-36.604998,0
nidone,-77.854871,0
skiseg,-404.726442,0
sara_ciel,-973.913737,0
techforcode,10.643500,0
shiki_4,-167.952529,0
pycys,199.404001,0
raise,-519.326947,0
satom,-486.633907,0
rush_4th,-357.140903,0
atzou,-231.092167,0
kaiju,-519.326947,0
shady,-357.140903,0
yuki819,621.263667,0
kouke122,-429.209606,0
shiryu,239.048723,0
Vonlet,170.966615,0
patrick04,-357.140903,0
tkm0606,-298.632455,0
room,-242.068074,0
note180502,315.344618,0
Jin1101,155.814266,0
onoon25,-90.970800,0
bramth,104.639752,0
mlwaf,43.869584,0
shikaki,-54.179399,0
daison08,-18.221759,0
Seebook,-448.958202,0
happybirthday,-197.252066,0
pofi,-519.326947,0
taka56,-519.326947,0
Yonesuke489,-419.395993,0
kayokayo,-796.585819,0
atsukoba,491.462651,0
Takusuke,-195.549678,0
mooom,-274.491457,0
kobake,253.622198,0
nom100,-21.454472,0
mahmouddaif,-519.326947,0
ikik46,-167.952529,0
euphoria,744.688314,0
mahbub_ndc,-184.348359,0
takachanyade,-607.397445,0
hiroki22,188.274922,0
hax,-242.068074,0
yuusan,-295.301050,0
yappro,-242.068074,0
e1828,-696.654865,0
kosukebe0123,-171.962096,0
Mukan,88.945393,0
zuse,14.311011,0
skyheart13579,-419.395993,0
Vincent1218,-152.810654,0
MasterMk2,-796.585819,0
elehs,-521.419070,0
aoharu514,-551.816354,0
syuyu,-183.559626,0
kojoakine,-252.930594,0
alman,-472.808550,0
terry_t,-63.615512,0
toritory,-163.899423,0
grand_priest,26.088879,0
coyama,96.378745,0
LayCurse,1735.784591,0
umepa4025,-137.747909,0
ma2mo10,-47.188991,0
lund562,-796.585819,0
dai45suke,51.884219,0
WanAt2,-18.758040,0
Rayssacav,66.410759,0
Tommychen1,457.611868,0
Sengetsu,-1012.004837,0
i_za_world,182.990070,0
takohozi,-18.221759,0
o_xian,-257.209950,0
Futoren,-79.882031,0
ao213,-215.032771,0
Pro_ktmr,2030.479721,0
t_taku,-180.228221,0
yuuto_ikeda,-793.301475,0
meziro,-514.231055,0
nogizaka46,-52.879700,0
popcorn,-519.326947,0
Mizu1990,284.037608,0
suzu4869,971.832003,0
fdsldk,381.189773,0
squall0515,-811.727694,0
Fanti,-79.882031,0
KKO,336.699519,0
romth,183.102015,0
akiha123,-427.174579,0
tensaitensai,-519.326947,0
spokeydokey,-315.656301,0
krbsyk,383.266782,0
hiyokomame1999,49.625079,0
didiaoge,-225.192867,0
arisa,465.184547,0
some,-607.397445,0
tetra04,162.572290,0
SatsukiFlat,-619.673136,0
shakaijin00,-492.291644,0
tnktemp,963.579863,0
lingxiaosha,240.983065,0
chintake,-519.326947,0
kushida98,-425.470010,0
mokume1shine,536.295985,0
so_ei39,-534.468822,0
wateri,-357.140903,0
kopok,390.104591,0
tassu619,-497.851746,0
wts86,-796.585819,0
lowfox,82.304012,0
alexsun,-136.446412,0
