Petr,3778.243056,1
lych_cys,3126.932288,0
newbiedmy,3169.731832,0
Um_nik,3697.900421,0
eatmore,3531.027256,0
tourist,4081.479721,0
LHiC,3773.078518,1
cz_xuyixuan,2871.620761,1
Swistakk,3079.429013,1
pashka,3285.098770,1
apiad,3756.879232,0
majk,2855.320227,1
izban,2927.900421,1
wxh010910,3373.501442,0
Stonefeang,3448.688314,1
fjzzq2002,3078.330762,0
Egor,3456.011909,0
koosaga,3349.200315,0
ainta,3145.485209,0
krijgertje,2999.485199,0
yutaka1999,3678.243056,0
WA_TLE,3094.131879,0
zemen,3109.479721,0
mnbvmar,3652.731832,0
HellKitsune,2979.485209,0
andrey_efremov,2562.932288,0
ariacas,3115.663890,0
Timur_Sitdikov,2732.318592,0
BigBag,2422.501442,0
rahuldugar,2362.213033,0
japlj,3081.688314,0
Alex_2oo8,3111.011909,0
kczno1,3018.344985,0
mulgokizary,2896.812801,0
mangolassi,2207.731832,0
AndreySergunin,2853.027256,0
zscoder,2814.793473,0
molamola,3143.200315,0
Reyna,2888.320227,0
TadijaSebez,2472.344985,0
uwi,2959.870535,0
DmitryGrigorev,2857.481577,0
hank55663,2416.638159,0
tomerun,2894.200315,0
heno239,2380.916334,0
ugly2333,2680.485199,0
noshi91,2514.534694,0
endagorion,3367.989028,0
natsugiri,2790.479721,0
iloveUtaha,2674.330762,0
Rzepa,2588.620761,0
June_boy,2331.088892,0
qwqwq,2739.136066,0
drafear,2517.534694,0
qwerty787788,3094.330762,0
HeHere,2495.812801,0
sheyasutaka,2585.817446,0
teomrn,2598.932288,0
qiqi20021026,2556.620761,0
tanphatls987,2149.057553,0
Cyani,2512.098770,0
fizzydavid,3164.330762,0
beet,2621.024494,0
jah_melon,2604.399326,0
kort0n,2437.638159,0
luhong,2126.399326,0
grumpy_gordon,2548.213033,0
EgorLifar,2294.485209,0
rickytheta,2811.107084,0
toloraia,2031.136066,0
reew2n,2429.088892,0
Golovanov399,2989.900421,0
wangyuji,2760.136066,0
ats5515,2710.146899,0
BaKIn,2501.989028,0
300iq,2887.916334,0
goodbaton,2528.141232,0
orbitingflea,2743.832003,1
nqiiii,2701.812801,1
EricHuang2003,2712.731832,1
hos_lyric,3188.126235,0
tour1st,2604.126235,0
Errichto,3263.989028,0
snuke,3433.243056,0
aid,3215.141232,0
Marcin,3366.730468,0
dragoon,2632.141232,0
Misteer,2132.579863,0
nwin,2304.494528,0
yumeno_ukihashi,2303.731832,0
base64,2218.579863,0
Danylo1999,2198.057553,0
espr1t,2167.344985,0
nejineji,1991.141232,0
pwild,2573.879232,0
ogiekako,2400.011909,0
voover,2968.730468,0
betrue12,2394.243056,0
nxteru,2246.481577,0
liouzhou_101,2235.879232,0
kotatsugame,2249.979853,0
fuppy0716,2348.784591,0
catupper,2621.481577,0
JonasAAA,1843.731832,0
ryoissy,2360.248811,0
aryanc403,1725.126235,0
Aquarius,2703.660975,0
square1001,2500.979853,0
iehn,2139.280410,0
nuip,2799.303214,0
shayanp,2312.688314,0
EliteWantsYou,2253.832003,0
Eliden,2639.330762,0
ynymxiaolongbao,2369.979853,0
sumoooru,2017.016071,0
reality,2485.579863,0
erdemkiraz,2153.812801,0
august14,2921.879232,0
Motarack,2608.051711,0
WonderMouse,1722.083407,0
chokudai,3037.011909,0
kunyavskiy,3202.330762,0
imeimi2000,2876.620761,0
shadowatyy,2502.083407,0
ksun48,3756.479721,0
gazelle,2443.642578,0
aitch,3104.011909,0
antontrygubO_o,2331.832003,0
ichyo,2184.088892,0
lucasr,2181.812801,0
yokozuna57,3050.638159,0
btk15049,2460.088892,0
leaf1415,2242.344793,0
amoo_safar,2463.832003,0
hawkomg,2452.832003,0
Gloid,2218.344985,0
trabbart,2009.731832,0
kurowassann,2147.057553,0
chemthan,2618.057553,0
gasin,2308.534694,0
tanzaku,2302.024494,0
LODB,1895.620761,0
lzw4896s,2207.730468,0
Shun_PI,1881.213033,0
waynetu,1581.136066,0
noimi,2070.213033,0
nai,2306.078518,0
return_my_2007,2223.879232,0
tubuann,2126.638159,0
ShichengXiao,2413.098770,0
Heltion,2353.399326,0
PikMike,1880.620761,0
etyu,1866.688314,0
mtsd,2261.520399,0
yuma000,2578.663890,0
BohdanPastuschak,1984.730468,0
merom686,1928.096374,0
satashun,2690.660975,0
rikein12,1685.501442,0
Morass,2373.932288,0
chocorusk,2359.900421,0
olphe,2366.056905,0
FF256grhy,2082.019840,0
yhchang3,2295.000000,0
moririn2528,2250.468325,0
eiya,2198.276467,0
veqcc,1735.078518,0
math,2613.181366,0
gritukan,2714.638159,0
potetisensei,2495.200315,0
penpenpen,1720.485209,0
nagiss,1929.479721,0
Motsu_xe,1803.485199,0
etonagisa,2010.146899,0
b2563125,2193.989028,0
monolith,2261.318592,0
hiratai,1958.638159,0
adamant,2135.429013,0
juckter,2135.429013,0
Lce,1794.136066,0
mHuman,2535.429013,0
lqybzx,2290.812801,0
s0fa,1441.832003,0
Tallfall,1568.989028,0
MichaelLevin,1698.000000,0
kalpitk,1587.816317,0
rstoick,1785.330762,0
LayCurse,1995.318592,0
xellos,2865.200315,0
lessmeaning,1982.832003,0
jwvg0425,2199.399326,0
zbw001,2140.989028,0
maze1230,2215.118984,0
tozangezan,2915.243056,0
Rafbill,2895.078518,0
TangentDay,2600.024494,0
nikutto,2326.468325,0
kmjp,2804.793473,0
kyopro_friends,2445.879232,0
liu_zhan,2154.399326,0
NMLibrary,2295.479721,0
TheOneYouWant,2295.479721,0
kotamanegi,2162.037334,0
rapurasu,2047.057553,0
hitonanode,2704.200315,0
Thistle,1973.421465,0
hahamengbier,1623.000000,0
hoget157,2559.793473,0
RobeZH,2127.344985,0
ei13333,2325.019840,0
pllk,2239.832003,0
includelhc,1828.399326,0
Hoi_koro,2360.248811,0
ransewhale,1951.660975,0
abc050,2283.248811,0
ha15,1930.429013,0
sdssudhu,2269.413209,0
sumitacchan,2357.485199,0
shake,1645.494528,0
gojira_ku,1716.213033,0
primenumber,2182.213033,0
emthrm,1842.429013,0
mechanicalpenciI,2462.485199,0
T1610,1789.022045,0
integralyamada,1574.213033,0
Arg_007,1899.216449,0
cjy,1141.089016,0
yamunaku,2205.485209,0
alexpetrescu,2293.344985,0
chaemon,1969.210085,0
orthodoxparadox,1490.136066,0
isaf27,2715.344985,0
cotton100pc,1639.213033,0
coco18000,1762.916334,0
STommydx,2013.399326,0
m_tsubasa,1787.318592,0
TAMREF,1976.832003,0
yudedako,1844.579863,0
jell,2109.485199,0
sansen,2180.213033,0
youjotape,1587.501442,0
claw88,1969.118984,0
saharan,1845.579863,0
tantakatanmen,1421.879232,0
iwashi31,2179.046092,0
tbs_sajal,1686.413209,0
i7_yoc,1569.141232,0
george_s,2351.620761,0
holeguma,1853.057553,0
amyu,1304.730468,0
yukidaruma6,1761.344793,0
pedy4000,1352.136066,0
Kats,1725.870535,0
monkukui,1714.088892,0
OrangeRain,1660.136066,0
kenken714,1762.501442,0
QuartZ_Z,1841.415338,0
potoooooooo,1978.485209,0
ekrem,1683.136066,0
GidroOttenok3797,2148.832003,0
okkuu2,1534.083407,0
x20,1815.017856,0
hangyesheng,1696.932288,0
tamurin,1258.213033,0
cyan,1788.320227,0
ikatakos,2037.881746,0
kurenaif,1693.481577,0
startcpp,2140.027216,0
tatyam,2275.784591,0
nmnmnmnmnmnmnm,1839.107084,0
transcompany,1997.098770,0
keima915,1678.344985,0
kaming,1499.932288,0
socketnaut,2652.832003,0
Roundgod,2653.501442,0
macaroni,1550.501442,0
Gacho_0716,1764.318592,0
char134217728,1966.083407,0
ttttan,1747.213033,0
Ti11192916,1710.341348,0
shubham__36,1852.731832,0
cutmdo,1800.638159,0
gratan,1548.344985,0
remin,1829.107084,0
mahmoudbadawy,1382.731832,0
helThazar,2059.083407,0
theory_and_me,1655.216449,0
luma,2232.344793,0
physics0523,2146.051214,0
flowsignal,1692.731832,0
arthurconmy,1368.027256,0
kkktym,1265.638159,0
ward1302,1840.989028,0
Hiasat,2008.078518,0
Doju,2427.501442,0
libra9z,1417.318592,0
Vergara,1287.208642,0
MiuraMiuMiu,1554.900421,0
yu3mars,1620.118984,0
nrvft,1048.932288,0
cuthbert,1350.213033,0
ymatsux,2157.485199,0
satanic0258,2415.019840,0
YamaguchiT,1302.243056,0
Hec,2360.037334,0
Pojoy,1299.479721,0
sugarrr,2081.303214,0
kazuma,2444.132207,0
ymch1905,1554.429013,0
midzki,1113.688314,0
soshun,1777.330762,0
tran0826,1427.344985,0
simkaren,1604.078518,0
imalyd,2232.083407,0
bigdekopon,1952.200315,0
erbowl,1276.318592,0
kyawa,1002.932288,0
makecir,1682.900421,0
shdut,2135.485199,0
suikameron,1501.098770,0
arnold518,1714.126235,0
DGC,1640.620761,0
TAISA_,2029.320227,0
kagasan,1886.485199,0
fetetriste,2033.344793,0
mino,1803.881746,0
xuelei,1663.638159,0
pedish,1393.731832,0
toropippi,1300.083407,0
Ju_Ga_Me,1470.429013,0
Kiona1018,1311.832003,0
kozima,2203.485199,0
Ktya_59,1884.320227,0
yta_smh17,1722.057553,0
Hyado,1021.688314,0
toshihoge,1748.989028,0
mikit,2074.485209,0
ogino,2274.832003,0
c1729,1469.932288,0
shpvb,931.812801,0
Minamoto,1702.731832,0
penguinshunya,1581.501442,0
kongroo,1970.688314,0
lrmystp,2011.494528,0
Ksaw,1678.344793,0
ttsuki,1696.989028,0
yatuba,1501.415338,0
Katu2ou,1058.027256,0
IgoRamli,1762.413209,0
smelskiyd,2058.812801,0
ks2m,1435.429013,0
ush,2284.501442,0
Rinscg,800.027256,0
sykwer,1641.243056,0
TMJN,2140.900421,0
edamame88,1309.216449,0
wa007,1560.812801,0
drogskol,1790.479721,0
kusano,2066.520399,0
rsk0315,1846.088892,0
hitstales,1492.083407,0
mzuev,2377.932288,0
xxjAc,1086.126235,0
ryoryoryo111,1591.479721,0
tnyo43,1744.213033,0
Okay,1478.900421,0
unsre,1729.379296,0
phocom,1467.784591,0
deoxy,1985.846007,0
maspy,2009.812801,0
hai,2260.083407,0
mhi3,961.200315,0
xuzijian629,1848.243056,0
kindness,1049.812801,0
Mojumbo,1465.485209,0
caeious,2211.989028,0
kuuso,1842.096374,0
yydoco,1453.501442,0
imxian,2271.399326,0
kb_11,1448.932288,0
LYYLYY,1787.126235,0
matsu7874,1775.784591,0
yumsiim,1695.078518,0
DNA1980,1026.083407,0
earlgrey_yh,1426.078518,0
ruterute1,1785.330762,0
cinnamoroll,1919.057553,0
KLPP,2415.136066,0
syl659,1930.216449,0
nohtaray,1369.932288,0
myun,1430.663890,0
ningenMe,1706.846007,0
bomac1,1845.784591,0
toku,1418.057553,0
skiqetx,1718.812801,0
izumo,1575.870535,0
aquaCpp,1667.501442,0
Suunn,1968.900421,0
mjtai,1570.126235,0
CQUzbx,1960.620761,0
meaningful,2152.000000,0
catoon,1661.916334,0
quang,2276.000000,0
ten986,2019.714047,0
latter0206,1223.399326,0
vivek_1998299,2135.136066,0
snow39,1788.051711,0
Zain,1786.141232,0
yuya178,1730.534694,0
mhrb,1752.213033,0
mongsiry013,1107.136066,0
wisteria0410ss,2009.485209,0
FigFig,1846.731832,0
ezewin,1663.638159,0
hide1214,1872.481577,0
treeone,2096.046092,0
hs484,2098.494528,0
StarCuriosity,2040.344985,0
keita27,1310.027256,0
glebushka98,2338.399326,0
mafillth,1151.989028,0
RMQ,1750.481577,0
xlight789,1258.793473,0
nadare881,1585.578268,0
takeo1116,1615.379296,0
teapotd,2117.812801,0
Yanxwb,799.007800,0
kimitsu_emt,1507.879232,0
uhiro,612.623706,0
BackOnTrack,2081.141232,0
FMota,2010.870535,0
cirno3153,1704.468325,0
hig98ingro,1558.879232,0
hashiryo,1724.280410,0
CIao,1312.413209,0
kekke28,1561.027256,0
Antoine,2116.344985,0
alexandraudr,2112.620761,0
anagohirame,1790.485199,0
Qbit,1215.413209,0
Brostash,1184.136066,0
masayoshi64,1325.126235,0
enjapma,1957.870535,0
Haruyuk1,1397.730468,0
tokumini,1840.027216,0
ACLeo,1031.620761,0
Power730,1579.481577,0
cs71107,1428.832003,0
frozenlib,1425.057553,0
nanae,1735.201523,0
ukikagi,2262.078518,0
AokabiC,1516.131879,0
Sashiming,1349.280410,0
shotat,1256.932288,0
MMNMM,2305.146899,0
dusty0,-79.882031,0
homesentinel,1859.118984,0
newuser,1356.731832,0
xh092113,1533.814224,0
yetnone,1316.663890,0
cunitac,1293.663890,0
miyajan,1310.126235,0
Lafolia,1551.051711,0
suiyuan2009,2144.318592,0
Gear,1921.341348,0
m_99,1685.415338,0
Endered,1613.027256,0
Urlieonthe4,1262.344793,0
sunshine_chen,1801.832003,0
xiaowuc1,2296.688314,0
kzyKT,2004.022045,0
khir,1798.485199,0
osamu329,1124.344985,0
karakasa,1301.485199,0
toyama,1321.793473,0
xvenom99,1794.731832,0
threecourse,1999.638159,0
jiwansandhu,1188.552033,0
ishikado,1889.415338,0
hanaoka_,1394.399326,0
convexineq,1922.784591,0
cedretaber,1534.141232,0
ykmaku,1290.979853,0
nu50218,1666.243056,0
ken_oz,952.083407,0
walkre,1742.379296,0
lakshay_nasa,1310.832003,0
dinesh_12345,1191.126235,0
ibuki2003,1408.494528,0
hiromi_ayase,1918.341348,0
hoxosh,2040.520399,0
yamad,2207.132207,0
kobae964,2826.714047,0
nacky,1070.330762,0
mutty,1105.136066,0
OsamaAlkhodairy,1341.501442,0
heysan,1309.318592,0
Shibungi,1571.900421,0
Lawali,2001.663890,0
koikuchi,1361.832003,0
lengthandditty,1339.688314,0
AmanGupta_,1087.226262,0
yutake2000,1352.083407,0
tute7627,1500.083407,0
daut,1349.415338,0
koikotya,1828.141232,0
wotsushi,1859.344985,0
ferin_tech,2016.793473,0
th90tk297,1527.660975,0
minmin408,1030.057553,0
pengin,1449.131879,0
set0gut1,1841.027256,0
nemosy11111,1344.731832,0
knom,1644.731832,0
wakax366,1398.136066,0
drken,2462.057553,0
anomuno,1237.083407,0
Ardi,1331.344985,0
fragusbot,1922.784591,0
bvd,1818.832003,0
m1sch3f,2110.413209,0
atsushi015,1310.688314,0
instantkill,1491.027256,0
torisasami,1628.318592,0
nakario,1228.485199,0
spinute,1437.027256,0
shinike,2017.879232,0
rookzeno,1729.485209,0
furuya1223,2141.146899,0
kokubun0293,1362.817446,0
temp_name,1374.501442,0
lucky3977,1311.280410,0
ZollingerPython3,1595.494528,0
Yukly,1550.846007,0
nimon,1550.429013,0
harmokey,1756.468325,0
moku,1748.932288,0
zunda1st,1502.579863,0
Gobi,1646.318592,0
shikhar8,442.469992,0
Akinorew,2150.932288,0
suwakotaro,1371.916334,0
kcvlex,1929.714047,0
raghav0307,1616.731832,0
aftercider,887.731832,0
sugyan,1151.688314,0
zenrosai,822.832003,0
shun0923,1479.832003,0
jdh,1274.688314,0
shindannin,1808.078518,0
boutarou,1324.485199,0
morio__,1693.213033,0
takumi152,1602.688314,0
cvele,1359.083407,0
yuzupom,1602.243056,0
ganmodokix,1562.638159,0
Vivek_Rathi_53,1371.628181,0
yuiop,1773.070254,0
masterstroke,1851.812801,0
Y6I,1270.344985,0
hati,1386.083407,0
nadchu,1614.879232,0
topaz13,1038.415338,0
issei,1325.344985,0
yana87,1673.979853,0
shel,1175.330762,0
xcodevn,678.965963,0
cn449,1472.501442,0
wakuwinmail,1359.579863,0
AK141,1142.501442,0
dAi00,1538.200315,0
hpns2592,1450.989028,0
yukarinoki,1454.730468,0
JERRY,1330.429013,0
jiwon0522,2151.660975,0
XRQimagin,1501.932288,0
thidailoc,1511.330762,0
mizinnkotaisa11,1376.989028,0
elecre3038,1359.011909,0
takedarts,1453.832003,0
takeharak999,1326.027256,0
willofhare,1031.932288,0
traxex,1994.832003,0
meruru,1168.136066,0
rtia1227,1785.485199,0
fwat,-357.140903,0
espressivosubito,1700.210085,0
yy4,1297.916334,0
crane496,986.136066,0
njchung99,1654.731832,0
Sigma1023,1092.415338,0
a2stnk,1987.534694,0
sbite,1465.216449,0
Shinjirow,1355.481577,0
carrot46,1161.126235,0
to12lz,1339.638159,0
VTR,1512.534694,0
ecasdqina,1803.714047,0
ngs_436,1264.638159,0
Yu_212,1273.501442,0
mutuhuhihusenonu,1549.057553,0
juppy,1535.879232,0
Temurbek_Khujaev,1815.731832,0
rahul_,1965.620761,0
rhincodon66,1356.320227,0
mori08,1530.243056,0
quiye,1528.479721,0
kiyoshi0205,939.832003,0
yuto953,1524.415338,0
rutas123,1452.501442,0
zundamochi_1117,1856.638159,0
LEE_0102,1307.243056,0
kwfumou1242,1570.213033,0
suzume,2004.379296,0
Ruloch,1422.989028,0
iica,2043.846007,0
AnandOza,1934.136066,0
shot,1676.578268,0
Kurpilyansky,2759.399326,0
progmatic,2835.200315,0
sash0,1619.011909,0
rk222,1425.663890,0
rahdpp,1439.136066,0
kilattoeruru,1381.078518,0
hahho,1802.579863,0
jp3bgy,1484.638159,0
kerotan,1416.126235,0
Down,1314.620761,0
tirtha_24,1333.413209,0
nooka,1572.415338,0
ikasashi,1659.870535,0
TAB,2028.078061,0
nagitaosu,1440.083407,0
asaka,1242.817446,0
avm,1758.027256,0
mshcherba,1982.429013,0
VladProg,1734.932288,0
tonowak,1841.126235,0
taka_katsu0411,1289.501442,0
hururu,1260.638159,0
mashpoon,1112.011909,0
ponponpainful,1249.501442,0
plcherrim,1674.320227,0
glucose,1585.688314,0
shimisho,1483.141232,0
idsigma,1909.344793,0
watason,974.318592,0
futty,1396.216449,0
Ulysses,877.344985,0
Liones_Hina,1524.731832,0
sash,1370.989028,0
Aslan168,1403.429013,0
guessWHO,1293.413209,0
raoZ,784.399326,0
ayk16,899.644560,0
EntityIT,1320.731832,0
guvi007,1104.399326,0
toa2525,1797.344793,0
MagicSpark,1761.932288,0
mohammadrobot,1745.812801,0
wizist,1171.136066,0
T49E2,1287.200315,0
gksato,1816.098770,0
m44,1113.832003,0
miku,1582.057553,0
tanakh,2152.578268,0
nadeshino,1516.078518,0
nayuta13,1084.330762,0
p50p100,831.812801,0
qLethon,1541.784591,0
okudeottu,1462.485199,0
hjmkt,1329.126235,0
Yuki_Utaai,1406.900421,0
ytkn,1808.730468,0
define,1489.141232,0
kinodjnz,1187.413209,0
TKO,1385.688314,0
Doneru,1325.330762,0
viSkey,1344.399326,0
amezaki1007,984.485199,0
hapdap,1343.501442,0
hana,1257.216449,0
naoya_t,1707.320227,0
grvehomju,1607.027256,0
knshnb,1921.479721,0
CosmicWolf,1021.136066,0
nyama,1471.989028,0
nehan_der_thal,1399.485199,0
fujitsubo,1243.083407,0
ktr216,1588.663890,0
junjunjunk,1003.415338,0
coconight,1600.413209,0
qxa,1332.399326,0
wkb89_,1652.479721,0
alextxu,1694.932288,0
chocopuu,1520.057553,0
yuji9511,1484.078518,0
righttoleft1134,1422.027256,0
robertv,1694.344985,0
hiro142,1148.812801,0
shirodoni,1709.730468,0
Nyaan,2007.812801,0
kibi62,1677.479721,0
cloudsky,1776.663890,0
hirokazu1020,1899.181366,0
Iso_,1075.932288,0
kanra824,1621.730468,0
Hora,1428.344985,0
Salmonize,1263.083407,0
risujiroh,2380.479721,0
muuchan,1461.620761,0
faimerth,1327.812801,0
jlrterceiro,1499.812801,0
KoD,1375.429013,0
yacropolisy,1586.200315,0
Dekiru,1662.399326,0
AtamaokaC,1233.730468,0
ArturSocha,1667.817446,0
lemon_,1207.663890,0
mathyuuugo,966.027256,0
spihill,1647.479721,0
K_274,1545.083407,0
kichi2004,1331.916334,0
Gosu_Hiroo,1446.200315,0
xuxuxuxuxu,1266.413209,0
tota66,1026.638159,0
iwashisnake,1927.846007,0
habara_k,1854.057553,0
Rubikun,1385.136066,0
sapphire15,1237.688314,0
mban,1647.210085,0
reihiguchi,1049.879232,0
senritsuki,1130.932288,0
itohdak,1305.638159,0
pajenegod,1977.731832,0
syawacha,1483.989028,0
arktan763,1315.126235,0
Alice_holic,948.344985,0
shiita0903,1498.210085,0
kiyokiyo,1369.344985,0
proton_1602,1308.688314,0
Mayimg,1445.638159,0
ahskd,1598.136066,0
gasugesu,1166.916334,0
kazunetakahashi,1978.078061,0
BlahDuckling747,1391.318592,0
genkinanodesu,1691.027256,0
zhangyuxi,2400.000000,0
sutoku0718,977.989028,0
mohudrum,1411.989028,0
SGI,1997.881746,0
tRue,1324.479721,0
sueki,1521.620761,0
masutech16,1317.213033,0
rook0809,1371.344985,0
anmoliiitd,1702.688314,0
Top34051,1736.027256,0
babumi,760.142300,0
nibab,1654.900421,0
ast210,1545.429013,0
divinediscon10t,1434.243056,0
mencotton,1729.881746,0
mo3tthi,1318.479721,0
C7BMkOO7Qbmcwck7,1268.318592,0
osmanys,1453.620761,0
su_565fx,1362.213033,0
stan255,1340.638159,0
Kevin_Zhang_TW,1569.812801,0
sinatori,1578.027256,0
s496t,1438.051711,0
pontaryagin,1487.216449,0
sarf,1075.027256,0
vss16996,625.732988,0
nakana_kayaru,1288.141232,0
NKudryavka,1471.366550,0
MatsuTaku,1214.479721,0
G20202501,1651.688314,0
O1O1,990.344985,0
yosswi414,1275.303214,0
amuyikam,898.932288,0
glia269,1213.485199,0
HNN_8127,1792.399326,0
tabr,1383.243056,0
uzzy,1886.098770,0
xiaoshizhan,1296.501442,0
scorzh,1558.136066,0
Roy_R,1462.027256,0
bowwowforeach,1263.501442,0
null_null,1242.900421,0
kfukuta,1359.083407,0
keymoon,1939.817446,0
Hewla,1622.210085,0
G20202502,1572.688314,0
ibuki_suika,1979.812801,0
task4233,1241.318592,0
Aotsuki_,1305.730468,0
muneur,961.136066,0
akimotty,1136.916334,0
tayama0324,1724.399326,0
ogura01,1223.344985,0
SpokenLib,1303.213033,0
daikimatsu06,882.620761,0
Ryo2016,1771.132207,0
hnakashima,1125.057553,0
woodline23xx,1507.051711,0
tmcoder,1247.485199,0
zln,926.126235,0
roimu,1210.098770,0
tamato,1309.932288,0
x0214sh7,1684.201523,0
yuki1997,1822.330762,0
tomarint,1418.501442,0
kujira438x,1569.916334,0
stkz_uq,1266.213033,0
lapis_Lazuri,1334.879232,0
the_zeng,1084.136066,0
kudo1234,1196.136066,0
sharmajatin741,1397.399326,0
etomaru,1287.731832,0
goodR,1476.136066,0
platypus,2379.163225,0
tonegawa,1296.663890,0
TyomaR,2075.344985,0
tspcx,2074.341348,0
dn154,1279.479721,0
charhan,995.399326,0
Bobyama,1568.485199,0
graythunder,1117.429013,0
Jasn9,1458.620761,0
y60,1574.932288,0
ACCUP,1326.579863,0
tomboftime,1450.900421,0
wygz,1903.485209,0
minus3theta,1771.320227,0
kibuna,1535.688314,0
katom,1091.027256,0
xyz600,1697.415338,0
kazuaki3280,1196.620761,0
xuziyuan,1563.485209,0
shibh308,2007.846007,0
jx6,1061.812801,0
yoyomion,1158.399326,0
yuma220284,1401.688314,0
brainfxxk,1688.620761,0
RTnF,1347.413209,0
cherrypi59,1635.916334,0
goryudyuma,1853.846007,0
noko206,1001.200315,0
yakata66,1158.216449,0
noribentooooooh,1459.730468,0
huas_wake,864.932288,0
sapo,800.620761,0
harady,1282.481577,0
martins,1488.413209,0
madame_butterfly,1610.000000,0
akusyounin,1848.534694,0
YamagenSakam,1185.223922,0
KaigyakuRoushi,1183.413209,0
mizuki,1358.900421,0
se1ka2,1490.663890,0
nikeeshi,1572.083407,0
TKR18,1206.243056,0
DFNasutarou,1614.330762,0
dff9th,1230.730468,0
keishimon,858.126235,0
warachia,1160.399326,0
Narh,1932.413209,0
anmichi,1528.141232,0
youluoy,1391.280410,0
Dice64,1158.932288,0
garnacha,1764.181366,0
myoi0905,1315.320227,0
stefdasca,1785.620761,0
yusapon,1157.501442,0
moxn_nxom,1512.078518,0
arfz,1186.200315,0
k1d,1716.344985,0
CleyL,1186.078518,0
boatmuscles,1125.900421,0
nagpaljatin1411,1813.000000,0
takitamaru,1131.932288,0
mod_poppo,1561.399326,0
crom,995.468325,0
yayyayyay,1063.083407,0
Virali,1008.136066,0
ryokamoi,1535.027256,0
ani37,1045.620761,0
askl123,1726.413209,0
Lemon293,765.429013,0
Valkyrja,1169.216449,0
esaka,943.932288,0
taxi1729,1161.485199,0
Derek,1321.078518,0
hfccccccccccccc,1800.000000,0
dn6049949,1552.879232,0
shogier,1299.688314,0
IgorI,2226.413209,0
Noimin,1731.146899,0
fockl,1576.485199,0
machida_k,1263.932288,0
Huah,1431.098770,0
KawattaTaido,1065.932288,0
petrouchka,980.088892,0
emak,1762.057553,0
butterfly1026,1441.485199,0
JunSH,1257.136066,0
kt_tenel,1775.870535,0
oykn,1205.932288,0
fatguy,956.224835,0
zxz666,806.832003,0
kanade2001,1032.399326,0
daiotail,1205.932288,0
ysenoh,1061.170541,0
tranxuanbach,1444.731832,0
bekzhan29,2403.083407,0
saikoumi,1507.415338,0
Ling2Feng1,1463.638159,0
ikd,1593.024494,0
linare,1555.989028,0
CHOHCOOH2,1208.399326,0
wlalala,668.083407,0
KKT89,803.344985,0
mint,1506.485209,0
titia,1795.916334,0
mickie,884.399326,0
code_name123,954.083407,0
lodnix,1247.051711,0
shimarut,953.989028,0
new18,917.730468,0
m_m,1083.083407,0
ayatosuzuki,1053.399326,0
kaityaxn,761.688314,0
kanpurin,1197.344985,0
HMaekawa,830.501442,0
nishionyama,1574.098770,0
cleantted,1288.303214,0
m1k__,967.688314,0
denverjin,1325.485209,0
octo,1296.638159,0
tatsumack,1576.318592,0
Tomhammar,798.157250,0
arpit040199,1396.083407,0
yoshrc,1409.098770,0
Alt3,1786.485209,0
Hirosesesese23,1551.916334,0
ponpon05,1467.534694,0
FFjet,1041.462121,0
yujidx7,1767.027256,0
ligen131,1365.479721,0
cvonder,1635.501442,0
hideh_1231,1235.341348,0
vivek_shah98,1361.501442,0
hirono999,1026.083407,0
eleven,1322.011909,0
fumiphys,1968.579863,0
Chinmay,1028.136066,0
SahikA,1285.832003,0
nazonazokun,1087.879232,0
nuts,1503.879232,0
tsuinatomikku,1327.415338,0
renoyu,1052.210085,0
jellyfish,1224.494528,0
tanishi14,1438.200315,0
spookywooky,1319.136066,0
qisnotnq,1605.011909,0
spica314,2048.379296,0
yusuke0518,1240.429013,0
aokabi,1044.098770,0
ArthurZhao,2065.413209,0
fresco_ferdini,1436.812801,0
sosuurekkyo,1233.812801,0
creep04,1803.479721,0
kk09,1401.688314,0
iwkjosec,1222.216449,0
sake,2371.812801,0
xish,1341.730468,0
failed__coder,1483.832003,0
shugo256,1540.501442,0
mutaito,761.002559,0
maitsu,475.822636,0
kinta122,1226.688314,0
Osmium_1008,1131.318592,0
ruia_prime,794.126235,0
omikad,1533.136066,0
TakaakiUmedu,1600.817446,0
longtime,987.620761,0
mitchieDuho,1042.485199,0
spawn,1837.688314,0
takytank,1151.399326,0
noriok,1266.881746,0
huma17,1335.415338,0
skym,684.638159,0
tyawanmusi,1052.501442,0
yuyawk_0908,1153.832003,0
sononamotom,1099.126235,0
hogeover30,1459.088892,0
hi_watana,1369.485209,0
eityans,1148.663890,0
penicillin0,1041.663890,0
yupiteru,1514.812801,0
thishi,1191.344985,0
cc226158,681.083407,0
Namazu,1346.638159,0
TumoiYorozu,1865.494528,0
ir_1st_vil,899.011909,0
mengxiaoyan,1141.399326,0
hibatibati,1455.415338,0
fgwiebfaoish,1485.579863,0
mihai50000,1373.501442,0
shivansh5,1373.501442,0
iuuur,615.678735,0
Lteins,1676.136066,0
aguroshou,1131.784591,0
tamreff3290,1208.098770,0
tome100100,857.663890,0
Trineutron,1178.731832,0
ourtake,1206.879232,0
na_o_s,1421.126235,0
nobu_K,551.467976,0
kema,1702.057553,0
Naoki_M_,1517.181366,0
tamihuru,1132.200315,0
akun0716,1171.318592,0
neetsdkasu,1237.051214,0
warahiko,1213.027256,0
kt71079,901.832003,0
mechfrog88,1252.989028,0
Ichijyo,979.303214,0
glycine,1278.579863,0
Sameep17264,1478.204324,0
haji,1980.070254,0
kawap23,984.620761,0
xsd,1220.413209,0
apigoflily,1001.330762,0
zhupeijun,1282.620761,0
y011d4,1478.330762,0
SpringUtoro,692.255751,0
shionhonda,1076.501442,0
Arthur_Lugh,1273.916334,0
bluexleoxgreen,1006.989028,0
scarlet7000,1350.429013,0
ritick,1742.832003,0
ktynry,1057.126235,0
tata,1210.479721,0
mokkyu9,1516.989028,0
ugnom1121,1287.879232,0
shell_wataru,1319.730468,0
idaten,1515.485209,0
testtest2,1515.485209,0
amostanls,767.563780,0
trasta,1016.083407,0
Joy_M1K1,555.827829,0
tkbtkysms,1077.126235,0
iet461,1266.200315,0
Speedster,2218.141232,0
saytakaPC,1476.989028,0
ahmad_salah,1323.731832,0
pony_murayama,1214.344985,0
nakaken88,1151.399326,0
shibly,1353.501442,0
wh317706,1187.216449,0
toromaki,1315.330762,0
battamon,1383.620761,0
darjeeling,1012.916334,0
toot_tatsuhiro,1317.989028,0
gmmtea,1043.832003,0
m0bec,1124.916334,0
osakanamaru,1157.832003,0
gxy,1582.413209,0
yniji,1044.011909,0
kamojiro,1444.479721,0
Nishi3311,595.747772,0
jam_game,1330.832003,0
ruu_413,1195.098770,0
sirokome19,866.688314,0
ykst51,1319.200315,0
keikubo,813.126235,0
plonk,1527.870578,0
pseudo561,1366.415338,0
hiro116s,2056.057553,0
snowhork,1483.730468,0
uindou,634.397789,0
rinzu,1489.141232,0
eQe,1339.916334,0
LeonJoel,1129.916334,0
qython,874.202460,0
kiki33,1478.216449,0
tk555,1329.784591,0
rch850,828.727677,0
kemingsurface,1480.485199,0
itigo,936.932288,0
redri,930.501442,0
siman,1544.083407,0
devarshi09,1273.730468,0
waidotto,1501.078518,0
kosuke1012,885.638159,0
etsuko,1388.620761,0
Touri,489.259520,0
raii,1351.731832,0
fmp,855.688314,0
kyaco,1047.688314,0
hamuhei4869,1430.881746,0
rrf,1259.870535,0
hanada3355,976.341348,0
hydraa,1553.136066,0
MonsterInMe,1396.832003,0
imbr92,1541.136066,0
iTakeshi,1339.057553,0
amaturi,852.932288,0
nemupm,1266.932288,0
polarbear08,1534.784591,0
totori_nyaa,1293.216449,0
ScarShield,1721.399326,0
oevl,1339.479721,0
thor1192,855.932288,0
Tommy6,1176.579863,0
natsuki_iwn,1284.832003,0
gyouzasushi,856.126235,0
sensaur,1536.731832,0
wolfmagnate,1057.932288,0
igaxx,1681.932288,0
vichitr,1200.083407,0
nayuta,1066.078518,0
hamko,1835.979853,0
keep_OC,1371.303214,0
rajyan,944.399326,0
tonami,1230.663890,0
jngt,881.620761,0
Maaddy,490.964511,0
matheusop,965.136066,0
setsuna,969.011909,0
caowenbo,1306.412330,0
jnarutoj,1306.412330,0
cherry7kurai24,1771.303214,0
caesar2001,1676.136066,0
keserasera_77,814.879232,0
tejas10p,1068.789819,0
Bantako,1451.131879,0
soto800,1280.200315,0
paruma184,1369.989028,0
odz,985.900421,0
rat,711.399326,0
side,1016.421465,0
Coki628,1267.078518,0
agnyan,828.078518,0
toame,1766.793473,0
wither,1237.688314,0
masafumi,1577.181366,0
tmitanitky,1370.688314,0
incurable,1383.501442,0
AtomikKeo,1124.399326,0
hiroaki0615,1390.578268,0
toutatsu,988.213033,0
ta7uw,1226.579863,0
butanokakuni,1147.784591,0
yosh1,1057.126235,0
eduidl,1245.330762,0
nijnin,1125.932288,0
Moscwa,1020.485199,0
desmoines,625.553406,0
fu2tian2,1117.458758,0
Morifo,1405.784591,0
Roupika,864.344985,0
kubo_nits,1663.534694,0
sca1l,1437.642578,0
mumeiDoe,1244.136066,0
pointN,1010.832003,0
kametaro,1116.916334,0
tanidaiz,793.688314,0
HUAS_FHC,1027.399326,0
mikikun1959,952.141232,0
I_HATE_JAVA,1056.136066,0
interestingLSY,1824.429013,0
tunehira,892.688314,0
sekryy,1095.027256,0
Eric_hoo,1855.620761,0
atsumumiya,1451.136066,0
nxtgear,456.638159,0
mkawabe7,766.399326,0
phyphy,858.370865,0
gomatamago,1131.485209,0
moa5084,1386.832003,0
dhgrs,1301.098770,0
otera,1062.932288,0
edward26,707.894227,0
prateek2112,1408.785680,0
ryna4c2e,982.731832,0
hoper,982.083407,0
mochiii,1161.141232,0
hitesh_0301,1316.695673,0
batsumaru,1197.620761,0
sasakuna,1423.027256,0
hild,991.399326,0
recuraki,1184.136066,0
Nifuji,1071.812801,0
kenta2997,1640.210085,0
compass,1076.429013,0
plasmaeffect,1899.016071,0
koyamaso,1015.638159,0
mochi999,1198.083407,0
laft,1387.879232,0
takkyu,1001.731832,0
plus_kyoto,778.344985,0
kzmttr,778.344985,0
japanesekeigo,1284.730468,0
npz35,1428.030240,0
Ruki,1310.344985,0
nocoder,1154.832003,0
Tqk,1514.485209,0
heidaertu,1328.688314,0
sansaqua,1741.330762,0
mrt0933,732.126235,0
dpez,1039.620761,0
kjnh10,1598.579863,0
hakoshie,1170.900421,0
poposhang,1158.413209,0
NaokiOsako,783.688314,0
tanyangying,824.126235,0
renjyaku,849.399326,0
zwu_2017010896,761.638159,0
katand,1350.579863,0
N45h,1100.126235,0
qqr_i,1114.318592,0
chocobo,1683.468325,0
monja,1443.688314,0
tancahn2380,1574.578268,0
grayf,1386.141232,0
sbs20190501,782.359208,0
drd93,1767.136066,0
takay,455.303058,0
mkan_0141,1318.086735,0
zumitan,1247.932288,0
kusarimodoki,1042.501442,0
oldlick,821.540810,0
kr,1399.485209,0
terafon,937.688314,0
ark27,1008.216449,0
akariki,1309.098770,0
zawanishi,1258.027256,0
asapiki,658.126235,0
hatohato,903.812801,0
KIT_,1065.136066,0
kaage,1540.141232,0
LCA,1132.318592,0
C05,1105.663890,0
xiaohejun,1122.989028,0
smatsu,1039.126235,0
shahraaz,1220.688314,0
maron8676,1216.989028,0
xml9shiki,1233.307199,0
yusuke0710,1089.485199,0
Gary,1400.731832,0
mario05,1337.136066,0
yuandue,767.213033,0
Chamy,654.399326,0
Micc,1080.344985,0
mas,947.694680,0
kohtsuka,1108.731832,0
hope_ton94,1276.141232,0
hanoikute5,2168.731832,0
BLAHBLAHBLAH,1524.126235,0
wh_ZH,312.449670,0
kotobuki,1477.280410,0
seica,1999.468325,0
log_K,1237.730468,0
koyumeishi,2079.642578,0
codejudge,2139.731832,0
vivek_zi,1196.620761,0
OZY123,2254.126235,0
aliencoder22,1121.730399,0
bensonlzl,1965.731832,0
saba,1114.900421,0
c7c7,1837.051214,0
tetora1011,996.136066,0
satylogin,1908.344985,0
ido_kara_deru,980.399326,0
mukakego,1087.098770,0
hyperion_1724,1477.932288,0
ngtkana,2065.989028,0
m0ri0,668.103444,0
at278Mt,691.620761,0
SorahISA,1304.688314,0
nirock123,1829.620761,0
swust5120170583,834.429159,0
cyclatp3,1100.088892,0
peroon,1299.900421,0
ex16night398,834.126235,0
daiwakun,1339.579863,0
hiramekun,1279.916334,0
yonkoaman,1378.126235,0
tuananh,1610.932288,0
yassin,1848.642578,0
In8531,937.663890,0
tomo0608,1441.638159,0
Codeknight13,841.152006,0
Raki,598.816516,0
kee,1671.213033,0
prololo,1082.083407,0
hiraku,798.812801,0
shimomire,2264.399326,0
k_ashiya,1080.078518,0
iry,1484.131879,0
eikani,1604.870535,0
mnrskym0227,1296.057553,0
kshitij_07,784.945039,0
Raichu0419,860.073254,0
Tsuta_J,2106.379296,0
OribeYasuna,1104.098770,0
meimon,1552.136066,0
atchi_coder,843.216449,0
sam997,843.216449,0
Cyber_Wizard,1187.136066,0
bombra108,1359.051711,0
kg1,766.402676,0
too_lazy_to_code,916.027256,0
siotouto,1982.200315,0
kd56,1202.136066,0
arzk,1623.011909,0
Kenkoro,1089.243056,0
denkimisoshiru,580.257376,0
zaki1236,884.200315,0
Jeanette,1600.000000,0
yamada0985,1513.083407,0
komori3,1515.078518,0
caesar,1320.501442,0
pollyanna,740.767346,0
KumaRyo4611,982.126235,0
impactaky,982.126235,0
loofah,230.427295,0
maguchi,1104.098770,0
jiraiya_777,421.223156,0
sanban,781.389136,0
nasunasu,1149.330762,0
wxhlhr,747.712300,0
yagi24bit,1122.812801,0
maple116,1493.900421,0
vipmario816,1373.098770,0
wheson,1401.088892,0
rsy3244,1074.579863,0
yakamoto,1675.638159,0
prd_xxx,1698.520399,0
kyomukyomupurin,1176.879232,0
hikalium,1213.011909,0
cplusplusonly,1736.344985,0
yosiiii,1197.415338,0
deepakkar,1317.832003,0
Casta46,1067.200315,0
fukubutyo,1351.900421,0
harusan,1156.344985,0
inuinu,1156.344985,0
arc,1472.579863,0
pnnc205j,1155.638159,0
kawaikochan,1239.731832,0
ttyskg,1277.330762,0
shimbotch,742.469021,0
Jillclaire,967.126235,0
kkkohhn,590.895465,0
tsjmt,1558.243056,0
chikuwa111,888.620761,0
hiroebe,1240.731832,0
catan2,1408.413209,0
naminodarie,1266.126235,0
iwata,1043.731832,0
gaudi08,962.131879,0
nuhunune,1180.330762,0
ojiso,124.448218,0
Einstrasse,1175.136066,0
seigok,1053.932288,0
mdstoy,1070.663890,0
dsingh_24,1383.989028,0
sean617,1717.638159,0
w2w2,996.932288,0
iwam590,1074.136066,0
dnek,1261.501442,0
hhirai,1215.817446,0
nicolen,892.879232,0
uytrewq12345,1141.932288,0
ue1221,1071.485199,0
kopricky,1758.057553,0
cawteh,1091.663890,0
stretchybox,1458.078518,0
Casmee,922.399326,0
kdlvklv,845.663890,0
hthsi,720.288499,0
RollingTekka,644.126235,0
comboy999,439.831163,0
sarugami,718.479721,0
agridrama,1103.330762,0
haragumi,606.793895,0
hiroeisuke,412.198837,0
nable2251728493,1314.812801,0
HydrogenFluoride,1384.479721,0
takuya1000,917.620761,0
henoc,1037.812801,0
ahmed_samir,1836.000000,0
daiju,1518.078518,0
tonyu0,885.429013,0
Zu_rin,1023.399326,0
nok_nok,1553.386473,0
kbone,744.904966,0
KumaTachiRen,1103.027256,0
yotapoon,969.344985,0
hanyu,853.399326,0
hotpepsi,1598.118984,0
reik,1187.579863,0
eeryi,1337.413209,0
iLiss_557,367.820848,0
chenchen,769.638159,0
betit0919,1461.011909,0
pngn,1905.243056,0
kaz1988,1405.579863,0
mozaic,279.960262,0
sh_yama,571.410816,0
remomon55,918.620761,0
straycat,1393.413209,0
sensu,883.812801,0
Hexazine,739.135668,0
okitz,1302.243056,0
momohara,981.083407,0
edogawasan,970.011224,0
satoshi_f,1051.900421,0
scol,959.932288,0
slash,691.126235,0
godotmulfunc,1086.932288,0
mottsu,586.875330,0
ill,1279.485199,0
mymy_mkb,186.288072,0
manta1130,1057.344985,0
petit_sophia,684.027256,0
qya,775.415338,0
kaz130,1058.812801,0
shti_f,840.832003,0
a5ua,1516.642578,0
motoki1,1000.126235,0
rscodes,1517.098770,0
ByToN,1682.731832,0
ate,1000.485209,0
sys,1839.731832,0
otamay,1035.136066,0
hnust_chenjiedon,755.739325,0
impri,-472.808550,0
gomimap,727.485199,0
bublin,1105.083407,0
riverswon,309.404989,0
shinchan,1112.303214,0
winter_rance,673.832639,0
bostonzarigani,1043.932288,0
zxc_identity,1010.318592,0
DeltaForce222,756.083407,0
rohan_088,1443.812801,0
keityan,1060.688314,0
rodea_0952,1478.485209,0
Hinoue,990.136066,0
rikulist,914.501442,0
estis,625.900421,0
riocloud,686.932288,0
MAXZTY,956.136066,0
scnsh,698.906320,0
AuglyGlnt,1286.136066,0
aratobi,819.399326,0
kzhrz,757.812801,0
huas_dengyin,1226.688314,0
Kiyu_tsutsumin,720.932288,0
ibrahim_habib,1253.344985,0
strdst,393.176936,0
iwachoco,627.932288,0
nrhr884,1432.413209,0
poketyuu,1217.413209,0
youx,1544.330762,0
rmkt,945.989028,0
kobayang,602.017206,0
matsugen33,643.127032,0
Abra_Stone,1468.429013,0
acchan,880.688314,0
vincent97198,1301.136066,0
reluka9339,1028.879232,0
Aldas25,1139.367754,0
yk26tan,711.418956,0
chef29,1071.688314,0
nekoroko,798.429013,0
jimmyeaaaaah,668.650082,0
lejura,890.126235,0
closekn,1102.136066,0
Toshio,647.586126,0
kuhaku,613.958391,0
pyonsu,464.831182,0
tarattata,1826.663890,0
delta71,1302.280410,0
kn29,438.369312,0
hanon,845.989028,0
rahulk957019,1250.620761,0
pps,1103.098770,0
OvThAlmin,906.303214,0
sonotaro99,1140.932288,0
Nalga,1015.688314,0
amtgjw,873.485209,0
tt829,821.982154,0
DirectKidman,1005.399326,0
skytomo,789.011909,0
luckyno9,720.638159,0
ya_kki,711.620761,0
junijuni,522.027256,0
pkkoro,758.832003,0
midorigoke,820.344985,0
chanchii,589.083407,0
Dante_Rits,457.703032,0
mini4141,1322.429013,0
y0as,725.241464,0
malic,768.200315,0
takio_ut,429.030923,0
bpine,1239.011909,0
s27_mountain,716.819761,0
onigawara,1126.078518,0
omygtsux,1009.027256,0
yoshiki_shino,823.501442,0
molety,837.620761,0
long_long_long,1390.083407,0
gotutiyan,932.481577,0
enbos,913.083407,0
mnrutd,952.027256,0
RGL,1116.731832,0
karmaninja,1112.832003,0
ksb,663.824087,0
nt1010,747.688314,0
hamako,662.805353,0
Roughcut,480.938940,0
agis,1332.320227,0
hinataro_,467.342052,0
calcium,1076.932288,0
zurukumo,1138.136066,0
petite_prog,1138.344985,0
JohnU,617.958924,0
oich,941.932288,0
aki_sen,819.663890,0
mizo0203,932.812801,0
minszsz,808.832003,0
wataru080529,506.968649,0
kimura512,1041.131879,0
hiroa,1028.900421,0
nnn001,436.551809,0
soramame,962.501442,0
zilioner,1473.731832,0
tnp,536.295985,0
ready_player074,912.663890,0
sugisho,589.708542,0
qkirikigaku,835.361328,0
codsushi,602.017206,0
Mackyson,1009.243056,0
letranger,1352.088892,0
vqt,665.045476,0
ikkunjyanaika,219.490726,0
iva7,891.989028,0
vivekcrux,1350.027256,0
tomutomi,469.553929,0
tadaren,979.213033,0
ilukame,906.278409,0
koffee,1057.989028,0
pack887,642.007235,0
tenetenne,910.141232,0
white_sunday,550.332513,0
takumat,896.399326,0
rob_in_1,1071.083407,0
muririn,892.832003,0
st2d,1185.501442,0
yuki26tan,768.769793,0
ohtake_i,344.421009,0
al1ce_nanka189r,1302.344985,0
wag_k,710.011909,0
sosuke115,900.330762,0
mizakura,860.668072,0
Germanpoteto,831.126235,0
s570704,618.179351,0
shikachii,731.126235,0
hiraku1997,593.399326,0
urachi0826,1026.303214,0
Apple_Boy,825.399326,0
YuYueyuyue,1123.126235,0
kammer0820,1317.730468,0
Syuzue,1338.731832,0
melon2112,895.620761,0
iceslime1104,1134.663890,0
ktanaka,1339.399326,0
satoooh,966.126235,0
oot,793.399326,0
tobari,876.583419,0
dchular,827.731832,0
db3f566e,689.293501,0
shuG,786.344985,0
Hello244,652.126235,0
Manuel1024,823.932288,0
tacoyama,892.083407,0
a_muraka,1075.989028,0
Y130e1b8,860.668072,0
kaid_lc,154.570785,0
developmaso,884.216449,0
atsu_c,1225.916334,0
isawo,448.225487,0
yamamina0111,550.332513,0
tsukimidanngo,554.583918,0
dec12_kaz,883.932288,0
Sarisage,643.129255,0
sewage,1262.027256,0
kcoydico,392.255924,0
hrbt,1285.642578,0
Rei1906,549.837302,0
guriko,1005.098770,0
zer0,492.687062,0
osushi5,655.932288,0
dashiishida,902.620761,0
KonishiJunichi,311.237946,0
berry,872.027256,0
tonbi,675.798245,0
kiriyako,1227.832003,0
keroru,1206.688314,0
nogami_geo,485.903906,0
hokekiyoo,1064.932288,0
naoki1030,893.083407,0
yiyunya,336.699519,0
hiro819,777.411860,0
haru_muska,704.663890,0
daikon0425,790.620761,0
kokuyokugetter,986.344985,0
okaryo,954.216449,0
somurie06,760.142300,0
narita,1030.216449,0
cyk,-52.879700,0
fushigu,904.098770,0
b45h,668.838840,0
zukash,973.100043,0
onon,474.878218,0
ryotakn,553.171193,0
cleanwater,657.483815,0
BSer,1154.730468,0
ptoolis,722.616964,0
computerchorus,239.946779,0
zuka3,602.017206,0
Risen,1390.481577,0
Mahito,738.330762,0
kengo,1096.832003,0
hakuchan,1043.216449,0
acannie,364.305410,0
MasakiAOTA,1009.429013,0
teru0x1,750.832003,0
tomoki_w,688.843008,0
hanafuda,525.647386,0
zero_kpr,525.929326,0
yukke714,853.832003,0
monjies,774.460502,0
niijima,689.293501,0
oemon,599.027256,0
schwert,863.027256,0
huruikagi,706.620761,0
zelosace,630.152922,0
Sphenisciformes,560.933258,0
minagi,909.481577,0
Lienlien,895.137470,0
tatsuya0619,1101.989028,0
miny,948.136066,0
kawamura2001,1115.485209,0
tochiji,-152.810654,0
kojiji,1362.832003,0
Nakamoto17,740.126235,0
toki,772.083407,0
vvv,843.027256,0
echikawa,947.136066,0
udonko0516,1294.579863,0
horikuma,893.832003,0
os_blue,625.732988,0
flaflaflala,336.944156,0
hango,1233.900421,0
arounderstand,1325.879232,0
ChiyosBigDragon,1419.817446,0
wisteria30,726.330762,0
YanYamazaki,671.857326,0
steek79,1743.000000,0
tamuhey,1289.330762,0
gvshukla321,1289.330762,0
takoagemat,841.330762,0
rs90004602,844.812801,0
ppgg,381.189773,0
DrIce,-18.221759,0
yugataka,669.514797,0
kinetock,978.832003,0
X2357,624.083407,0
Megapo,935.707517,0
bella0708,-5.044785,0
TiK27,1427.344985,0
Glakne,486.811436,0
anpirika,716.399326,0
gas_o_line,521.748928,0
coder_penguin,863.932288,0
siiiii1107,1192.027256,0
Chl__minchang,678.932288,0
SakaTaku,904.027256,0
rjiuk3566,1766.000000,0
hogashi,548.751258,0
azarashi,445.813154,0
nyashiki,1312.485209,0
akraa,1145.415338,0
HaksenK,910.694986,0
drant57,621.679881,0
ZUKAKIN,658.448645,0
nopopon,573.588260,0
gifmr,541.992896,0
noamoa16,1063.429013,0
mikazou13,-357.140903,0
bonboyaju,581.111993,0
thiele,1059.136066,0
saky0080,1133.812801,0
skhiuk,844.688314,0
syo_atcoder,510.660159,0
auaua,538.743382,0
shiv1470,1348.136066,0
k1090,352.444363,0
nullnuushi,614.019868,0
season,1213.415338,0
tkgw,948.812801,0
gaidash,971.136066,0
Ryu_sak,262.503244,0
Atomic,1034.051711,0
morix1500,632.932288,0
Laika,1111.534694,0
hidemitu,261.876379,0
sakano26,799.007800,0
DM7PvTyc,1283.501442,0
MZKi,516.870535,0
pirop,405.678944,0
hi_roki,440.525652,0
whaler,387.727062,0
hatomuru,768.027256,0
bucchi8,1294.344985,0
trashbag,451.715252,0
oooooba,1209.057553,0
jjjjjjjtgpptmjj,1066.243056,0
KuroUron,1141.344985,0
nishikori_bot,280.843583,0
leo_messi,536.295985,0
chartfellow,684.832003,0
Keno42,1117.458758,0
Yama24,879.846007,0
atsushi2550,933.126235,0
shogokatsui,873.620761,0
c2chem,852.429013,0
OKCH3COOH,1046.028665,0
sktaro,575.344985,0
fal190,831.394353,0
lnvc,314.963975,0
tochi_ondy,501.456258,0
Freddy_me_me2,766.126235,0
Blue_Cheese,410.134387,0
munyuhuwa,449.986324,0
Yoshiakira,826.320227,0
Sophie1234,776.688314,0
Haa,536.475567,0
luty,962.126235,0
izac55555333,745.900421,0
tomoyuki710,980.011909,0
nisshimo,605.920981,0
kann0,124.448218,0
Ldwic03,830.812801,0
sanopi,698.482028,0
naotaro,492.475209,0
cafeal,1126.932288,0
FFF3,481.120726,0
fvrt,767.501442,0
okamotomo,124.448218,0
sarashin,1067.057553,0
chobigoma,425.089400,0
watatata,479.875742,0
Pondelion1783,781.485209,0
CROTO,611.859074,0
welame,279.960262,0
sekaruru,1479.136066,0
yukichii,439.831163,0
leaf_b,885.731832,0
u271969h,1098.098770,0
tdamuda,714.620761,0
sumou1011,723.027256,0
Jinitaimei,1458.413209,0
suzieQ,868.731832,0
motyk,1268.413209,0
mizumizu,299.277547,0
Laksa,678.027256,0
Ebishu0309,1083.243056,0
Little_Prayer,861.812801,0
tetsis,627.949060,0
pointp,589.708542,0
acta,897.812801,0
hkawaguc,1022.399326,0
EasonTao,716.932288,0
MCT,536.475567,0
Alnus,828.344985,0
taku7756,631.027256,0
tamamu,926.579863,0
NTargon,1103.126235,0
foolfufu,295.521651,0
jimmy,1443.341348,0
mohi,887.078518,0
tavercy022,680.539678,0
tattaka,941.344985,0
biones,850.213033,0
GoldIngot,1216.126235,0
fog_878,567.318592,0
Ricky_pon,1295.879232,0
mrtakosu,839.501442,0
porin,956.501442,0
dlmasa,1207.479721,0
ninofy,607.688314,0
k00ume,744.620761,0
yhgalaxy,1580.533931,0
rounak_0501,819.287283,0
TakoKurage,1171.881746,0
moriss,456.824097,0
mik76,643.306770,0
Sawarnik123,952.932288,0
avocado_kiwi,598.816516,0
iwbch,349.111892,0
nkhanhkhi,1073.283788,0
snoowty,301.587151,0
dorako321,647.781346,0
seikei135do,798.344985,0
forest3,504.078518,0
paralleltree,1246.620761,0
archi97,571.048569,0
jugglerkc,701.832003,0
cactoid,795.501442,0
Jupytor,664.985935,0
strawhare,808.139942,0
hryshtk,878.330762,0
fshuto,1112.688314,0
Ten_,679.700715,0
h2d5,870.149354,0
cand,883.663890,0
sonozaki,619.010140,0
suta,543.083388,0
pteryx,492.861492,0
code44,294.151944,0
maple_f,52.066006,0
anaimiyu,848.399326,0
tsuyoshi21,875.011909,0
Spolenski,430.704438,0
DaiGuard,696.805458,0
rokabo_nutttsu,663.544537,0
kinop,434.021443,0
calculator29,1053.083407,0
horusuto,263.212320,0
iiou16,516.667143,0
maguroguma,1267.730468,0
R_R,812.832003,0
yasunarist,1090.832003,0
Tatsuyaaaa,1004.330762,0
x3n0n,692.399326,0
ma2Cta,566.732400,0
jj_,863.126235,0
ht0919,296.336805,0
khksmt1999,785.730468,0
zaki_rits,289.529209,0
HInYU,805.492813,0
sooolbf,-315.656301,0
nrmt,954.688314,0
aqua0631,694.479721,0
tomsyd,1037.415338,0
hirotaku,1042.731832,0
mobtake,772.399326,0
choo_s,1563.989028,0
misoya888,421.238934,0
dyuji,834.083407,0
rithmety,1155.413209,0
seito5296,580.688314,0
Fancy_,776.083407,0
headdd,429.030923,0
ttm8761,1667.344985,0
Tendaysago,1275.088892,0
FDdwmk,1006.126235,0
Takayan,95.745722,0
kiizu,954.731832,0
kiyu,922.027256,0
toted,816.502616,0
miki,1064.399326,0
paotan,470.453428,0
duck24,1009.688314,0
syym88,633.399326,0
ROBORU,684.600627,0
agw02010,864.000757,0
fimasu,334.913495,0
qavion,992.620761,0
teacat,888.989028,0
yusuke419,888.989028,0
fjhr,888.879232,0
albicilla,1178.280410,0
wald_14,349.154453,0
dshin,645.011909,0
wdkkou,907.078518,0
ymtz03,1210.932288,0
tfdoreamu,287.902373,0
baru8,663.870600,0
kinosi,651.256038,0
tanimanianima364,651.501442,0
daaariiich,1093.832003,0
Xas,479.731605,0
masa_hero,521.748928,0
urashima0429,409.356872,0
kdaira,906.731832,0
slimepettan,1065.663890,0
hirata0517masato,1292.714047,0
hide0903,643.479721,0
supercell,395.839456,0
electrocute,1086.245157,0
ringokuppa,268.618237,0
baito,1501.216449,0
hakusai315,259.552800,0
ymg_tor,791.199346,0
hurumeki,351.032733,0
okuni,1089.083407,0
yoppy,243.895238,0
Nils_Olav,946.399326,0
hepton,381.189773,0
yamake,598.135839,0
DSMcKey,1286.200315,0
colorbox,579.118663,0
heian,1248.870535,0
apprec,957.932288,0
macle,534.355769,0
png,604.912153,0
kakeyamay,1024.429013,0
ntukey,561.998617,0
Napier1550,898.688314,0
GuaranaMeister,548.751258,0
pytran,1405.318592,0
ngs,1238.200315,0
mochidan,723.344985,0
material,1168.223922,0
reg7777,1120.817446,0
b158b,1513.620761,0
kMotz,907.200315,0
Taichicchi,668.126235,0
horiso0921,1126.027256,0
Kosuke_S,636.027256,0
ddtkra,713.098770,0
ASAK,247.948344,0
hiyokomame1999,-152.810654,0
nsd,202.472733,0
arailly,529.919494,0
sasakama2406,735.429013,0
zz,842.730468,0
gltlr1003,538.098770,0
Shashank8989,377.159793,0
Kodierer,1427.686834,0
nessie,1147.638159,0
zaisu3,548.132165,0
chittai,264.910463,0
civil_nasu,561.296481,0
urayamakoutarou,361.471508,0
seiritsu,711.688314,0
illyasvieI,791.812801,0
Scorabe,582.118913,0
megumeguro,407.921559,0
matumoto,114.287162,0
wayso,737.620761,0
hpp,793.812801,0
rurito0125,628.688314,0
TeruMiyake,967.399326,0
chihiron,203.861854,0
synic,681.083407,0
sakata1222,681.083407,0
fulb,272.214087,0
misosiru0517,442.469992,0
rootn_,442.469992,0
kuretchi,1441.468325,0
ashiasi,393.176936,0
takachiha,456.824097,0
Naochi,10.643500,0
fedosik,2319.730468,0
kebus,1137.879232,0
mushiba,253.622198,0
imayarow,287.486987,0
papamusi,60.580214,0
suika_p,701.620761,0
Abhijeetkns,268.543200,0
tkohei,167.668182,0
kaushalesh,570.378147,0
kanade_,760.142300,0
kotorigasatori,591.663890,0
sueken5,591.663890,0
yuki1985,147.430415,0
cokachang,635.208204,0
D0H,622.296026,0
nksy2019,418.582298,0
maru65536,85.588356,0
noki,578.827294,0
Umaan_Y,439.505375,0
Hashizo,463.546944,0
flymoon,841.152006,0
ta1suke,170.966615,0
k2aki,260.030404,0
tmp271828,839.289346,0
MrDoap,-519.326947,0
tekk,526.844819,0
ks_kasutera,-225.192867,0
Spsk1313,834.801693,0
tkm0606,-357.140903,0
okina25,577.564784,0
Nankotsukan,936.083407,0
ciel0217,242.528954,0
gacchigachi58,242.528954,0
mkgr,490.964511,0
toshiba66,736.399326,0
luigi2,-152.810654,0
CodePlatina,1600.000000,0
YTJVDCM,-295.301050,0
desigrammer,583.116879,0
pirorin,1077.731832,0
Halucci,457.611868,0
coffee,-82.581580,0
javarin,275.545493,0
Saber,-95.023907,0
p66c206p,663.857060,0
S_ZK,494.874437,0
PINKUN,926.832003,0
streeeeeeeee,948.812801,0
ByoubuSiki,97.030652,0
nemurin0312,284.673160,0
Kalyan77,930.409427,0
yokuda,571.048569,0
ryu_shigaU,108.006644,0
AbhiY13,1672.000000,0
toof,1270.318592,0
saka2136,507.686167,0
shrimp_eng,679.399326,0
kouyo,624.660166,0
clarity418,686.483645,0
kaneko_t,539.762116,0
ktn9,741.243056,0
ykn,731.175069,0
Wakuwaku,-101.605830,0
yky4n4g1,146.329790,0
shop_one,1008.429013,0
Meshi,686.483645,0
SSchneider,536.295985,0
seven_triple,312.449670,0
btlear,347.325989,0
EEDECA,731.524316,0
yuzu2202,-167.952529,0
ChibaYugo,13.974906,0
fengyecong,2259.136066,0
pdmpmp,109.352855,0
Average_Coder,1126.136066,0
tell0120,746.663890,0
arthur3864,563.582778,0
CygnusKI,-180.228221,0
Kassin,556.711583,0
koronyan888,-345.826558,0
ksd,-14.755628,0
md31cgi,335.682746,0
himu,-90.970800,0
wolframotoya,409.320227,0
tabatak,539.762116,0
pamp,533.688099,0
redultimate,1191.243056,0
ishigen,754.027256,0
pto8913,655.098770,0
hi64,398.539373,0
lynmisakura,1055.027256,0
mie,629.688314,0
pawan_29,1318.126235,0
zekkiyoumachine,280.321982,0
toto61,319.192537,0
Helloharo,823.932288,0
ryotaku,105.278366,0
ayanofj,614.399326,0
tsune,446.407706,0
koupe,745.399326,0
ao938,-13.125868,0
shivam_pandey9,35.190798,0
shinji,1027.989028,0
konekuro,506.968649,0
euphoria,818.344985,0
tetra4,809.545919,0
tobiuo1990,1319.011909,0
seria_mctk39,573.588260,0
aki916,762.899004,0
Jumpaku,938.989028,0
c6d_a4m,381.189773,0
nrkt,562.299369,0
Mukan,25.621822,0
chibacchi,60.352660,0
Marutai,544.519655,0
maya2250,1112.399326,0
ohtacaesar,1083.606327,0
himagineer,632.688314,0
nestedcode,1196.399326,0
hxydn,293.275642,0
sanesuke,1009.098770,0
tibisuke,-292.014501,0
cot57,507.129044,0
Array_guma,683.688314,0
goodknows,219.243975,0
nihal,381.189773,0
godaigo0515,-163.899423,0
gangan,265.223679,0
ococonomy1,911.330762,0
tosainu,649.776447,0
Irish_Moonshine,1053.812801,0
gott,1158.011909,0
fuki_non,1158.011909,0
y_isoda,475.509374,0
dai45suke,-171.250962,0
hahhi925,491.510921,0
ak992,386.536536,0
okano72,1012.136066,0
hnust_yanglei,672.466840,0
shironekoyukky,-357.140903,0
nesya,1567.141232,0
Nikawa,1567.141232,0
marukogane,653.626323,0
Lesser_Cold,413.925885,0
lilac_s,1113.344985,0
fiord222,36.377720,0
crouka,286.634262,0
konkonu,-133.115006,0
pomadev,775.812801,0
yuyayuya,683.589248,0
yutaka92,1016.453978,0
Ta910,627.832003,0
Kanabun,839.216449,0
moshida,470.158665,0
Njima,359.562884,0
yoch0906,21.061900,0
gover54,1053.403306,0
akhil_singla97,793.622506,0
tami,730.678693,0
long_long_ago,412.380624,0
yaok,603.091600,0
moosan63,665.992621,0
nktk_tech,919.597958,0
kingarp,507.686167,0
isax,424.689287,0
AndrewK,329.324878,0
AltT,661.932288,0
yuma25689,699.989028,0
reppy4620,489.143804,0
nabeo,-395.575331,0
kyohei_t,453.899341,0
lwl2006,737.344793,0
denx_uzigami22,-104.531421,0
zerosan,560.408158,0
mtgme,477.567664,0
masao96328,546.270764,0
k_sato,211.884932,0
walker3s,162.572290,0
Cassin,558.083407,0
cinnamon,744.485199,0
mk_55,294.151944,0
Teriyaki0839,430.704438,0
hnust_chenrui,205.804138,0
Mnozawa,-242.068074,0
nooblog,719.126235,0
tabaly,47.366520,0
nekokawai,748.688314,0
takishun,271.538899,0
sincerely2you,1100.730468,0
rnazmo,729.663890,0
BetterMyGame,479.731605,0
smoto_shei,321.557643,0
WHB,489.362353,0
yoh1496,975.731832,0
hq8398,689.932288,0
kukita,421.223156,0
moikilo002,1277.200315,0
miscalculation53,1100.688314,0
Roin,446.523099,0
Kgnkm,659.027256,0
ryunocchi,529.551912,0
yamas,-142.137121,0
aru47,606.401963,0
Yokikana,154.570785,0
m_clove,154.570785,0
kiskt,151.772050,0
dooooooooinggggg,280.135138,0
Lafleur,1038.501442,0
kenntin,490.964511,0
yoki123,940.731832,0
suewiq,421.223156,0
kharigai,486.909200,0
tky2a,262.503244,0
umezou,377.732281,0
KOU314,406.306607,0
KouCuriosity,470.158665,0
onecontestonly,536.295985,0
popketle,430.704438,0
tencha,466.804814,0
kojoakine,-796.585819,0
eqrio,504.025007,0
ak9,519.451721,0
hnust_wujiawei,387.578192,0
u_kei,86.782957,0
hassssy4,457.707694,0
liszt,230.427295,0
hnust_liuguangyi,533.688099,0
Shellllll,768.769793,0
nquntan,311.977345,0
lemontea547,586.875330,0
buna,506.652796,0
kulhari_adi,490.964511,0
kkoi,303.347751,0
GhostPineU1,625.366543,0
nf_spitz,-239.228808,0
rishik123,1237.126235,0
yyyy52,129.544110,0
scibean,636.344985,0
bouch,351.754431,0
kentei,444.606517,0
shirakiyo,-195.549678,0
Raguon,948.200315,0
haro,169.798392,0
imkazusa,302.998504,0
wasabi11,124.448218,0
eSeF,305.555510,0
yishnobou,124.448218,0
SHUUTO_187,659.007626,0
hir35,1217.989028,0
tkys,-152.810654,0
T_M,952.248811,0
maebaru,370.101004,0
hare17,370.101004,0
wataru86,893.663890,0
zeke,-61.656252,0
kamesen,685.609455,0
manjpatel00,1256.413209,0
JPNYKW,175.125586,0
yadoya,43.618095,0
kTakeshita,-519.326947,0
shisama,499.981800,0
vgattani,501.671016,0
ChiffChaff,1298.136066,0
Ken_Sumi1019,1002.216449,0
A0iro,911.932288,0
komoyan,565.963517,0
ywak,749.053531,0
windowchan,152.672757,0
Yashi84,-40.905543,0
hidekizumi,300.305911,0
morozofu,-84.963816,0
Yumafuu,632.344708,0
jyouren,-152.810654,0
kt_soup,817.027256,0
inazuma110,961.979853,0
pyromix,313.255840,0
Camelus,398.539373,0
bokken,461.953471,0
meena69,740.098770,0
Domnack,443.029627,0
Schumi543,874.932288,0
Tesla,473.250579,0
ntk,-18.221759,0
FlyInTheSky,1448.126235,0
h041_,179.565225,0
mutasan,313.636592,0
Etymo,559.350005,0
maki_glenscape,264.910463,0
MtCli,330.226191,0
matsu0112,1000.812801,0
delaware,82.520318,0
Pkodama,805.083407,0
add_bakkers,628.932288,0
aruatu,609.240386,0
reki,82.304012,0
shionhosoda,651.993884,0
rynk14,316.086490,0
dispyaa,988.196174,0
starflux,854.267935,0
rennkarasu,114.452663,0
youjo,643.027256,0
ryoo14,703.501442,0
takashi_rits,101.058290,0
rikaguri,71.215243,0
honyacho,1321.126235,0
Squid_qwq,106.089989,0
pongpong11,276.194220,0
cmiyoshi,366.047897,0
yuki_js,768.769793,0
Yui_Kokuse,-357.140903,0
jgjgzgzg,689.126235,0
king_of_sun,159.371600,0
nononakahira,666.540805,0
rmshiga,666.540805,0
microkim,124.448218,0
masa08,357.265678,0
sunyryr,925.932288,0
soitakahashi,839.399326,0
ch_san,122.422272,0
xzt220,744.083407,0
yuki228285,1240.344985,0
Filyan,2241.578268,0
Bomuhishisu,268.706517,0
nzk,528.054203,0
yu5uk3,557.208141,0
imoken241,479.875742,0
Xana,-152.810654,0
aleutra,1261.663890,0
masatosugiyama,129.047735,0
konaga,124.448218,0
lynko,973.731832,0
hidebu3,470.453428,0
ningensei848,-40.905543,0
Bondo416,1058.078518,0
subarutaro,860.847654,0
JamPan,238.861444,0
k_t,765.663890,0
shibasab,354.683680,0
matsuren,955.083407,0
paco,379.842368,0
ryoppippi,840.812801,0
takushino,232.958990,0
ttakku,331.582089,0
EbiMaru9,158.690924,0
DDFZHHT,747.712300,0
adarsh_2001,-142.137121,0
ymnk_kun,-302.233158,0
yokofudori,1063.620761,0
muratahiromu,647.781346,0
maruwo,550.332513,0
yasudomi,774.688314,0
fly_penguin,122.422272,0
yurufuwachan,816.200315,0
takedaryu,832.126235,0
oratory,832.126235,0
NonoArk,550.128770,0
ashutoshsuman,1457.413209,0
shore,589.083407,0
ohe18,928.932288,0
Raimei,324.331794,0
opuoth,-242.068074,0
imaichi1191,872.989028,0
zeronosu77108,732.620761,0
skein,550.332513,0
emli,897.485209,0
hasankamal,1352.731832,0
kn1239,779.399326,0
cabbage,393.176936,0
mamime19,1131.307199,0
PerceavalNSC,344.421009,0
unmesh_kumar,286.634262,0
kekenx,1080.663890,0
telling,635.083407,0
hituzi,726.932288,0
tMorriss,699.501442,0
zeddosakasn,636.821757,0
cospleermusora,3757.730468,0
ksfather,985.879232,0
tuziemon,890.731832,0
shujima,492.475209,0
monk78,686.502225,0
leer,528.344985,0
yuk1h1ra,170.966615,0
wangxwgk,1271.607779,0
miraie,588.421408,0
syuusei3,-84.425160,0
joeko,434.400131,0
hiroki15,224.379172,0
hnust_ypl,544.281938,0
Bansoko,657.101240,0
ikawa,351.754431,0
glycerine_ggg,-134.681865,0
tacky0612,604.027256,0
yotuha,628.730468,0
ghiura,457.611868,0
HIROSHI0635,-5.423472,0
Tsuro,668.030565,0
minase_1224,476.662873,0
Ribura,324.904605,0
oneut,459.493838,0
vin,776.733236,0
MA,450.200315,0
nutaro,844.731832,0
sekimoriko,506.652796,0
HighPon,338.152302,0
ns191,624.787933,0
hayapenguin,253.307437,0
kuroku_969,764.078518,0
tarovel4842,769.083407,0
ms5,579.330762,0
unick,-519.326947,0
tkhtaaio,-77.042765,0
picchon,117.763225,0
celeus,964.027256,0
ManekiNeko,332.557805,0
pyonnkichi,552.359597,0
gammaliel,-18.221759,0
Personify20,858.370865,0
hamyu,740.243056,0
erotic_panda,558.605618,0
lbr,783.449711,0
yuki_zacoder,766.932288,0
huangda,1132.485199,0
rinrinta121,741.344985,0
kkrr,570.378147,0
presentY,526.844819,0
sky28498542,716.819761,0
MinBabu,794.464671,0
earlgray283,701.989028,0
nano7700,587.989028,0
thalis5800,421.223156,0
kagami,676.832003,0
kmd123,439.505375,0
tciitb,1022.620761,0
mymyyy,436.056573,0
zuse,33.897225,0
qucoju,558.811349,0
vaibhavvg,1504.413209,0
ksMdSsDc,594.875597,0
tu__casa,296.329388,0
urotanke,639.782518,0
KIBOU811,483.063010,0
cumin,127.732563,0
Berton,1324.136066,0
unkoko,1324.136066,0
amaisuna,448.225487,0
lvchabing,-174.221236,0
toefl999,-368.229672,0
kkoba84,362.402151,0
tkr987,664.027256,0
hnust_liuxin,446.523099,0
Nishikoh,306.815983,0
Saza,528.921931,0
AF_xsl_wrf,783.911669,0
itopost,891.620761,0
Shintaro0920,297.240762,0
recurze,1249.413209,0
zato,860.126235,0
iekimai,973.027256,0
collared_Zill,312.449670,0
allegrogiken,771.620761,0
smit_mangukiya,550.128770,0
Kuri174,1191.415338,0
ink,513.688314,0
wariuni,1028.421465,0
OLIET,1028.421465,0
hishigam,852.812801,0
plohal,401.707091,0
Code_chat,826.010131,0
POIsh,286.634262,0
ashitayaru,799.007800,0
coldbeer,936.051447,0
yu1120,35.190798,0
tanaya25,470.453428,0
micheeeeell,197.376841,0
kumaritanya11,889.431239,0
takeryodayo,606.583750,0
tackman,615.344985,0
RRyu,615.678735,0
rinringo,167.544895,0
stng,810.832003,0
lizaf,1064.083407,0
Poly,1507.688314,0
srinivas1999,1260.136066,0
keimy,745.098770,0
yoheiii,547.438648,0
StoneDot,1320.330762,0
macchi09,536.802866,0
oziya,561.998617,0
zume,673.483978,0
smurak,902.812278,0
Heca,413.925885,0
nunnun,172.727451,0
devm33,421.223156,0
kbagoli1999,786.327471,0
ziroppe,1129.730468,0
subaru2003,412.358644,0
cakkby,687.393260,0
hasamaku,741.415338,0
scat,968.457824,0
shade_tree2112,876.075388,0
outk,544.083407,0
BISTEIN,-79.882031,0
yagijin,-195.549678,0
m_buyoh,1797.008540,0
Axepla,536.295985,0
ymd198,568.492650,0
genma,281.568147,0
paddy_ist,674.200315,0
norumu,649.459618,0
skid,457.707694,0
laqurn,147.430415,0
massalia,688.843008,0
Yanami,52.066006,0
MtModer,99.900921,0
naoyoshi777,560.832003,0
Bhanu1219,490.964511,0
madomaginonuma,604.832003,0
Cer0un0,662.932288,0
aloeclair,959.200315,0
yotayokuto,305.555510,0
KokiYmgch,1109.870535,0
kaito72,243.086113,0
umeboshi123,121.280500,0
Ix5231,730.484003,0
nomorevotch,301.135437,0
varie_0324,-18.042177,0
makoto2001,524.643875,0
MCK,439.795986,0
janki,1101.040585,0
kawazu,1258.485199,0
miyamotononno,711.418956,0
kk0195736,704.098770,0
aidmiya,182.234966,0
AreKnot,511.515089,0
kintetsu5209,123.788615,0
ryozer0,235.074373,0
wander_a_street,240.045827,0
prnrg387,1003.832003,0
mb1te,995.535829,0
Ktaichi,810.144028,0
rubisaku,726.079177,0
taq225,1093.870535,0
Suponji,-25.464338,0
dadaseijin,771.325712,0
tskito,109.306343,0
ultimatestar,165.770754,0
julitus,1045.136066,0
muramasa8191,944.663890,0
spokeydokey,944.663890,0
fomfom,536.295985,0
ryoderZug,608.593750,0
bicycleman,1003.338049,0
ky_mountain,582.399326,0
sori,-519.326947,0
Wataame060,344.421009,0
gaimon,344.421009,0
smail88,998.620761,0
akakura,291.730153,0
FrostMonarch,789.812801,0
si0010,576.111928,0
p221,633.399326,0
seemore,253.307437,0
monda,621.679881,0
rajat_12453,984.136066,0
nukisashineko,827.591385,0
Ysdr,432.362328,0
lucas794,366.047897,0
miyuki_y,190.725442,0
beni_Fl,598.816516,0
hogeandfuga,1247.479721,0
kmatcoder,570.879232,0
hnustxieyuanfeng,499.797576,0
k0gane,504.025007,0
gktni,937.098770,0
yoshinGO,719.832003,0
goldmund,550.332513,0
bramth,91.751537,0
naimasa,632.639471,0
asako9494,1137.663890,0
efl_ite,635.517512,0
KitCutter,150.150850,0
AJ19,336.699519,0
hank2007,285.477591,0
kayaminm7,1093.989028,0
tervo,1093.989028,0
enki555,553.171193,0
TrpFrog,109.306343,0
sabina,237.384482,0
kopok,360.821908,0
mozurain,450.318207,0
black_kitten092,182.756957,0
BluePlusSymbol,533.688099,0
Nenetti,956.620761,0
verde,956.620761,0
SDESTINY,693.832003,0
pulcino,570.378147,0
kobyn,955.429013,0
pompom,192.295057,0
sakuraiimuya,892.534694,0
polyester,-318.164415,0
masatorres,88.609288,0
ha0908,528.921931,0
Luft,-357.140903,0
takuma5150,491.462651,0
sweths98,82.304012,0
leochan222,-65.155392,0
hisakin,406.081281,0
mpeg31,1208.932288,0
KeiS,-371.561078,0
haguretetra,1072.620761,0
k_6101,803.429013,0
aoba,588.414970,0
inaty,657.932288,0
StudyingFather,1343.731832,0
cross32768,1266.501442,0
benyame,643.330762,0
xcolor,844.467412,0
opq,-251.519241,0
neru,698.482028,0
easy,598.805164,0
TakatoUeno,598.805164,0
ryoukom1216,631.932288,0
Phycook,631.764854,0
zer0_gmR,245.155712,0
hikaru_kondo_ut,-95.023907,0
hisaos,329.324878,0
int_imp,-63.615512,0
kairi_003,459.426806,0
aabbccdd,336.699519,0
AcroporaTenuis,293.613465,0
dys,1137.731832,0
nekou,301.360901,0
yoshki_dsk,353.853384,0
kazuki0514,-79.882031,0
marimokc,1108.283755,0
acque2two,847.812801,0
PG_23,460.098770,0
TaKO8Ki,182.234966,0
Kei__,424.507501,0
ei0124,851.429013,0
zakio_10,673.663890,0
pro_gram,1138.351235,0
aki_nave,847.637019,0
aruroxx31,162.572290,0
shawnzzzzz,-152.810654,0
odasatoshi,1159.243056,0
patilc125,91.571679,0
reede,498.688314,0
ysfk,922.200315,0
ken_kentan,678.965963,0
takechan,824.011909,0
dakasuga,798.412982,0
FS1229,750.688314,0
kumazaki,633.901348,0
osadat,-41.793136,0
tetuwo,625.553406,0
yukipen,395.585143,0
ksfhajlas,639.011909,0
zono819,405.316434,0
brightcat,559.989028,0
aochan,751.730468,0
riyazhusain,-79.882031,0
mitsui321,834.429013,0
anay_ag,1125.947140,0
m0lh0k0,431.026790,0
masa_deb,-79.882031,0
Ashigaru012,324.904605,0
WataruTaguchi,457.611868,0
zeta_function,-519.326947,0
tac_,1121.879232,0
numatanumanuma,979.501442,0
pagos,162.572290,0
tattcho,-159.309777,0
mi2,451.268788,0
kuwa,451.268788,0
shinya1999,1003.485199,0
Powerword,1020.083407,0
HSC58,399.681144,0
riorio1174,589.083407,0
GOI,789.344985,0
konoLv1,577.344985,0
yuito,242.192849,0
Percentage,752.932288,0
shun1640,556.660958,0
Ryogaro,175.027225,0
chocolate_L,583.944038,0
rogerp4ssos,490.964511,0
Imymine,-145.292972,0
MillCheck,286.634262,0
apth,459.493838,0
outline,780.638159,0
datsu000,99.746017,0
yosukesan,354.481100,0
necointi,540.379641,0
katsura,673.126235,0
masamasa818,-43.859773,0
chinimuruhi,421.223156,0
chimpan,977.689003,0
inaba3,696.027216,0
dbftdiyoeywga,765.579863,0
h_16110s,601.027256,0
mih,634.524550,0
lq07,773.399326,0
kumjin3141,765.989028,0
kaoru1012,251.548203,0
krbsyk,439.831163,0
Rayssacav,-519.326947,0
tma,103.037636,0
madoka,370.562415,0
klno,839.200315,0
jack,38.453869,0
silatori,578.401224,0
suzuken_w,563.233530,0
ryoSS,487.610033,0
