mamekin,2433.916334,1
ei13333,2352.027216,1
TangentDay,2616.033600,1
pekempey,2420.201523,1
kyopro_friends,2225.200315,1
startcpp,2186.037334,1
kotamanegi,2208.046092,1
kakira,1647.216449,1
beet,2633.033600,1
June_boy,2258.494528,1
Minamoto,1764.413209,1
kzyKT,1968.030240,1
Kats,1633.579863,1
goto,2682.688314,1
jeremy624,2067.126235,1
sumoooru,1988.022045,1
maze1230,2223.146899,1
keymoon,1854.784591,1
yaketake08,2289.131879,1
shibh308,1926.817446,1
sumitacchan,2321.330762,1
kurenai3110,1924.642578,1
liouzhou_101,2197.730468,1
youjotape,1542.688314,1
iehn,2234.131879,1
rstoick,1743.027256,1
Div9851,1902.415338,1
koyumeishi,2092.793473,1
platypus,2391.223922,1
monolith,2269.141232,1
TMJN,1999.213033,1
suzyz,1520.501442,1
CharlotteL,1616.501442,1
hewenkun,1600.136066,1
yefllower,1917.413209,1
realbenx,794.399326,1
Ti11192916,1725.468325,1
ZzZZCHS,636.821757,1
ganmodokix,1489.429013,1
cutmdo,1616.485199,1
kroton,1899.213033,1
naoya_t,1635.141232,1
emthrm,1698.989028,1
hide1214,1741.916334,1
vain0,1709.344793,1
MMNMM,2130.201523,1
hoget157,2624.979853,1
catoon,1661.078518,1
roxion1377,1758.330762,1
coderbond007,1344.011909,1
ransewhale,1978.817446,1
sune2,2076.000000,1
Tqk,1409.415338,1
ikatakos,1981.210085,1
yta_smh17,1672.216449,1
yuruhiya,1189.429013,1
mike51,1600.000000,1
reiva5,1007.200315,1
ha15,1798.989028,1
ktr216,1649.083407,1
syawacha,1363.083407,1
chocorusk,2334.479721,1
noshi91,2564.481577,1
remin,1870.163225,1
spihill,1552.638159,1
incurable,1347.083407,1
FF256grhy,2018.027216,1
WW228,1214.501442,1
behzad_nouri,2242.415338,1
sidebook37,1693.579863,1
mikecat,2246.027256,1
chsyao,1236.413209,1
ryoissy,2346.341348,1
coco18000,1720.078518,1
kusano,2077.642578,1
Misteer,2219.057553,1
blcn,1492.330762,1
yuiop,1781.118984,1
suiyuan2009,2125.078518,1
hiromu,1882.812801,1
spica314,1989.520399,1
deoxy,2017.534694,1
rickytheta,2811.107084,1
kagasan,1880.501442,1
mi_tesseract,1668.485199,1
morio__,1543.200315,1
ACCUP,1129.485209,1
TanakaTaroh,1643.730468,1
xuelei,1614.485199,1
davi0015,1496.620761,1
rtia1227,1738.330762,1
n4o847,1636.057553,1
Bantako,1377.870535,1
suzume,1937.421465,1
m_tsubasa,1677.485209,1
SamAnd,1537.136066,1
capythm,1787.730468,1
rkocharyan,1600.413209,1
parth_patel15,1454.126235,1
sarthak1220,1569.812801,1
theory_and_me,1575.479721,1
thidailoc,1511.330762,1
Bwambocos,1520.341348,1
TAB,2002.107084,1
yuyuyu,1233.057553,1
autumn_eel,2115.024494,1
pngn,1660.730468,1
kort0n,2326.098770,1
mhrb,1621.200315,1
tatsumack,1527.216449,1
cympfh,1586.243056,1
Zeround,625.366543,1
nekoTheShadow,1302.200315,1
tatyam,2321.579863,1
mikit,2011.479721,1
sinatori,1452.932288,1
frozenlib,1577.479721,1
iTakeshi,1315.485209,1
nikutto,2409.642578,1
ganariya2525,1473.320227,1
toa2525,1721.280410,1
ikom,1582.415338,1
Yang33,1770.485209,1
kazunetakahashi,2082.107084,1
njw1204,1308.490257,1
drogskol,1604.879232,1
yoshrc,1274.330762,1
toku,1291.479721,1
yosswi414,1174.057553,1
T1610,1831.033600,1
tapopadma,1440.136066,1
grvehomju,1300.126235,1
tokumini,1749.046092,1
shioshiota,1712.344985,1
tokoharu,2593.027256,1
merom686,1931.163225,1
choo_s,1365.399326,1
yuji9511,1530.900421,1
titia,1739.057553,1
gksato,1902.330762,1
hogeover30,1415.846007,1
potoooooooo,1912.415338,1
ecto0310,1341.579863,1
mod_poppo,1234.731832,1
shakayami,1831.870535,1
rausumaru,1676.688314,1
iry,1429.784591,1
TAISA_,1951.318592,1
tmsausa,1450.429013,1
Tallfall,1594.083407,1
th90tk297,1439.846007,1
emak,1675.216449,1
yudedako,1919.078518,1
ptt_kr,1608.280410,1
mino,1782.210085,1
wu555,1198.243056,1
igaxx,1796.812801,1
scor,1508.468325,1
ScarShield,1583.136066,1
mini4141,1227.027256,1
prd_xxx,1697.714047,1
m_buyoh,1770.014464,1
masa002,1973.213033,1
JinTianHao,1119.989028,1
zhupeijun,1178.812801,1
nmnmnmnmnmnmnm,1896.181366,1
uzzy,1803.330762,1
dn6049949,1463.098770,1
yokit9,1513.812801,1
nohtaray,1600.000000,1
monman53,1682.303214,1
htkb,1610.793473,1
Mojumbo,1329.415338,1
NASU41,2081.979853,1
saharan,1909.057553,1
Alt3,1608.213033,1
ruterute1,1735.027256,1
codezebra,1026.731832,1
deepakkar,1224.620761,1
define,1258.900421,1
ten986,1950.088892,1
smiken,2560.379296,1
kema,1704.078518,1
KoD,1158.027256,1
kenken714,1659.344985,1
siotouto,1841.011909,1
jbyxm,1285.118984,1
Gassa,2425.330762,1
makecir,1686.415338,1
MLEAutoMaton,1424.136066,1
chigiri,1425.136066,1
tomoki,1658.620761,1
MatsuTaku,1328.638159,1
sawlow,647.781346,1
yayo256,968.027256,1
mrashad96,1469.136066,1
Morifo,1399.318592,1
neterukun,1332.688314,1
yukiteru,1356.916334,1
torus711,1795.132207,1
NOSS,1671.485209,1
nomiku,1379.136066,1
lyosika50,1521.027256,1
toto0121,1048.620761,1
sasakuna,1418.620761,1
RMQ,1646.916334,1
WAduck,1349.812801,1
Johniel,1542.280410,1
Kiri8128,1940.027256,1
Katu2ou,1219.126235,1
Suunn,2022.213033,1
Urei2200,1193.344985,1
nanika,1288.213033,1
kanra824,1521.485199,1
toyama,1223.344793,1
youluoy,1279.481577,1
M_Yasu,1244.126235,1
shiita0903,1455.846007,1
physics0523,2145.070254,1
espressivosubito,1725.660975,1
simamumu,1469.620761,1
peradfn1126,1870.078518,1
abo_od303,1511.731832,1
rafaelcs,1656.243056,1
primenumber,2057.638159,1
cplusplusonly,1451.126235,1
monja,1037.126235,1
hxt_love_manami,707.894227,1
amyu,1159.501442,1
glycine,1198.078518,1
yuki228285,902.126235,1
a5ua,1415.088892,1
x0214sh7,1548.341348,1
elecre3038,1366.330762,1
foreverlasting,1323.812801,1
Endered,1420.620761,1
ningenMe,1566.131879,1
ytkn,1599.011909,1
hirosuzuki,1650.200315,1
QCFium,1963.200315,1
hururu,1250.098770,1
KrK,2811.078518,1
octo,1171.011909,1
yu3mars,1653.146899,1
cn449,1155.832003,1
wakax365,1753.051711,1
Pockylucky,1003.338049,1
kobaryo222,1451.303214,1
YamagenSakam,1125.379296,1
kotobuki,1496.817446,1
takedarts,1135.812801,1
to12lz,1237.011909,1
nasunasu,1072.688314,1
v2n,1303.330762,1
sash,1327.344985,1
starboy_jb,1106.501442,1
midzki,1202.932288,1
glucose,1393.399326,1
kress,1277.731832,1
st2d,1070.832003,1
r1705,1494.027256,1
ttttan,1670.730468,1
tkandi,1747.413209,1
Kevin_Zhang_TW,1433.793822,1
x20,1751.027216,1
redultimate,1187.200315,1
face4,1695.879232,1
toame,1623.344793,1
ssdh233,1283.399326,1
polarbear08,1559.141232,1
masayoshi64,965.136066,1
kwrig,1449.932288,1
crouton2,1461.932288,1
ITAK,1191.731832,1
qLethon,1413.318592,1
yuki1997,1445.688314,1
kyuna,1276.429013,1
daut,1274.485199,1
kazyk,1030.731832,1
nadare881,1534.979853,1
vivek_shah98,1148.344985,1
nebukuro09,2183.642578,1
qwqvqwq,1543.399326,1
moriiforfun,1522.098770,1
fujinochan,1079.953334,1
youenn98,1337.136066,1
akathil,1622.620761,1
umezawatakeshi,1606.344985,1
YDK_NK,1319.078518,1
r1825,1302.501442,1
shyyhs,1599.083407,1
Julian,1402.126235,1
mukku,1606.485209,1
hagyu_aya,1584.817446,1
malmal,1030.812801,1
knohkw,1238.688314,1
crazy__1234,1041.812801,1
tmitanitky,1239.126235,1
kichi2004,1153.216449,1
AtamaokaC,1250.330762,1
tada,1070.344985,1
monochro,1126.485209,1
nooka,1646.730468,1
basasuya,1125.399326,1
dsytk7,1442.341348,1
kaming,1518.620761,1
Dadarithm,1730.501442,1
MizukiHashimoto,811.344985,1
LEE_0102,1240.200315,1
Okay,1338.879232,1
NaomiatLibrary,1398.932288,1
micklo,1121.485199,1
kkktym,1263.429013,1
gomatamago,907.638159,1
xlight789,1211.088892,1
Hora,1298.126235,1
yumsiim,1609.900421,1
mutuhuhihusenonu,1528.479721,1
XRQimagin,1346.048691,1
pubgoso,430.704438,1
toshihoge,1756.083407,1
imulan,2167.078518,1
tuananh,1654.126235,1
tarattata,1542.083407,1
y1r,1189.429013,1
cinnamoroll,1765.900421,1
cszclin,1293.413209,1
Kiterai,980.011909,1
springroll,1152.638159,1
kibuna,1326.126235,1
subway,1207.485209,1
pelno,1272.078518,1
Ryo2016,1716.201523,1
AllenWalker,1330.136066,1
mononeco,1054.989028,1
jason53415,1207.812801,1
jupiro,971.083407,1
tute7627,1220.812801,1
sbite,1439.213033,1
WooCie,1175.932288,1
DFNasutarou,1479.027256,1
yasai03,1228.481577,1
m_99,1566.098770,1
takeharak999,1342.932288,1
Mcpu3,1051.879232,1
idaten,1457.213033,1
Fu_Sn,1230.731832,1
masutech16,1207.098770,1
grandmixer,1125.200315,1
rinzu,1377.900421,1
hir35,721.932288,1
keima915,1129.812801,1
al1ce_nanka189r,1059.126235,1
Ruki,1090.126235,1
Arthur_Lugh,1268.057553,1
moa5084,1306.620761,1
Tommy6,1241.216449,1
xvenom99,1600.000000,1
kenta2997,1593.051711,1
hylian,1229.083407,1
habara_k,1740.479721,1
toromaki,1170.027256,1
zaubermusik_i,911.126235,1
nisenabe,574.566667,1
takitamaru,826.010131,1
shusuke,1824.136066,1
myun,1392.083407,1
Derek,1264.479721,1
ibuki2003,1219.534694,1
n_chiba_,1291.027256,1
iwkjosec,1070.415338,1
fukubutyo,1301.879232,1
lavender730,1479.318592,1
YukiDaruma,1092.870535,1
miguel,1052.388100,1
saku630,1254.131879,1
ugis,1070.579863,1
bpine,1390.989028,1
hamray,1251.320227,1
koikuchi,1198.136066,1
ttyskg,1025.083407,1
waccho,1449.011909,1
kuuso,1856.132207,1
o_ologn,1376.932288,1
Kazu03,1017.731832,1
ajinori,1396.057553,1
partychicken,1033.298573,1
reg7777,1210.320227,1
sahil99,1090.136066,1
kenkyu46,1137.663890,1
nexusuica,1362.832003,1
UminchuR,1925.415338,1
temp_name,1308.344985,1
yueki1993,1061.170541,1
bucchi8,1186.812801,1
nena,1364.243056,1
phanta_stick,1123.485209,1
nik7,1134.136066,1
luke8,1039.932288,1
yasunarist,824.812801,1
snow39,1654.481577,1
pruthvi_raju,1494.153280,1
paruma184,1065.399326,1
aizukikoh,1227.011909,1
penerte,1069.485209,1
plcherrim,1704.318592,1
rei_k,1134.415338,1
yy4,1341.078518,1
shunby,1028.932288,1
Clamperl,1630.688314,1
Gaozou97,1393.832003,1
s103ng,1039.730468,1
nish23,1076.812801,1
gott,1116.688314,1
gvastash,1748.620761,1
phocom,1313.141232,1
righttoleft1134,1203.932288,1
izumo,1597.579863,1
cawteh,1002.688314,1
alumina_8,1047.415338,1
fetburner,1547.817446,1
mochi999,1026.731832,1
morymory,768.027256,1
keib,1177.579863,1
sceptre,908.486132,1
clock_v,629.027256,1
crimsonred,1302.223810,1
long_long_long,1218.932288,1
obsproth,1354.318592,1
hiroaki0615,1271.979853,1
rook0809,1312.399326,1
nuko274,1271.027256,1
plsmin64,1213.136066,1
skrts13,1059.485199,1
earlgrey_yh,1419.243056,1
xmyqsh,940.936350,1
kouma1990,1220.620761,1
V_Melville,1334.320227,1
yatuba,1501.200315,1
phyllo,1686.421465,1
xiaoshizhan,1331.688314,1
mensan_fukuhara,1554.027256,1
s0fa,1265.620761,1
sugyan,725.126235,1
firiexp,1612.200315,1
sagsango,1278.413209,1
MintChoco,1299.399326,1
malbare666,1287.083407,1
shossie1016,1137.479721,1
nozma,782.832003,1
Amaoto_17,1246.200315,1
spinute,1373.932288,1
tatt61880,1636.131879,1
Seremo,1185.126235,1
kr,1209.879232,1
tako0218,1330.481577,1
AT274,1404.520399,1
eikani,1569.579863,1
dhgrs,1240.330762,1
kekke28,1445.620761,1
pocketpair,1206.989028,1
amanuko,1773.916334,1
famus2310,1084.136066,1
mechfrog88,1137.832003,1
chocobo,1625.793473,1
Tendaysago,1231.846007,1
irxground,1203.136066,1
tamurin,1198.098770,1
lengthandditty,1098.932288,1
yoko,969.098770,1
ZollingerPython3,1601.280410,1
kiyohiro,1138.351235,1
siman,1514.126235,1
heysan,1179.485209,1
shel,1165.083407,1
yohm,1161.399326,1
syak,1272.429013,1
qxa,927.522339,1
mencotton,1579.494528,1
hibatibati,1303.098770,1
tran0826,1231.812801,1
nomuDog,1409.429013,1
Galaxy64,688.843008,1
painfulness,1822.784591,1
Bobyama,1534.663890,1
NMMN,897.731832,1
yydoco,1497.989028,1
mmmmmmmmmmmmmmmm,1196.399326,1
cirno3153,1752.714047,1
yamadah,1152.638159,1
Doit,1180.126235,1
dilettante,1295.857628,1
ZincNo1,1600.136066,1
mohei,1211.078518,1
VTR,1547.870535,1
yssh,1367.413209,1
minefy,1833.620761,1
akshay_1,1206.663890,1
se1ka2,1226.399326,1
dendenkun,586.621774,1
yutake2000,1302.126235,1
ese0462,1062.832003,1
oshibori,1500.132207,1
blackstone1,1100.620761,1
int_cl,1821.817446,1
mkawa2,907.731832,1
gratan,1475.399326,1
moikilo002,1344.330762,1
yumemoto,831.731832,1
henry_y,1360.200315,1
loliloli,2369.413209,1
ytsmiling,1780.870535,1
stringray,1321.688314,1
idsigma,1763.051711,1
rookzeno,1706.243056,1
letranger,1378.846007,1
macho_uno,1243.688314,1
nanae,1739.276467,1
bula,1533.027256,1
yeye,1215.126235,1
eigh8_t,1183.485209,1
yebityon,1163.870535,1
rhincodon66,1184.216449,1
fockl,1431.663890,1
kubo_nits,1575.481577,1
penguinshunya,1421.027256,1
mkan_0141,1310.132207,1
keigow,1205.932288,1
uni014,985.222183,1
ngs_436,1191.485199,1
TKR18,1254.730468,1
hoxosh,2053.714047,1
bluesky999,1000.688314,1
sapphire15,845.126235,1
satake,1063.832003,1
woodline23xx,1387.481577,1
PND,805.492813,1
rikein12,1735.688314,1
ttm8761,1486.812801,1
baku1101,1251.011909,1
Koreander,1070.730468,1
pkkoro,733.706723,1
masan4444,1128.213033,1
hiramekun,1256.078518,1
signdoubt,1110.832003,1
moku,1250.611706,1
boutarou,1097.989028,1
x_zadfar,901.344985,1
MiuraMiuMiu,1473.879232,1
noko206,923.485199,1
hiroshun,770.126235,1
mui_nyan,1031.671496,1
yapoo,1315.330762,1
C7BMkOO7Qbmcwck7,1177.900421,1
rohna,845.083407,1
soto800,1252.330762,1
inaba00032,1260.485199,1
HMaekawa,1003.832003,1
sugarrr,2067.916334,1
Oland,1286.098770,1
OribeYasuna,1065.429013,1
ugnom1121,1142.485199,1
chocopuu,1361.479721,1
satya26,1090.620761,1
toropippi,1152.620761,1
Takemaro,1231.832003,1
dff9th,1145.011909,1
Ulysses,774.812801,1
Ricky_Ban,959.989028,1
tks_fj,1184.663890,1
saiton03,841.152006,1
marx_saul,1071.126235,1
kksl,1302.083407,1
hashinma,1170.731832,1
okkuu2,1505.812801,1
mouths,999.620761,1
coffee_beans,1082.688314,1
shino_sky,1231.932288,1
Casta46,1050.663890,1
nacky,1073.344985,1
Bison,937.735660,1
kaage,1471.900421,1
takey,831.989028,1
ssssttttnnnn,1044.011909,1
SahikA,963.731832,1
SAIF_IIT_JU,555.428405,1
gojira_ku,1676.730468,1
spawn,1876.832003,1
aoneko,1131.932288,1
Ruloch,1278.399326,1
HayatoY,1243.479721,1
rollman,1107.330762,1
trashbag,203.861854,1
Shtef,1266.812801,1
uzi215,1097.534694,1
null_mn,1481.213033,1
joaom,1816.413209,1
prololo,939.126235,1
daiAtCoder,1014.011582,1
TakoAbokado,723.482524,1
yh1224,1174.200315,1
tomo1381,908.486132,1
cbx,1283.330762,1
kerotan,1417.136066,1
momasahrio,1165.126235,1
thishi,1047.620761,1
cojna,1634.870535,1
ringo9971,932.832003,1
Aotsuki_,1252.011909,1
nuts,1398.485199,1
kappahouse,1429.731832,1
takeya,1452.879232,1
malcheese,806.347455,1
AtomikKeo,952.812801,1
In8531,870.083407,1
fuppy0716,2284.579863,1
rmatsuo,970.011224,1
zlfp2018,791.399326,1
stretchybox,1389.479721,1
okaduki,2044.307199,1
yandy,1160.011909,1
takuchibin,1173.485209,1
phykmqqq,1224.534694,1
uni745e,1334.216449,1
ytakahashi,595.259182,1
pony_murayama,1027.620761,1
lunga,981.932288,1
anomuno,1085.620761,1
ueda,936.501442,1
ikarostech,1148.832003,1
mpeg31,1101.136066,1
tempura0224,2350.579863,1
satanic0258,2395.027216,1
gmmtea,928.807268,1
Laika,1098.320227,1
kitagawa1992,594.875597,1
rimol,1044.989028,1
Shizuku,904.101431,1
xuzijian629,1750.879232,1
mizuking,1851.817446,1
otera,548.751258,1
threeStars,962.429013,1
yoichiro,1072.812801,1
odasatoshi,1095.200315,1
smatsu,577.009063,1
lrmystp,2014.660975,1
capra314cabra,1204.243056,1
unsre,1763.578268,1
yagi24bit,875.394711,1
sensu_watson,1235.620761,1
Lafolia,1350.481577,1
ks2m,1102.027256,1
Kanaya,845.688314,1
iidangooo,1135.399326,1
Almond,1554.098770,1
iBotamon,1052.399326,1
peroon,1201.638159,1
yasu42810,1106.011909,1
SorahISA,1206.832003,1
ose20,1174.011909,1
serenity31,1062.638159,1
betrue12,2301.879232,1
mnrskym0227,1184.243056,1
ichigo,1651.429013,1
fe8r,1185.745004,1
you070707,1613.011909,1
maguroguma,1311.429013,1
arasius,762.620761,1
Helloharo,768.769793,1
nomi,1205.979853,1
szk3y,1244.501442,1
Shiratama2,95.745722,1
betit0919,1367.688314,1
Imperi,840.812801,1
nipun753,660.666310,1
kaname,616.027256,1
tacchan7412,1171.344985,1
ckn,743.473222,1
kyaco,1160.832003,1
Yodai,860.731832,1
rimmoc833,1138.330762,1
ccppjsrb,870.399326,1
set0gut1,1777.932288,1
hitting1024,919.932288,1
Lithium,1386.213033,1
N45h,866.967415,1
Cucumbergreen,877.812801,1
pontaryagin,1513.213033,1
yuta1402,967.344985,1
honyacho,1191.339501,1
sh_mug,1338.731832,1
intnincrement,1493.812801,1
tokoro10g,1240.914261,1
nophey,916.812801,1
t3018216328,1941.812801,1
atsushi015,1330.126235,1
chef29,1036.932288,1
qavion,975.740901,1
Powerword,784.812801,1
LCA,1063.479721,1
furuya1223,2111.201523,1
Kuri174,975.098770,1
saba,1226.730468,1
MonsterInMe,1451.932288,1
devarshi09,1254.429013,1
nijnin,1141.089016,1
White_Green,685.609455,1
toshikish,838.083407,1
cham,393.176936,1
duck24,939.932288,1
vraisamis,1036.932288,1
kametaro,939.216449,1
wolfmagnate,876.620761,1
Zakky,1126.344985,1
shacklebolt,1314.098770,1
shun0923,1499.126235,1
n0dasalt,1282.011909,1
matsuu,919.832003,1
Dice64,1192.812801,1
akimotty,974.485209,1
blackfish,1013.344985,1
shi,1467.520399,1
kira924age,1112.879232,1
seema,1218.485199,1
RyotaW,1066.399326,1
toot_tatsuhiro,1243.932288,1
shikame,989.429013,1
spider_0859,935.932288,1
hanaoka_,1249.731832,1
tmcoder,1145.330762,1
Liechtenstein,743.473222,1
enip,854.932288,1
kojin15,1007.663890,1
rubugeru,835.126235,1
hiraokatmp,784.812801,1
calcium,774.460502,1
ishibashijun,1114.163225,1
donut,1015.485199,1
roimu,1259.011909,1
yoshnary,1733.494528,1
algon,1872.520399,1
canonind,1600.000000,1
readonly_true,918.252566,1
makiha272,1468.989028,1
plafie,970.200315,1
s50,563.893134,1
nnsr,994.344985,1
yudegaki,1059.098770,1
asamas,1121.011909,1
setsuna,756.027256,1
tomo0608,1397.098770,1
kotatsugame,2221.344793,1
takytank,804.103691,1
shimisho,1495.057553,1
OAsa,711.932288,1
Khmer,780.126235,1
ichyo,2148.494528,1
cheeseNA,728.331346,1
skjmp,1292.146899,1
tatsuya0619,1106.083407,1
Nagatuki,930.501442,1
u271969h,1064.989028,1
hjmkt,1313.136066,1
hnustguohuai,838.200315,1
takumikid,1304.027256,1
kmatsunaga,1590.141232,1
taka_katsu0411,1117.832003,1
canshul,1295.857628,1
keityan,974.832003,1
Yuki_Utaai,1406.900421,1
sg08,942.200315,1
usagi4430,932.832003,1
shti_f,912.126235,1
baito,1488.213033,1
masakun,944.832003,1
fatekiti,1001.429013,1
divinediscon10t,1343.638159,1
Syuko4omi,1030.663890,1
aokabi,959.011909,1
zundamochi_1117,1796.485199,1
ikazuya0201,1171.213033,1
rodea_0952,1439.415338,1
yuricat,1513.011909,1
Sn,1026.916334,1
swine,806.347455,1
okitz,1264.730468,1
Raguon,821.330762,1
makiba,1182.832003,1
Valkyrja,1155.213033,1
oevl,1220.638159,1
YutaGameMusic,539.345836,1
y_z,798.777381,1
shop_one,787.027256,1
masakam1,1181.141232,1
naodroid,1139.731832,1
Neroldy,1163.243056,1
justya,672.291964,1
tsjmt,1434.879232,1
nake,832.731832,1
a0122868,1162.620761,1
hamaryo,443.029627,1
yotapoon,971.399326,1
Masumi,1225.057553,1
koikotya,1846.900421,1
ziroppe,1101.330762,1
lucky3977,1284.870535,1
muras,1102.399326,1
kkr,745.027256,1
Alice_holic,731.524316,1
kgoto,1391.083407,1
weddy0707,229.393924,1
kokuyokugetter,768.126235,1
noribentooooooh,1298.011909,1
hinkymargin,625.553406,1
Coki628,1135.415338,1
uwfdai,1592.276467,1
totori_nyaa,1048.879232,1
diagon_alley,1160.620761,1
kage,1003.784591,1
lodnix,1105.870535,1
Xiii111,779.083407,1
Namazu,1287.429013,1
risujiroh,2298.415338,1
dinesh_12345,1068.812801,1
Hatsujime487,1122.688314,1
keep_OC,1194.141232,1
dnek,1246.688314,1
sosuurekkyo,606.583750,1
cho12,980.474684,1
escgreen,974.126235,1
yamatoumi,944.098770,1
kosuke1012,957.011909,1
takamiyaatusi,1129.663890,1
kcvlex,1833.979853,1
gifdog,574.499635,1
fdironia,1950.932288,1
xsthunder,1263.330762,1
masterstroke,1787.000000,1
Digaus,1291.485209,1
heno239,2360.141232,1
rrf,1188.318592,1
junjunjunk,829.098770,1
poincare,998.434393,1
tata,1176.638159,1
gorohash,702.215057,1
N_o_o_B,1134.739676,1
letticee,658.448645,1
TiK27,1500.812801,1
mental_hell,647.781346,1
petite_prog,771.126235,1
shall_we_begin,1364.413209,1
mafillth,1084.027256,1
heragaji,1217.126235,1
laft,1207.429013,1
Kiona1018,1132.136066,1
maya,1101.330762,1
EatChangmyeong,1204.413209,1
Sometimes731,1034.415338,1
chika_haru,1279.320227,1
nikeeshi,1659.399326,1
Trung,1341.731832,1
HydrogenFluoride,1338.879232,1
awaracoder,1073.126235,1
tonegawa,986.399326,1
myoi0905,1212.141232,1
dlmasa,1143.200315,1
koitan,940.098770,1
ChenHC,1385.620761,1
shubham_364,1193.136066,1
ashubeckham,1006.989028,1
matsukin1111,1087.399326,1
motooka,1188.552033,1
ckm626424,953.932288,1
log_K,1004.011909,1
c_r_5,1275.057553,1
shin2ro,1118.027256,1
ice_heart,124.448218,1
treeone,2126.056905,1
tokio_at_tokyo,471.936164,1
karmaninja,999.812801,1
inazuma110,1027.051711,1
codeworm312,943.098770,1
burt_macklin_,1294.731832,1
daleksprinter,1419.213033,1
nu50218,1623.730468,1
mercbeinp,1172.126235,1
anjan0791,795.126235,1
guriko,973.989028,1
arfz,1230.501442,1
Kitaasaka46,796.083407,1
yuto953,1443.730468,1
SolomonWHG,688.843008,1
luckyno9,811.330762,1
Motsu_xe,1535.663890,1
takecian,1135.098770,1
betweens,1260.079604,1
KawattaTaido,707.963310,1
nimon,1484.989028,1
lass1e,1396.620761,1
madpillow,664.985935,1
kiyoshi0205,624.064786,1
kingyo,1135.011909,1
mark1205,755.126235,1
coder_penguin,878.731832,1
nnks,928.399326,1
miku,1553.479721,1
ready_player074,628.399326,1
kanade2001,88.609288,1
ourtake,1139.429013,1
lobmto,591.792137,1
shugo15,699.475320,1
dickynovanto1103,1102.399326,1
Tatsuya_san,774.932288,1
nemmy,696.344985,1
kakkey1964,1160.126235,1
akima,1179.136066,1
fine,1997.118984,1
erdenebayr_d,1232.932288,1
issei,1082.620761,1
ruri_py,1011.136066,1
bombra108,1283.481577,1
kanpurin,790.620761,1
suzukisan_love,716.131879,1
ishikado,1860.730468,1
graythunder,988.989028,1
kt71079,537.289277,1
amool,820.634688,1
Saikat,960.479721,1
kuro,1034.330762,1
cunitac,1069.083407,1
SinAyame,1633.660975,1
stan,1354.731832,1
yochan,1079.620761,1
obata0430,965.485199,1
yuyu12,743.485199,1
zohe,1324.415338,1
tamato,658.448645,1
hnustwangjinlong,876.075388,1
dpez,726.079177,1
shimipon15,956.832003,1
leaf1415,2259.660975,1
natsuki_iwn,1387.812801,1
tsucchee,1030.340380,1
ido_kara_deru,541.391877,1
fujitsubo,1217.812801,1
roundplus,777.485199,1
t29227801,856.812801,1
reik,1160.057553,1
iosink,1274.932288,1
ngard,1049.415338,1
stkz_uq,1076.098770,1
hanayorihokani,924.932288,1
tetsuyana,711.932288,1
KuroUron,738.731718,1
BSC_exaltedorb,973.083407,1
mdstoy,887.399326,1
takax3,579.027256,1
smon,1175.399326,1
yokofudori,688.843008,1
etsuko,1575.249839,1
KowerKoint,1083.832003,1
oooooba,1138.213033,1
cafeal,1037.401173,1
HeV,937.932288,1
Yu_212,1027.832003,1
darshimo,859.083407,1
ytakaya,1027.620761,1
harsaka,1137.243056,1
hayatoto,607.399326,1
KouMikage,955.213033,1
season,1207.485199,1
caprest1,807.344985,1
yosho,1130.989028,1
lapis_Lazuri,1252.098770,1
yuyawk_0908,687.393260,1
nagitaosu,1128.731832,1
sojisan,1148.399326,1
material,1106.468325,1
eguchishi,743.832003,1
sensensan93,978.832003,1
kjnh10,1591.078518,1
shuG,675.404820,1
nekoder,904.243056,1
Rainin,1092.098770,1
doraneko94,830.430065,1
mizukurage,1254.916334,1
riaf,736.685678,1
NKgiants1110,1007.083407,1
bin101,939.932288,1
Nanami0634,686.908841,1
LHYLHY,646.800242,1
KujoKaren,1163.344985,1
xuzhihang,-152.810654,1
mikotex,1093.136066,1
bluexleoxgreen,862.932288,1
kyon2326,439.831163,1
chomeyama,1150.812801,1
darjeeling,983.318592,1
kembo,725.126235,1
emile11235,934.663890,1
takoyki3,918.879232,1
Styla912,1212.730468,1
Jumpaku,898.399326,1
minagi,919.916334,1
Sansansanlvlv,71.215243,1
mengxiaoyan,1111.620761,1
shimataku,865.126235,1
whisper0077,647.359876,1
sekryy,1151.399326,1
chutong,684.932288,1
yunyun8686,1147.812801,1
tokotoko7777,1004.663890,1
zawanishi,1176.932288,1
danielsun3164,768.223383,1
horiso0921,1017.399326,1
Alpha_giraffe,999.126235,1
purine,843.126235,1
Sigma1023,689.485199,1
patahene,1235.057553,1
TOPPON,507.686167,1
ohshige,1168.620761,1
dicenull,1083.881746,1
skaw,855.932288,1
arc,1353.078518,1
abab,1028.638159,1
miyuh,229.393924,1
TaikiInoue,820.634688,1
ndifix,1162.579863,1
tRue,1376.638159,1
trasta,773.812801,1
Ravenoux,895.501442,1
agridrama,937.688314,1
Huah,1308.011909,1
Alice_Claire,1251.126235,1
sarf,995.126235,1
CHOHCOOH2,1027.812801,1
kouya183,1044.812801,1
qieqiemin,1332.620761,1
akariki,1350.011909,1
honda0ko,907.832003,1
gya9,958.663890,1
rk222,1162.399326,1
sifi_border,1461.213033,1
rikka,1263.832003,1
nakaken88,676.940017,1
kshohei,803.989028,1
scotscotch,753.989028,1
Regent_50m,1136.330762,1
KTurA427,891.832003,0
jell,1980.330762,0
juppy,1468.098770,0
hw8829,982.225914,1
IdealLife3,1323.200315,0
occhan,1303.638159,1
kyonkyoco,723.399326,1
c7c7,1801.086735,1
Ashishgup,2002.216449,1
JooDdae,1333.136066,1
anmichi,1368.900421,1
private_yusuke,1206.320227,1
hope_ton94,1189.479721,1
tac_,975.429013,1
BlahDuckling747,1255.485209,1
howeverforever,1431.126235,1
crom,873.979853,1
akun0716,1080.479721,1
kNakajima,1108.879232,1
pnnc205j,1131.429013,1
cm43punk,1285.688314,1
lemty,1266.213033,1
YK0809,1076.200315,1
pynomi,1084.213033,1
kemingsurface,1436.501442,1
terusan,404.546357,1
yosiiii,1126.429013,1
compass,1055.663890,1
theAnonymous,1495.413209,1
manuchroma,1098.136066,1
null_null,1182.730468,1
phystak,1451.330762,1
shinshu,994.415338,1
Autumn_A,1272.078518,1
su_565fx,1374.730468,1
tamihuru,1230.663890,1
p623,1082.330762,1
swkfn,1100.579863,1
hapdap,1305.688314,1
Cmer,1118.078518,1
CleyL,1232.243056,1
zxcvbv,989.777429,1
kinta122,1015.832003,1
traymihael,1147.832003,1
oz4point5,1194.136066,1
renoyu,1049.534694,1
jjjjjjjtgpptmjj,969.098770,1
pei166,904.141232,1
jellyfish,1156.534694,1
jun__,668.838840,1
Atomic,969.481577,1
gumfum,1370.730468,1
side,951.881746,1
mukakego,820.989028,1
Fukumoto,923.916334,1
sphere_m,864.485199,1
yn0014,895.330762,1
hnakashima,1105.900421,1
jojojoe77,1032.730468,1
apoorv,1324.011909,1
seriru,1198.916334,1
yuma220284,1172.126235,1
relieved_face,831.663890,1
tonami,1107.083407,1
wh317706,1155.243056,1
HoneyMack,1173.832003,1
moshimobox,931.126235,1
takuk,1112.126235,1
doradorasuki,1148.784591,1
harusan,940.620761,1
Flyinghorse,1100.812801,1
thash,1050.415338,1
BSer,1167.429013,1
mot,1049.620761,1
gasugesu,1180.078518,1
asako9494,850.399326,1
tanba,1103.642578,1
theoldmoon0602,1185.730468,1
cexen,1297.663890,1
nuhunune,839.344985,1
YIPG,1153.136066,1
emiliano,415.799080,1
fp563,1082.243056,1
cocomoff,852.501442,1
hakoshie,1116.730468,1
hanbeidayo,943.415338,1
C05,1091.832003,1
enjapma,1911.916334,1
TomA,918.485209,1
stone725,1402.479721,1
damekamo,1215.030240,1
KyleKatarn,939.399326,1
Ebishu0309,981.098770,1
new_textfile,1168.415338,1
hibari2357,1185.415338,1
neko_kichi,844.078518,1
gekko,865.812801,1
iwaiwaiwa,888.879232,1
Ryuu98,898.027256,1
ooharabucyou,865.989028,1
Bloody_Yulii,1084.688314,1
university,1229.494528,1
mine691,1238.078518,1
yo_kanyukari,833.793473,1
alexara1123,945.485199,1
Tlapesium,1190.243056,1
miscalculation53,861.126235,1
alorie,1097.638159,1
EisKern,796.663890,1
wikrsh,1208.663890,1
Axelius,1334.688314,1
mono1120,943.832003,1
kyomukyomupurin,1220.200315,1
KOSD_Kazuki,997.812801,1
rurito0125,317.422544,1
penicillin0,907.083407,1
hango,1056.730468,1
Takeno_hito,893.638159,1
maruny7,991.501442,1
ponponpainful,1242.344985,1
burokoron,1131.303214,1
Fuh,1027.638159,1
gaia,520.444683,1
Micc,931.812801,1
toutatsu,712.485199,1
shompepe,826.663890,1
Osmium_1008,1105.479721,1
tonnnura172,771.932288,1
masaemon,759.812801,1
syunsuke,1244.078518,1
mikagi,991.399326,1
teacup,936.330762,1
tomarint,1270.832003,1
Monotrea,922.932288,1
Kenpel,716.819761,1
uu1t,1301.812801,1
bored_funuke,790.027256,1
dragonlaunch,863.663890,1
klno,678.501442,1
tkkt0001,970.057553,1
koki1018,1161.642578,1
mondatto,1787.210085,1
c2chem,763.663890,1
lofu_imgkr,1131.041483,1
fshuto,1116.083407,1
masaoy,1202.299091,1
ark27,939.879232,1
YutaCI,694.940653,1
mt_kuma,1009.011909,1
koshikura,1152.832003,1
YwelshonionY,749.083407,1
hiroa,974.730468,1
Hyado,803.126235,1
Ichijyo,887.318592,1
NS601023,985.098770,1
new18,847.011909,1
m44,858.126235,1
Kandam,845.344985,1
Today,765.098770,1
tenkyu,992.714047,1
azara4,1071.011909,1
BARISU,941.832003,1
taxi1729,1137.663890,1
satoshi_f,906.730468,1
yoshimasa_tk,563.893134,1
t_tra,1240.914261,1
ravie403,1047.213033,1
marpore,668.832003,1
l_h_e,848.501442,1
ar90n,1600.000000,1
daiwakun,1357.078518,1
akjgskwi,817.730468,1
kartica,1367.688314,1
ysfk,777.663890,1
yakutou,837.399326,1
zaki1236,761.663890,1
tncider,607.113097,1
ksfather,1031.011909,1
rokahikou,913.663890,1
punipuni,1012.817446,1
Gash788,931.429013,1
instantkill,1352.083407,1
maguchi,1154.989028,1
kebus,1007.485199,1
Bondo416,998.243056,1
pit611kepo3054,852.784591,1
niwaka_senpai,945.344985,1
Moscwa,990.663890,1
mitchieDuho,794.688314,1
altescy,838.126235,1
Squirtle,1110.485199,1
k_k_hiroki,1309.932288,1
shioree,1004.399326,1
xryuseix,990.027256,1
proteasome,1173.078518,1
hachi88,1028.429013,1
goropikari,1162.730468,1
Kuromaru,852.011909,1
okaryo,870.213033,1
TakoKurage,1202.660975,1
Cyber_Wizard,1228.452194,1
haru1843,657.483815,1
yutanpo,1082.078518,1
qqr_i,1047.479721,1
ogura01,1217.620761,1
puvon,1064.731832,1
MYUUKI,779.812801,1
zsh,834.126235,1
mirachu,1114.479721,1
walk_to_work,1084.213033,1
oykn,439.831163,1
shangtai,946.330762,1
justice_vsbr,732.384453,1
mmnk_atcoder,747.344985,1
kikage,901.083407,1
tacha_ioiq,1025.620761,1
david,939.131879,1
Ken_Sumi1019,1000.415338,1
hiromimi,1008.098770,1
aki_sen,805.399326,1
ne290206,1143.011909,1
helsinki2103,358.968067,1
rainy2041,983.688314,1
t6is,851.825539,1
calc,1065.688314,1
yasudomi,547.438648,1
dn154,1358.638159,1
lusingander,869.397597,1
ococonomy1,778.688314,1
ryota717,1222.213033,1
FlutCla,966.136066,1
enjoy,382.977409,1
martus,552.804365,1
muatotto,1033.660975,1
nahcnuj,992.989028,1
Jack8,1014.663890,1
vpplcb,1210.399326,1
NTargon,1081.136066,1
Tategami,983.989028,1
umiushi,1150.413209,1
ttakuru88,1263.620761,1
metaerr,1003.399326,1
ta7uw,1252.216449,1
progfay,992.330762,1
myanta,1365.280410,1
diohabara,955.730468,1
yuki013,584.900421,1
sarashin,1109.243056,1
cand,809.832003,1
amber,855.200315,1
amigurumicats,686.126235,1
kento_kun,1059.126235,1
jchris,848.620761,1
chizuchizu,804.011909,1
Goseqh,2080.812801,1
hattarist,974.399326,1
kekenx,988.083407,1
onigawara,1155.213033,1
yonkoaman,1354.731832,1
manta1130,935.126235,1
m_9719,808.399326,1
coricozizi,938.098770,1
Tosachi,810.216449,1
lice666,761.688314,1
Keichan16,734.629118,1
tattaka,878.126235,1
Nefertiti,922.688314,1
hng,1188.399326,1
silopy,1096.243056,1
ishigen,543.457581,1
qrrakakh,992.011909,1
Kassin,317.545562,1
mtmtznd,1045.126235,1
sirokome19,797.399326,1
mon10,1317.900421,1
aoi_,880.399326,1
nokaruku,974.989028,1
metamon,1215.589350,1
celeus,894.932288,1
Megane_88,905.501442,1
rrrccc,1238.136066,1
matasuke,743.473222,1
teacat,754.399326,1
karasuex54,1066.213033,1
ya38djr,683.565479,1
gdmiwasawa,1311.620761,1
topaz13,1011.098770,1
Nils_Olav,449.986324,1
Ricky_pon,1160.485199,1
Shinra,773.730468,1
ariku,920.620761,1
high_moctane,1128.287923,1
mi0205,746.429013,1
MiraiNIKI,965.344985,1
takoagemat,855.083407,1
URG,797.688314,1
kimura1821,1124.429013,1
Cassin,163.266779,1
yuchiki,1288.011909,1
maodao,818.485209,1
orca1732,761.083407,1
Yumaski,680.832003,1
cultivatetsubo,863.663890,1
kkksc04,844.467412,1
hryshtk,994.344985,1
bootm,863.812801,1
zxc_identity,849.900421,1
nishiokun,729.932288,1
mamime19,1129.578268,1
T_M,1004.421465,1
Doarakko2049,831.344793,1
okuni,1039.812801,1
mathyuuugo,861.126235,1
tohruok,719.832003,1
kohdai,1154.485199,1
mozukinTV,594.875597,1
copy,874.399326,1
hatchi_rating,735.832003,1
numatanumanuma,886.027256,1
TKD0022,951.193322,1
oka_no,888.879232,1
sarugami,509.730468,1
wariuni,1114.520399,1
yk356,602.989028,1
rantarn0326,795.663890,1
Pkodama,684.399326,1
mochi32,880.126235,1
shidenvip,1242.083407,1
urachi0826,950.318592,1
kyawa,896.731832,1
coding,571.208016,1
makome,879.276078,1
ir_1st_vil,731.344985,1
SWAco,1044.141232,1
bikkle,945.344985,1
esio_trot,1235.379296,1
pika53f,684.900421,1
nono_fg,590.832003,1
koujiya201712,732.442898,1
mamao,886.399326,1
Noiri,1028.479721,1
Kenkoro,976.098770,1
shosinsha,818.879232,1
sintan,1081.415338,1
furuta,917.041390,1
kokubun0293,1373.303214,1
nhara551,945.832003,1
zkayrodu,707.894227,1
tk7110,402.931890,1
Sophie1234,636.932288,1
sugibad1412,841.479721,1
yukke714,681.805229,1
warlus,848.501442,1
shouth,1057.812801,1
takowasabi44,561.867188,1
benpen,669.027256,1
hyperion_1724,974.731832,1
lxga,658.515768,1
mashpoon,1243.344985,1
ymtz03,930.409427,1
jikei,633.071088,1
khanda,1058.399326,1
xiaoh,1011.989028,1
katata,787.638159,1
yukayama,649.776447,1
d6ms,533.688099,1
watason,773.479721,1
io_voyage,585.371453,1
nicolen,829.011909,1
y_tsune,1020.730468,1
Atria,686.485199,1
genomas,1208.932288,1
oshima_k,336.699519,1
ryochanuedasan,695.832003,1
raahii,802.399326,1
w80707,878.057553,1
uiiaoo,899.344985,1
simratbrar,639.782518,1
genghiskhan,790.832003,1
aixaxia,1129.399326,1
koron790,10.228115,1
chauhandeep,914.812801,1
csnagu,425.430376,1
akbar1214,975.620761,1
acchan,667.932288,1
Nalga,956.932288,1
ichitaro828,781.083407,1
matchapy,1035.932288,1
nuzpuz,826.429013,1
sensu,457.611868,1
bashuuuuun,1121.688314,1
cider,1172.200315,1
kimitoboku,948.126235,1
Pagliacci,660.832003,1
arks1225,805.638159,1
kotet,1266.485199,1
shionhonda,987.344985,1
robosithi,498.629177,1
conan_0,1335.812801,1
developmaso,791.879232,1
proconlife,961.399326,1
flow_6852,499.976096,1
KoyanagiHitoshi,904.688314,1
bansakuaoi,1018.156697,1
yunak,723.730468,1
tehillah,886.731832,1
ants,845.399326,1
skhiuk,758.399326,1
tsukimizake,962.083407,1
O1O1,870.399326,1
Octopus,563.893134,1
access27,963.213033,1
morningyrp,636.821757,1
wtnk0812,1074.642578,1
lakshay_nasa,1274.620761,1
faraday,769.932288,1
hecatier,899.057553,1
nt1010,703.832003,1
onitakenoko,575.213033,1
tea437354,1018.098770,1
kuromegane,1091.213033,1
rita_n,716.832003,1
yurari29,548.083407,1
syutotyou,497.147419,1
matsuyoshi,601.501442,1
Fugitsune,750.405913,1
Nankotsukan,1003.812801,1
marukakko,707.900421,1
mugen1337,634.083407,1
heidaertu,1358.344985,1
marimoko,680.399326,1
dbftdiyoeywga,636.900421,1
klattimia,969.620761,1
Sukarna_Paul,939.412811,1
BlackBracken,906.243056,1
pod,733.501442,1
Pine,700.199274,1
taka256,1198.688314,1
moon_27,779.832003,1
NapierJP,1026.200315,1
pmtwice,1062.126235,1
clps1220,664.126235,1
Airone,930.932288,1
takoyakiusagi,362.252134,1
slimepettan,845.399326,1
Myah,1014.136066,1
momohara,705.778165,1
Dente,882.474542,1
Ktakuya,500.619310,1
bittu_coder,741.781288,1
kusarimodoki,952.832003,1
blue0552,230.069881,1
mayayutaka2,1600.000000,1
dyuji,700.199274,1
Hero1632,420.967881,1
rang00,1056.485199,1
chappychappy,676.940017,1
kokekoke10,848.126235,1
VolgaKurvar,657.101240,1
Tknaka,709.621200,1
mhi3,840.501442,1
ha4gu,899.932288,1
lovesunbears,977.126235,1
ItsukiNamito,574.344985,1
sago35,771.325712,1
noni,1371.078518,1
wena0715,763.608431,1
ue1221,1006.330762,1
giantneco,776.389071,1
takamii228,427.050174,1
Schumi543,900.731832,1
nemurin,589.569185,1
chopper,543.083388,1
hi97,735.479721,1
agw02010,950.001583,1
aketijyuuzou,1412.932288,1
tsatoshi703,646.144147,1
tokumaru,664.985935,1
hypergori,642.121218,1
foop,438.369312,1
retrage01,801.812801,1
SUIMA,1101.387033,1
sifue,824.415338,1
semi,952.879232,1
spindyzel,717.090035,1
sugiura36,336.699519,1
uukosnubeyn,609.730468,1
mkjiro,844.638159,1
msfmfjt,871.731832,1
sheerandai,774.688314,1
yki25,1071.932288,1
sshojiro,1015.398066,1
yoyomion,871.807243,1
hayao,820.634688,1
ryu19,848.126235,1
Rinwasyu,850.730468,1
hrs,876.932288,1
MotoAtcoder,1126.057553,1
SahilK,1202.299091,1
souhei,974.011909,1
s14ti028,1010.916334,1
sakaki_tohru,965.011909,1
Hatsuka,551.467976,1
Yama24,782.131879,1
mitsui321,762.688314,1
pipbcmsi,695.688314,1
youmts,1219.731832,1
nsmr,790.126235,1
yamamayumi9489,926.027256,1
osamu329,1035.832003,1
yotaiyo,947.485199,1
tyoukaku314,842.126235,1
koeru111,1183.832003,1
inushida,683.565479,1
napier2718,759.730468,1
tsuyoshi21,634.344985,1
Flow_,685.832003,1
azennto,384.644448,1
yukishiba,1150.427961,1
ei1704,914.812801,1
ktn9,644.098770,1
matsurii,548.751258,1
soitakahashi,1002.743232,1
pj21,477.530661,1
Bakugo,1479.557963,1
hatomuru,597.512709,1
mski_iksm,896.269012,1
zk_sumon,847.763727,1
DM7PvTyc,1005.832003,1
Hamaguri0414,768.223383,1
kurihiro,836.620761,1
popomy,1116.136066,1
ankokumoyashi,761.906043,1
ymd104aams,905.126235,1
tomcha,950.688314,1
araraki,862.108882,1
Murasa,392.255924,1
kengo,530.881070,1
ktynry,1076.266672,1
dsa,954.485209,1
iPolyomino,864.932288,1
peace_of_junk,948.578268,1
fmp,846.027256,1
nayuta13,913.344985,1
JPnakamura,887.579863,1
xml9shiki,1154.642578,1
PrCp1N,725.399326,1
swimcamera,500.619310,1
a_que_z,933.989028,1
onetrickpony,360.228540,1
redchimps,666.932288,1
yoshiyoshi1206,888.731832,1
MoSooN,675.083407,1
hitodeman,871.812801,1
agonize,952.688314,1
tyawanmusi,839.832003,1
toffee,501.638044,1
resen_inaba,1037.136066,1
iva7,641.399326,1
Jsimluken,949.832003,1
fujish,750.682862,1
hals,735.832003,1
megamegane,634.932288,1
Im_Gimlet,545.950784,1
R_R,745.774825,1
saitaman,996.479721,1
hanato,975.832003,1
willofhare,902.812278,1
Shimana,864.399326,1
ryuan71,829.812801,1
mina2000gt,820.832003,1
asasan,728.126235,1
Internet,757.243056,1
koheijp,902.991860,1
tarovel4842,355.019755,1
tanachu,1006.098770,1
Futatsugi,1132.126235,1
salusa,474.878218,1
skytomo,699.989028,1
p_yellow,743.473222,1
kanibase,1000.344985,1
enbos,718.126235,1
Roupika,763.812801,1
s8ita,775.598483,1
sanadayukimura73,1025.213033,1
molchiro,982.225914,1
chanori,931.832003,1
jamuojisan,495.190575,1
hakusye,717.620761,1
macaco1101,280.283949,1
pontadao,863.832003,1
lowjack,1278.620761,1
rsuke,747.126235,1
sskopite666,816.730468,1
rajyan,448.225487,1
Cons,913.485811,1
aryanc403,1729.812801,1
yyasumizu,421.223156,1
lynmisakura,635.208204,1
Osa_Pyon,901.027256,1
Alnus,710.399326,1
kazuamgm,519.451721,1
norimiso,1098.900421,1
maitake,1004.900421,1
nobug5c9,1071.731832,1
epopaca,1274.330762,1
pyu666,840.501442,1
daikon0425,743.676086,1
mokrai,789.688314,1
koyamaso,893.011909,1
kiddikn,373.004595,1
highspec210,632.663890,1
Sagerin,720.997393,1
hamukichi,1224.881746,1
robonchu,475.005137,1
damedesu,910.694986,1
Brijesh1in,35.190798,1
kafuka97,585.832003,1
foxykodai,360.601680,1
akiozi,928.083407,1
baobao1702,751.894586,1
ryo111,672.083407,1
anaimiyu,808.139942,1
snneko,381.189773,1
severrabaen,654.415338,1
chartfellow,586.115926,1
Kakashi77,327.250737,1
pointN,939.812801,1
siro53,944.663890,1
takumiw,660.083407,1
killerrk,815.415338,1
bassycl7403,610.411530,1
atchi_coder,870.415338,1
tota66,1171.429013,1
yuma25689,523.479359,1
tetsurom,1013.784591,1
HK_nnn,908.989028,1
uraoz,863.098770,1
Cdec,772.330762,1
hakuchan,1027.415338,1
hiro22,471.429013,1
Latixahi,647.663890,1
wataru86,999.832003,1
satackey,440.525652,1
tmato,744.932288,1
nesya,1552.900421,1
MasakiAOTA,984.688314,1
alkwest,819.620761,1
winnie,663.757055,1
smina,935.485209,1
Gimlet,749.620761,1
das,784.587626,1
gold_n,35.190798,1
toycode,769.875925,1
condongcodong,1045.482256,1
xzt220,762.399326,1
Dotter,559.098770,1
godotmulfunc,359.562884,1
keik,686.502225,1
KUMAWO,938.070254,1
is,824.694029,1
bplain,959.213033,1
Otsumami,1079.227433,1
socchi999,625.017125,1
takechan,874.688314,1
muririn,703.577920,1
fvrt,724.688314,1
Kanabun,876.243056,1
shihou,436.201285,1
ik11235,606.793895,1
minmin408,813.243056,1
tomoyuki710,701.344985,1
uindou,229.393924,1
kuisiba,770.663890,1
zgtkguri,1162.550101,1
akaino,760.142300,1
tripdancer1989,1021.011909,1
KetON,776.200315,1
kiyu,977.932288,1
kyo1,973.485199,1
aya_se,848.307442,1
amuyikam,775.888049,1
ism_kit,681.083407,1
wataru080529,286.634262,1
mak1a,370.414582,1
Protego_totalum,1079.731832,1
taki_g,796.399326,1
tacky0612,564.103986,1
yanagi4009,-79.882031,1
rinlucky7,795.258686,1
tso_moriri,678.306359,1
asuku,344.004795,1
yyffow,539.243744,1
stra,668.838840,1
aniy4ice,645.363898,1
yotuha,680.011909,1
Tirol_JPN,487.090648,1
elaina,832.579863,1
iaur64,760.243056,1
ken_,838.501442,1
liptonmilktea,707.894227,1
wolframotoya,202.400969,1
hnust_yangyanjun,853.903466,1
keiouok,781.126235,1
bio4eta,942.620761,1
haltaro,421.223156,1
kk127,760.142300,1
kezawa,986.078518,1
vanilla,584.638159,1
Rhunosuke,490.970236,1
hnust_RuanJN,589.595766,1
totomaru,773.865404,1
prnrg387,1028.399326,1
Iso_,959.008566,1
daichi_0224,702.620761,1
taichi31,916.932288,1
Chl__minchang,359.562884,1
kn1239,742.443419,1
hilenet,608.989028,1
stranger_0229,834.429159,1
exion,1193.413209,1
tkygtr6,1373.663890,1
linuxojisan009,1004.832003,1
ordovicia,1127.344985,1
shoshosho,357.157690,1
harumakki,230.902430,1
icacht,971.730468,1
gingi99,386.598187,1
yxx3tch,643.330762,1
tdyydt,992.730468,1
matsugen1234,1057.011909,1
noma0722,690.688314,1
vees,344.421009,1
takam5f2,604.142823,1
wald_14,157.141258,1
schwert,598.805164,1
ryora0723,65.581088,1
empty_fine,826.011909,1
kuribo,370.847495,1
kafuhamada,936.688314,1
watano1168,692.344985,1
terafon,863.932288,1
megafepsidarcq,693.620761,1
Boonyon,660.476788,1
ulan4,977.832003,1
zerosan,506.652796,1
miura0319,1014.932288,1
masao96328,516.120316,1
kz_0420,880.900421,1
hir810,852.932288,1
miler0528,798.126235,1
keserasera_77,613.429013,1
okazu_dm,799.399326,1
erotic_panda,522.339820,1
makhs,784.126235,1
fam_taro,124.448218,1
vin,511.515089,1
kyomu,504.689899,1
coelacanth,536.295985,1
TatsuyaMakibuchi,621.832003,1
ak3,698.688314,1
Proudust,755.531406,1
nayuta,974.213033,1
kan_ki,698.126235,1
shiumai1740,756.663890,1
toki,351.754431,1
nekoryavka,545.950784,1
Decision,949.731832,1
drilldripper,818.344985,1
bluesky2983,670.126235,1
otafuro,757.501442,1
mello,507.130112,1
mikawataru,680.126235,1
sopurani885,878.642578,1
canaria,896.269012,1
noza,678.216449,1
joh_kakka,312.449670,1
yoshiki1123,686.243056,1
BkcT,562.318761,1
shkgn24,788.415338,1
gamino,805.429013,1
rahulk957019,1212.731832,1
mochi_yassy,592.027256,1
knayan,873.169089,1
sagoj0_,505.719175,1
Vanilla1810,625.344985,1
madomaginonuma,413.356906,1
shika,694.940653,1
dogdriip,1340.812801,1
Signal,518.330762,1
zssa,669.027256,1
mikikun1959,987.243056,1
caffeine40mg,851.730468,1
hedral,996.731832,1
malic,841.011909,1
hokekiyoo,771.325712,1
shiro_t,536.295985,1
pepo,847.078518,1
lakiryt,746.989028,1
scol,613.958391,1
hrs499,455.184026,1
kokiy,1008.731832,1
zhangkai,413.929495,1
lemon_,983.399326,1
snaka0213,457.611868,1
kuyuri_iroha,398.138383,1
OvThAlmin,863.057553,1
k11200070,1070.932288,1
Gibson,518.241937,1
tanakanoko,534.355769,1
cistertail,604.832003,1
asagi0909,718.579863,1
machikane,415.283865,1
kurokuro96,495.330762,1
rtrs,550.332513,1
NKato,1158.620761,1
helloerasedworld,796.638159,1
usiusi02,324.625392,1
SonDinh,1291.556511,1
kuspen,806.347455,1
qweszxc6304,632.344708,1
kotaro912214,401.234766,1
ishikoro,717.090035,1
goldfish,705.027256,1
aratobi,812.812801,1
hanon,758.832003,1
C622swallowangel,652.098770,1
cmamt,675.798245,1
seiritsu,524.694499,1
tkyaaida,490.964511,1
senritsuki,1128.287923,1
anz021,350.253668,1
jiangyue,485.607231,1
tkr987,480.938940,1
ate,842.638159,1
maya2250,1197.136066,1
k_t,551.371049,1
uron5101,862.812801,1
cisko,876.583419,1
monokuro,713.889345,1
paleApricot,764.932288,1
kaisei705,589.243056,1
ikedayuu,979.011909,1
noamoa16,962.989028,1
moono08,787.919031,1
myzs_65c,853.989028,1
Harry325Kitajima,676.688314,1
hiro_k,872.832003,1
k41t_,494.213033,1
Eiostu,497.406441,1
Vlad1k,1360.731832,1
junya,844.467412,1
shirohevi,750.989028,1
hnymA,1029.136066,1
kuma13,112.916054,1
nanasi128,469.715947,1
Tatsuyaaaa,852.083407,1
makura,775.784591,1
keikouto2001,330.993912,1
Harunari,275.100724,1
tnkm,974.136066,1
nuigrm,560.501442,1
kmz1,676.940017,1
HBonsai,870.098770,1
zz,960.011909,1
illyasvieI,701.948159,1
albusSamurai,784.879232,1
hiragi0131,359.562884,1
estis,583.730468,1
ms5,514.455267,1
tough,449.411379,1
andooown,807.399326,1
kobyn,797.688314,1
km1216jp,947.916334,1
hmdtarako,687.638159,1
paddy_ist,704.429013,1
skchdr,526.844819,1
ddtkra,698.501442,1
rakka,588.399326,1
hnust_lizhiwen,587.399326,1
cohey,833.688314,1
tijooptvlf,455.303058,1
kushu,823.720525,1
bachibachiman,689.638159,1
mchhdnr,930.409427,1
delta71,1312.481577,1
Noyuhiru,428.851887,1
kazurego7,488.663890,1
sekitaku,918.807397,1
liberty,767.083407,1
kojinyan,521.748928,1
aochan,657.501442,1
flyio,399.681144,1
elperry,275.552996,1
earlgray283,606.832003,1
Jazcarretao,576.027256,1
kyosuke0924,1057.330762,1
Mayten,779.932288,1
zin9,286.634262,1
Code_X,657.126235,1
zato,1033.731832,1
hotman78,1125.022599,1
tato,826.344985,1
yama2019,602.017206,1
nekoyashiki,109.306343,1
methyl_pentane,365.868160,1
hoper,793.812801,1
hama1080,710.126235,1
segatomo,445.744992,1
william40614,466.866465,1
nazonazokun,779.429013,1
dutsrat,869.397597,1
Agodoriru,612.303214,1
i_sei,482.105499,1
ntgecko,316.086490,1
xanxus1204,61.160991,1
oot,516.363633,1
woods44,389.281933,1
MilleFeuille2,810.620761,1
Manuel1024,789.397776,1
akht,1008.027256,1
yoramu,652.083407,1
osushi5,657.750071,1
satosu1979,812.832003,1
lockdef,43.618095,1
cz5hxzrr,668.650082,1
toasa,656.353600,1
nullsawa,516.363633,1
iMasanari,843.812801,1
uv_cut,498.629177,1
Kizitora,622.296026,1
syym88,550.128770,1
Pondelion1783,794.638159,1
horubono,823.340390,1
terraritto,789.397776,1
uturyo27182,1299.126235,1
a5ob7r,459.426806,1
saku_uma,455.184026,1
algdiffjp,753.638159,1
byakko514,790.932288,1
tetsuro1919,712.989028,1
Kay_Shirasawa,979.812801,1
browndog9314,646.688314,1
morix1500,563.893134,1
ttsalt,750.682862,1
hirono999,905.812801,1
montblanc18,1125.989028,1
tadaren,947.485199,1
yeha3015,734.620761,1
rutempe,747.417537,1
hnust_zhongyuyi,902.812278,1
yka,599.098770,1
kat0rik,381.189773,1
levi,1153.330762,1
Kiyu_tsutsumin,716.819761,1
humanmodoki,656.303423,1
w2w2,1049.462388,1
kawanishi9726,816.688314,1
mie,594.083407,1
permesilo,956.731832,1
tmentaiko,604.198101,1
saba0622,951.193322,1
m_nish,1016.453978,1
YukiShiro,591.854906,1
fukujusohko,847.637019,1
matsuren,772.620761,1
aoiatuage,336.699519,1
undermakingbook,456.824097,1
Shijimi_Shark,673.701132,1
kazukazu,591.854906,1
tatsu3939,280.283949,1
autumn617,299.499902,1
saintpopo,374.070975,1
Lafleur,1041.083407,1
Nadia87,745.027256,1
Sawarnik123,702.440177,1
totototakemu,896.932288,1
bereke,616.399326,1
chia33164,359.562884,1
suizokukan894,615.291938,1
damin,928.688314,1
gokosho,402.441843,1
haccht,1257.733556,1
gaudi08,1064.916334,1
itigo,701.948159,1
hnust_liuzelin,399.681144,1
guvi007,1061.620761,1
asdfghjklw,560.083407,1
SnowFairy,280.102162,1
windystreet,894.731832,1
wkodate,789.663890,1
y4imfdy2,1002.083407,1
tm0000k,621.253301,1
wisteria30,619.344985,1
TagLeon,614.203028,1
yuki2006,1256.520399,1
Deepak17337,455.303058,1
szkieletor,898.688314,1
shirase000,618.879232,1
bismuth,412.083774,1
BOMB_08,462.014949,1
Hasegawa_frog,489.143804,1
osyakana,230.069881,1
famicon,374.398928,1
ofuton,652.832003,1
NaokiOsako,747.399326,1
mi2,266.393676,1
MasatomoIna,913.731832,1
a_yoshii,920.565642,1
domeimedo,549.770029,1
TyroL,494.167557,1
otodashinayo,286.634262,1
Iwannapass,734.870740,1
hkanda,897.056783,1
satoshiiorg,666.211051,1
melonoidz,521.965234,1
etoilevi,884.330762,1
kasu_miko,667.501442,1
Takur0,734.620761,1
s10akir,563.893134,1
motinadi,648.708258,1
kawa054,192.833712,1
you_f51,415.283865,1
kaito19,785.011909,1
thatachi,857.731832,1
suzupic,905.932288,1
Ayamamoto,312.449670,1
komite,211.811122,1
frog2002,791.832003,1
nishiki,696.814205,1
silky,648.429013,1
kzykmyzw,869.932288,1
koda_1017,697.344985,1
wakachiko,259.037113,1
m_aryu,490.964511,1
Nenetti,1061.170541,1
keisato781,586.875330,1
zhanpon,1163.399326,1
Shirona_Takizaki,618.879406,1
muditgupta,713.879232,1
oimo23,335.772449,1
kazu1107,327.073477,1
tdamuda,521.748928,1
ryotatake,919.320658,1
kk0195736,617.501442,1
parsee1053,872.200315,1
takatowin,811.663890,1
masaphys,795.832003,1
heatflat,539.762116,1
hnust_xiecaozhuo,393.176936,1
cinnamon,732.663890,1
sosuke115,876.027256,1
renjyaku,645.249053,1
mulgray,564.745860,1
kussy_tessy,456.163349,1
kimi4iceman,207.031640,1
y_isoda,124.448218,1
kusanominal,834.429159,1
myabu,595.832003,1
flast,1285.413209,1
KEN_RP,1012.688314,1
lambda1,761.002559,1
togatoga,1612.303214,1
takurada,782.932288,1
i8nd5t,619.932288,1
kMotz,1038.501442,1
hakua,35.190798,1
imaichi1191,901.399326,1
k_ashiya,1221.479721,1
kvin_MisterD,737.027256,1
TLE_MASTER,377.732281,1
swallow1031,1047.399326,1
necointi,197.376841,1
MtL,648.126235,1
tonyu0,596.027256,1
pumpkin10,621.263667,1
Shaketan,945.479721,1
Soeki,483.670850,1
teyo,506.652796,1
miyo,1023.617533,1
ei0124,801.989028,1
oysuake,840.216449,1
kita3bb,744.344985,1
aoba,481.120726,1
phos,735.027256,1
Laylania,514.111092,1
apprec,457.611868,1
tell0120,739.083407,1
madoka,290.099457,1
yishibashi,827.591385,1
hm0088,986.663890,1
ne290179,581.663890,1
mkyou,997.399326,1
tenetenne,983.479721,1
reud,978.200315,1
TwinkleSky,450.429013,1
pokotsun,618.179351,1
killer_khan,1235.812801,1
mizar,747.351456,1
q_va629,923.731832,1
es135,881.479721,1
kzhrz,602.017206,1
nzgn,1710.413209,1
hide0903,634.730468,1
superoda,535.190638,1
surprise_tanaka,557.542821,1
denden12,794.501442,1
too_lazy_to_code,1032.620761,1
Hikamyon,678.399326,1
Lee2004,694.318592,1
koffee,955.399326,1
hnust_yanzimai,632.639471,1
Cashimom,675.989028,1
genzai,616.057553,1
shoki,-195.549678,1
suuka,-519.326947,1
natsuume,1171.399326,1
nabeen919,489.069994,1
kenichiice,776.144434,1
ssk8er,286.634262,1
hagemori,603.634814,1
lnsf,571.996814,1
SH2,893.620761,1
miyahan,887.083407,1
vvv,792.126235,1
ymkyon_jhk,381.189773,1
godada,707.894227,1
yurufuwachan,817.485199,1
physicsru,313.636592,1
aisai,-236.972183,1
Yukibara,574.989028,1
Napier1550,737.932288,1
phoro3,693.688314,1
hisas,413.925885,1
pisce,693.932288,1
petvolt,555.598481,1
EnsekiTT,649.459618,1
seikei135do,474.878218,1
k97037171,633.832003,1
gomimap,600.688314,1
kingofwhitestone,552.359597,1
SYHNE,1029.153458,1
HSC57,531.016594,1
ayatosuzuki,909.898343,1
suicla,661.287911,1
gifsyn,665.688314,1
mitsu333,776.485199,1
petit_sophia,502.216118,1
Loliver,205.804138,1
dec12_kaz,813.554857,1
fog_878,588.900421,1
Rio850,826.083407,1
Ta910,291.233778,1
mikifms,543.924716,1
mayota0906,967.126235,1
dunpeal,950.136066,1
Himi_Citrons,589.344985,1
hideo54,826.043103,1
panda24,354.481100,1
Yoshiakira,852.216449,1
ellio08,685.483948,1
mintsu123,611.222654,1
zakio_10,515.797367,1
meniscus,386.611728,1
hrichii,789.397776,1
teru0x1,759.126235,1
zda,443.029627,1
Hangar80_,580.257376,1
blu3mountain,390.844571,1
Index197511,955.078518,1
kooozai,437.729349,1
takumat,491.510921,1
Kimmy,647.359876,1
iichan_ou,628.027256,1
tomoyat1,829.620761,1
r1naria,866.967415,1
m0lh0k0,444.238399,1
yasuU,374.289524,1
kaz68,1134.136066,1
opfer,835.083407,1
zer0,335.682746,1
aewshyae,700.509189,1
cmmmli,625.399326,1
oich,1230.136066,1
horikuma,674.683379,1
shogokatsui,751.894586,1
takasugi,465.184547,1
Tap01P,522.688314,1
buq1079,103.037636,1
nemurice,521.748928,1
da1maru,1096.546156,1
penpen12,540.098770,1
hagegoori,518.440982,1
honjet,728.620761,1
inatatsu,-154.705171,1
leer,66.410759,1
koka0630,559.350005,1
lobsak,599.399326,1
Kize,284.739745,1
lejura,828.226203,1
smith30,286.634262,1
Ikafry,338.419863,1
osciiart,1310.216449,1
inu__dog,286.634262,1
sugar1023,382.333612,1
zoomin_ATG,853.370800,1
h_izu,916.663890,1
TeruMiyake,605.215670,1
taka26,751.894586,1
avion,949.989028,1
hyahoitaro,828.226203,1
mura5726,596.027256,1
sitan,662.037943,1
qsys,456.124784,1
shirokumaA,523.479359,1
netyo715,574.879048,1
Roin,35.190798,1
rnazmo,457.245415,1
fastso,652.523868,1
m203h,230.427295,1
ryotaro,855.932288,1
satosansato3,52.066006,1
orion46,1411.832003,1
Necoer,410.134387,1
shinhiro,769.620761,1
PeterTheGreat,47.366520,1
seiya718,359.562884,1
never9612,514.098770,1
hild,683.340153,1
Sonono,364.305410,1
anraku,406.892405,1
Jin_2004,392.761850,1
lune,1080.812801,1
skenji,698.482028,1
montpetit,589.399326,1
jumbo,751.894586,1
ykskks,462.707759,1
Maitneel,866.501442,1
matsuwo,847.832003,1
nekokojpn,-18.221759,1
tyauykai,940.936350,1
hnust_liuguangyi,448.225487,1
nao_taka,330.289166,1
Ohata_Kenji,664.985935,1
miraie,479.875742,1
kuromi,789.812801,1
army,362.378798,1
ido,528.429735,1
hntk03,630.344985,1
Siketyan,869.027256,1
tawawa,977.399326,1
ak992,344.884460,1
keck,521.748928,1
hcr,1560.071866,1
changmaru,935.707517,1
Array_guma,667.932288,1
tetsufe,380.560469,1
koudai,850.399326,1
tkc_,399.499358,1
tklab,729.932288,1
buzzbuzzo,867.501442,1
funa27,853.903466,1
FrevChuso,648.692627,1
riorio1174,592.992887,1
aki916,550.332513,1
tarotene,577.009063,1
ShibuShibu75,520.206989,1
minszsz,455.184026,1
Bil369,987.620761,1
abhilasha49,655.693511,1
tamame,473.247548,1
jeremywen,728.965629,1
totototo,1049.462388,1
bluetiger,299.277547,1
tatsunarian,506.652796,1
T45K,511.267999,1
Chamy,918.807397,1
shakedan,536.475567,1
yrinda,489.889949,1
rs90004602,1212.966389,1
tsune,-357.140903,1
MtSkier,540.195289,1
yamatatsu,589.708542,1
hippochang,565.160689,1
hnust_tanhua,625.553406,1
tyataro,472.330762,1
hensu_neko,162.572290,1
reede,428.851887,1
poketorena,539.870535,1
ramenjuniti,439.831163,1
yoku,699.932288,1
norezark,728.027256,1
tmhkmchd,919.731832,1
SIH_HUA,443.029627,1
Naoto_E0,406.802982,1
pmzzzzx,446.362150,1
e186jp,661.399326,1
Hecatia,390.618322,1
Br3kyokyo,144.143866,1
DoughnutSilver,728.965629,1
ucro310,620.731434,1
nyakuo,573.588260,1
onojun,39.814083,1
peta727,778.027256,1
m_m,875.620761,1
lotus7R6,707.688314,1
ere4,843.730468,1
yukiho,-519.326947,1
Xzit05,291.233778,1
hilolih,486.110393,1
nitumeta339,814.344793,1
Kasega0,768.721523,1
bluemegane,842.280410,1
yataka,840.620761,1
hamo21,667.143609,1
haya68,595.200315,1
A_kirisaki,579.118663,1
faula,439.831163,1
Clarisia,421.016632,1
cannot_fly_pig,406.081281,1
te_ne5525,430.817446,1
himagineer,677.126235,1
ar44denchi,329.405858,1
sakanasan,758.379599,1
wahahawa,798.784591,1
YONG_SONG,545.452825,1
wakimiko,915.344793,1
Ringoame,641.114929,1
kanade9,744.083407,1
tnaito0315,1036.812801,1
azarashi,260.027313,1
agnyan,773.243056,1
csharpfavorite,-18.221759,1
Benzene,162.439349,1
zhongcuen,654.418665,1
huit,893.126235,1
GOI,647.586126,1
Lightbells,638.848917,1
PhilisPaxil,725.832003,1
shoko0102,693.832003,1
k_mrgk,3.025077,1
saiki0828,382.537239,1
osushi765,589.708542,1
knsttyutito,329.324878,1
minmi,505.100335,1
sw8iyla,1032.136066,1
kakiryo,813.734439,1
berry,584.074856,1
tishibas,768.223383,1
ptolemy,364.748363,1
mcgela,520.206989,1
yoshinGO,284.037608,1
checche,539.762116,1
mochita,-152.810654,1
kg9,381.189773,1
machida_k,698.482028,1
ryunocchi,158.690924,1
kinetock,496.060403,1
koyo1110000111,357.138917,1
axikon,854.267935,1
bustle0309,779.932288,1
MA,394.497934,1
taiken,254.000513,1
takaya,891.494528,1
Sandglass,443.029627,1
kinokino,569.344985,1
maisuma,607.113097,1
capybara,516.542618,1
akymst,1039.566489,1
unyacat,457.707694,1
Xcyba17her,401.707091,1
rumoisen,647.638159,1
uratatsu,312.449670,1
NB29979,567.663890,1
miyattieeeee,197.376841,1
knriyu,280.283949,1
p85883,52.066006,1
nullnuushi,726.079177,1
deankh,770.620761,1
kireji1592,845.526196,1
HimHim,639.083407,1
wataru,451.544108,1
yukipen,486.225082,1
SybilEclipse,600.083407,1
hrm951227,392.397875,1
syasin,622.296026,1
nquntan,305.555510,1
tomPlain,229.393924,1
lmt_swallow,847.763727,1
Naccan,288.886431,1
yoshishi,578.711782,1
stng,615.678735,1
kojamam,561.193585,1
ppphas,814.083407,1
UtopianF,667.932288,1
Kant,903.485199,1
pupperccino,582.814382,1
penman,583.944038,1
soma62jp,151.483521,1
kanbac5,35.190798,1
ldkybe,582.118913,1
popnpn,510.660159,1
kitokun,535.098770,1
Mahito,626.989028,1
Array_fish,873.169089,1
ha11o33n,197.376841,1
sifyfy,904.812801,1
shu3,35.190798,1
yuhi0735,485.898397,1
licht0,532.688314,1
tomatine,540.195289,1
gattaca,401.707091,1
zero_kpr,548.797771,1
tacmasi,705.126235,1
magolors,442.469992,1
tron_kmc,719.728864,1
emanon001,1141.932288,1
shinobe,506.833407,1
icchi,187.925675,1
r4jn10,179.565225,1
hanafuda,71.215243,1
ynakamura8,344.004795,1
sugamakoto3,1271.607779,1
papino,825.730580,1
kasiha_ki,701.948159,1
shimon24,668.399326,1
Ashigaru012,264.734024,1
sakuraink,666.200315,1
maedatt7,392.138114,1
kaityaxn,578.394310,1
black_kitten092,-116.788396,1
balcells,844.731832,1
s77495112,723.620761,1
ikawa,457.611868,1
ohe18,806.347455,1
ageru,967.900421,1
ast210,1417.663890,1
Kokua,888.731832,1
arbol962,370.169385,1
na0h,234.256217,1
ant2357,802.421465,1
sak_Citrus,557.394011,1
Karahubuki,267.663492,1
EWmiku,336.699519,1
qsako6,872.399326,1
tomo_f01,807.638159,1
stanaya,550.332513,1
bananana,280.283949,1
someone7140,534.355769,1
lost_th,927.522339,1
kamadak,379.842368,1
sekiyn,722.485199,1
sns,688.843008,1
nattsun,809.545919,1
Tsuro,401.707091,1
syosinsya,768.769793,1
southernx0604,569.027256,1
shizukacode,716.027256,1
yakisobakue,657.126235,1
reimei2718,336.699519,1
mali_chn,720.126235,1
makkii,656.989028,1
sakesakana,251.696770,1
yumarimo,868.344793,1
hase,481.120726,1
Kai7716,457.611868,1
muscat,250.184690,1
pupupupupunta,697.932288,1
yamadad,197.376841,1
whistlePCR,467.688337,1
nagomiso,124.448218,1
hkawaguc,887.670403,1
raoZ,592.547809,1
RollingTekka,-73.397018,1
chador,818.126235,1
SuperLB,625.553406,1
kobe,153.828692,1
motu84834,108.006644,1
yahoobb,421.223156,1
d_uchida,243.895238,1
elm118_C,652.932288,1
CROTO,588.496818,1
hatarakitakunai,-52.846728,1
ga_su_,458.475103,1
Re_,33.079287,1
akch,446.523099,1
MCK,513.940474,1
herp_sy,354.408745,1
tun0a,504.689899,1
matsato,265.824516,1
kouyo,860.668072,1
qqww12349,734.870740,1
tm16,758.379599,1
yamamo,514.111092,1
okkun_sh,36.377720,1
yotsutose,-18.221759,1
dekopin,172.829544,1
ysanopp,489.663890,1
mih,381.189773,1
ysuzuki19,259.037113,1
river39,693.400244,1
mamezou,254.452351,1
hilary,565.027256,1
ruia_prime,1009.812801,1
liushizhan,-357.140903,1
mamurai,1010.932288,1
rabbitfoot,677.008540,1
mofumofu1,600.126020,1
genma,47.366520,1
Rikuya6,683.784591,1
fugutarou,443.029627,1
pinfort,564.103986,1
brightcat,435.077693,1
settyan117,1461.900421,1
atustat,-117.887272,1
Leni,416.739557,1
azure_crystal_,182.956667,1
codeforce1101,309.362902,1
Tzuyuooo,453.899341,1
tengu_of_kurama,213.643360,1
kati,424.689287,1
neruneru,548.344985,1
lib7,459.493838,1
kani_k,20.048922,1
ukiy6969,-79.882031,1
HenriGuillaumet,707.894227,1
HaveFunWP,312.449670,1
Sukegon,437.739040,1
yasunari,760.142300,1
strimuer213p,507.730468,1
hnust_lizhihao,866.149320,1
achax0511,876.098770,1
masarou,421.223156,1
Nick_eagle,381.189773,1
rotten_fruits,481.377450,1
Roughcut,792.338965,1
jabelic,501.927410,1
nemoccho,506.652796,1
nemuize,726.079177,1
ya_kki,719.728864,1
nyamochimochi,297.307795,1
taa57500,359.562884,1
ChengZe,636.821757,1
MineMine005,429.030923,1
takoyakimaster65,311.156098,1
ricald21,413.356906,1
otc3,977.989028,1
PG_23,333.111648,1
ssd619,507.328753,1
oldsgym,635.208204,1
c5433,799.848332,1
NmaViv,559.987312,1
Pluto_SC,796.024915,1
irodori038,411.294629,1
karaimon,390.618322,1
Shirasu1212,455.184026,1
kirisakku,402.441843,1
mohumohu1996,401.707091,1
hkenken,915.267551,1
hikezawa,147.430415,1
mumumucoder,729.501442,1
InuInu3324,660.399326,1
sryk,477.567664,1
guricerin,835.663890,1
Lathu130,555.827829,1
hibichof,613.663890,1
Kshin,758.379599,1
Noritamago,478.200315,1
hnust_zhouyuxin,203.861854,1
wakameziro,399.499358,1
forest3,502.479721,1
okiyashi,439.684270,1
pest,423.946959,1
kantakantakanta,271.492386,1
Yshi,-148.211138,1
pay,-796.585819,1
keikubo,259.037113,1
aircon28,392.255924,1
aru123,162.572290,1
chiiia12,769.011909,1
zaqi5678,518.011909,1
pittyi2nd,309.842258,1
apigoflily,912.688314,1
siesta,498.629177,1
tallho,80.999767,1
katslow,506.968649,1
rijo0309,308.857054,1
tarao1006,572.212372,1
kanadesanma,172.829544,1
rsklv,213.924991,1
hashitumo10to,343.994428,1
Kyuuri,316.086490,1
sciencesakura,857.399326,1
hi_roki,521.748928,1
T_Wakasugi,477.451627,1
seeker7200,947.620761,1
quark_quark,435.949796,1
denki_no_akiyama,595.429013,1
newhuman,635.517512,1
hktech,511.748688,1
Taichicchi,590.895465,1
doodle_do,402.894313,1
tsmhrk,726.079177,1
janomeS,563.331288,1
rqlynx,-79.882031,1
cola119,486.349559,1
kotarot,640.327189,1
tebasakioisii,252.963158,1
sohailll,302.998504,1
caidx,230.069881,1
Antony,3.584711,1
iNoma,234.256217,1
moga,813.330762,1
nobita0918,489.259520,1
Joy_M1K1,783.865924,1
yuichin925,301.662209,1
sirogane0j,359.048439,1
chenrundong,343.669631,1
Custom74,289.918606,1
priloo,35.190798,1
iwbch,-152.810654,1
Mo_Cuishle,550.332513,1
ebaan,632.083407,1
tomi,574.566667,1
akizora,552.501442,1
bbpink,611.344985,1
hotiket,699.475320,1
bamotice,60.580214,1
pisces,951.399326,1
bamps53,259.037113,1
Nyaagoo,839.126060,1
Siba,117.949095,1
yoshiki_shino,920.688314,1
rissyhr,-18.221759,1
rkmathi,481.120726,1
shrimp_eng,700.126235,1
kiricreamcheese,455.057553,1
Toshio,-357.140903,1
yukuefumei,35.190798,1
tada72,669.429013,1
asakurarge,511.748688,1
tadada,-233.640778,1
takguchi,271.492386,1
mickie,1046.028665,1
naru1,509.190904,1
stkdev,745.126235,1
kunmaa,124.448218,1
rururu,528.429735,1
rui8201,574.499635,1
Gaatang,513.940474,1
Chamaelenmu,679.989028,1
yutocalling,35.190798,1
meee,380.224942,1
pafumo,877.731832,1
reroot,516.542618,1
Suponji,-253.156843,1
nekomaru,297.307795,1
diesekiefer,451.136353,1
shin1rok,214.252049,1
hnust_wujiawei,312.449670,1
KUNIO_NAGAI,595.595652,1
UchiRyu,814.741780,1
ryboc,776.429013,1
takahashi_1124,154.570785,1
Suginao,783.832003,1
kmbk,602.017206,1
kuroku_969,826.243056,1
AItale,-29.310528,1
yusuke1990,652.523868,1
yoheiii,-519.326947,1
takachy,506.607052,1
myoshidq,780.932288,1
esaka,688.843008,1
nitrobanirin,230.069881,1
alankrit_singh,1487.584988,1
yiqi2qi,657.501442,1
lavion,-152.810654,1
FuruSho,-118.567949,1
m_chujyo,925.040218,1
todaiji,425.089400,1
Shunhattori2005,259.824535,1
shotat,1804.000000,1
ms0085,8.218719,1
cocet33000,271.492386,1
hogeandfuga,1238.879232,1
txaik,491.462651,1
azukimame,862.932288,1
ttakku,399.681144,1
flexatone,522.390923,1
zakopuro,267.482819,1
azarasimfmf,262.503244,1
kamu,448.225487,1
pekohara,-117.887272,1
sursouth,20.048922,1
makoto2001,657.101240,1
naga_tomo,197.376841,1
rikulist,546.083407,1
chai_tea_13,814.027256,1
koupe,502.185924,1
citrus,560.408158,1
burst_000,599.753611,1
EEDECA,803.044088,1
suk1yak1,694.932288,1
kawara,-242.068074,1
young_yue0713,162.572290,1
wakameTech,488.634061,1
ikapyan,113.359449,1
torikago,470.158665,1
pto8913,822.663890,1
kamiyaowl,758.179185,1
toshi_maru,286.634262,1
mdy,558.601346,1
diotima2011,35.190798,1
weichi,446.523099,1
MKSA,409.356872,1
streamy,614.464637,1
Rei0000,122.422272,1
tackman,443.115507,1
kaushalesh,668.838840,1
BebeShen,410.134387,1
bouzuya,704.967042,1
skxeve,1185.745004,1
LAKuEN,159.371600,1
unagitabetai,593.345363,1
MXang,1294.344985,1
sakuraiimuya,925.784591,1
KKT89,769.620761,1
wag_k,828.989028,1
shima755,589.708542,1
Bitter,340.920479,1
lunpon,996.879232,1
Datemegane,539.762116,1
ogy,758.213033,1
kouki0826,87.795992,1
hasamaku,635.429013,1
Seasons_of_boy,483.063010,1
black13,575.730468,1
doru1704312,401.707091,1
BroLeaf,743.473222,1
wisetlaloc,1045.482256,1
igorlimam,483.063010,1
jun11,274.365766,1
ririri,268.193953,1
reborn18,836.932288,1
ydorf,326.883951,1
midorigoke,662.805353,1
okb_okb,-242.068074,1
CleanerBot358,688.843008,1
inaba3,703.051214,1
melonpan,539.243744,1
lucad,203.861854,1
xy170946,589.708542,1
pasyama,368.830551,1
zoguti,-76.950080,1
crewfanq,873.169089,1
JoyStock,170.966615,1
Iwancof,271.835400,1
nano7700,522.167087,1
sparrowtail,265.223679,1
hororonp01s,613.688314,1
moccos,925.040218,1
ryoto7ishikawa,550.332513,1
x0unnamed,1370.812801,1
choshicure,706.399326,1
toka__,1035.638471,1
hanayarawa,214.252049,1
OvO_3Pst,790.126235,1
drumsco1029,659.832003,1
katsuki53,439.505375,1
itome,819.932288,1
naro143,105.278366,1
rakibulhasanmrh,873.731832,1
shikachii,259.037113,1
jack,45.794324,1
seito5296,355.551759,1
p221,749.812801,1
kebayashi,606.083407,1
unitl,3.584711,1
tokageya,673.399326,1
asada00,147.430415,1
konoLv1,673.483978,1
kakizaki,617.958924,1
brazil_france,883.812801,1
crittoo96,500.619310,1
comalpha,33.079287,1
torokon,1269.879232,1
enkdkn,544.723282,1
akisato,425.573308,1
masakichi,439.831163,1
frkw,1143.408192,1
saki_a,760.142300,1
leafchina,975.740901,1
nickymt,401.707091,1
miyahara1129,54.722641,1
hayoneho,612.172367,1
sumishi,774.932288,1
rat,-104.531421,1
kuronosu,-14.755628,1
miya_tacos,234.256217,1
sheikh_deep,-534.468822,1
aaaaaaaaaaa,-33.363635,1
so510,548.797771,1
TongXin,432.335616,1
thagi,560.725416,1
kunother1,571.048569,1
Dreamerthree,799.007800,1
showyou41,758.429013,1
spawd,124.448218,1
azuma,607.027256,1
yuyaterada,1032.027256,1
aakyara2008,414.193149,1
naosuke,737.458517,1
danan,310.338159,1
wowmilktea,-519.326947,1
udonnokimi,117.949095,1
nikugasuki,38.030064,1
asapiki,366.047897,1
k_miyazaki,649.459618,1
meguruin,242.192849,1
qwer789qwer,226.471891,1
ynobu,384.474117,1
sunsy,708.730468,1
nyannmaru,-292.014501,1
Cosinstein,78.172423,1
inukaki,-180.228221,1
s570704,860.668072,1
haru_muska,239.644997,1
mp0liiu,729.318592,1
kappa23,106.007910,1
x3n0n,234.256217,1
nanaha,124.448218,1
ringokuppa,235.277263,1
yswallow,957.411757,1
meitel1014,928.688314,1
ookami_wolf01,312.449670,1
telling,527.194066,1
motty0533,298.349706,1
blorange,628.932288,1
fellp1,330.289166,1
Arakoma,253.779080,1
motekin,679.517966,1
zaisu3,271.492386,1
notdqnbutoqn,506.652796,1
Niso,490.970236,1
Kazu0114,182.234966,1
ozneroL,1029.731832,1
sereru,876.075388,1
mosamosa,1173.330762,1
un_kk,762.330762,1
satyamregex,357.949332,1
kaishitaeiichi,246.425326,1
rtake,190.315710,1
Fluvius,-121.444606,1
naoyoshi777,612.274459,1
popporz,659.126235,1
png,739.520887,1
naradatsu,763.608431,1
beat7000,581.688314,1
iktk,577.009063,1
tachyon,711.280316,1
it62,590.895465,1
Linetia,336.699519,1
lvuplife,1003.338049,1
alphalion,148.171504,1
KiriyaVal5876,568.178724,1
Bulbul_017,453.142814,1
yusukeito58,436.630472,1
gengogo5,595.595652,1
AquaN,-14.755628,1
yui_o,-90.970800,1
hskw,243.895238,1
cobaka,317.545562,1
ninom1ya,680.152885,1
lessoniana,335.015587,1
kumpy,442.469992,1
IRcpjs,609.011909,1
gltlr1003,383.154512,1
neku,667.143609,1
snow_beat,-796.585819,1
xlxkazuki,878.832003,1
tsubuanko,1256.429013,1
nishin0z,226.766135,1
liuzhenmeng,229.393924,1
ayosir,393.176936,1
desigrammer,259.037113,1
blackgiraffe,607.548038,1
kajyan,-52.879700,1
icchipost,281.552477,1
kagami,-65.155392,1
a0t5s0u1,485.242214,1
NAG_TLE,298.320772,1
YS125,142.024068,1
yuclai,700.509189,1
ckw,43.618095,1
tamago0224,459.413729,1
Pojoy,1319.213033,1
Samejima00,965.932288,1
JPNYKW,120.742734,1
keiiiiiii,49.189145,1
ysawai,682.575306,1
glo,359.562884,1
berotti3,62.226101,1
yasu0525,1014.136066,1
umao1800,264.133005,1
avo,-95.023907,1
fish0504,446.925788,1
ryupy,-84.963816,1
yoyoino,600.399326,1
krs394,100.134934,1
RY_0528_RY,584.027256,1
reid_tuat,526.688314,1
mafuyu_7se,126.811483,1
pyromix,259.037113,1
herzreise,863.731832,1
gyouzasushi,259.037113,1
huyumi625,365.868160,1
bass_clef_,67.162137,1
Kgnkm,271.538899,1
tmatsu,707.894227,1
SeseSe,457.611868,1
tanaka337,386.598187,1
Te9,563.893134,1
kuouu,498.629177,1
ohatakky,-79.882031,1
umaan,803.688314,1
terrafarm,626.754412,1
syun21,707.894227,1
nonohill,162.572290,1
euphoria,852.812801,1
hnust_liuwengui,3.025077,1
math,2699.201523,1
slithytove,563.233530,1
Rall,758.989028,1
File_xor,782.359208,1
kou1127,-73.397018,1
kiisyan,203.725139,1
kekke,484.415512,1
eikichi,167.668182,1
seadog4454,153.619083,1
aokigrey,651.479721,1
wlalala,632.972154,1
Kosuke_S,670.203186,1
nayu,124.448218,1
Rei1906,109.306343,1
Ryoya_1053,539.762116,1
Saza,625.553406,1
tottokodaichans,383.266782,1
ikura1,253.307437,1
vigilanteYU,491.510921,1
ktateish,1261.330762,1
ruruvuvu,589.708542,1
robot,344.884460,1
tomokikun,457.707694,1
fu9ken,224.379172,1
Chant,698.482028,1
mmatthew_43,558.605618,1
tab_,203.861854,1
clvr113,170.966615,1
kaneki13,1400.638758,1
shirayukikun,80.999767,1
p_8ty,954.011909,1
suimyakunosoko,-33.363635,1
taishiNS,733.879232,1
arup52,-242.068074,1
noa_ddr,197.376841,1
nsasaki128,890.812801,1
takumioda,242.192849,1
xeonics,1047.083407,1
snowbar,329.730938,1
kaede,888.027256,1
wu561092,-357.140903,1
Zu_rin,972.136066,1
shoodagiri,518.288343,1
ForERstMAn,93.699246,1
hnust_jiangyix,539.243744,1
soygif,390.794666,1
code_name123,1119.812801,1
nuhogehoge,726.079177,1
systemd_tinaxd,177.925154,1
arailly,589.708542,1
picoronkun,124.448218,1
j1k7_7,1540.136066,1
WanAt2,-796.585819,1
Ringo0731,197.583767,1
takushino,99.746017,1
Kitten,122.422272,1
oemon,590.399326,1
t_tomo,698.011909,1
Baplisca,-79.882031,1
Aobadazoi,562.736463,1
kaz1988,1477.078518,1
Charon,595.716346,1
gnao,35.190798,1
subaru2003,328.680589,1
bunke,229.393924,1
homuyama,65.115758,1
yhi,-242.068074,1
maumau,421.223156,1
iemon777,934.620761,1
Tomokoro,474.635713,1
ltzz,784.945039,1
kurumayu,207.983342,1
t4num,-372.282779,1
haile,586.050328,1
potagashi,505.390738,1
uria,340.264584,1
mixjuice,372.389519,1
Itatatu,770.663890,1
kakujiro,813.554857,1
mita2,259.037113,1
tkr1205,799.007800,1
type59ty,772.822900,1
hnust_tanghaozhe,20.048922,1
Top_tosshi,390.625825,1
Hibagon,379.842368,1
u122764f,401.707091,1
hinatades,116.671950,1
dshin,432.335616,1
yftv6203,1064.468325,1
tabe,-147.714762,1
troy,793.379188,1
kharigai,312.449670,1
macaroni,1501.027256,1
rararancho,548.751258,1
at278Mt,336.699519,1
Lemon293,826.027256,1
KHK,82.304012,1
yk11,647.078518,1
kudzu,854.932288,1
a24nks,162.572290,1
mtkwT,301.360901,1
aoyama244,258.500832,1
youjo,470.525228,1
wdd,-38.397428,1
jimpei0908,229.393924,1
icalFikr,1415.932288,1
mozurain,301.587151,1
komugi,603.832003,1
YukisKate,202.624374,1
noibb,342.117201,1
tobiom,604.912153,1
PearSeed,502.274953,1
tktk_snsn,646.399326,1
mrmt,3.584711,1
tatiuo,314.533265,1
wint,381.189773,1
hareku,762.126235,1
tabt,381.189773,1
Skygood,358.968067,1
sonntag902,701.321295,1
Dante_Rits,204.118577,1
ykprogram,817.020988,1
tetsuo66,941.126235,1
tanimanianima364,312.235840,1
Amagi109Souma,-84.963816,1
zenchan,325.627960,1
zeromusu,20.048922,1
dc_tw,-796.585819,1
crize,681.415338,1
taketake1818,714.990408,1
nadeshino,1337.243056,1
maruzo,474.635713,1
musyokugorira,133.892437,1
Dexter,169.148834,1
syuchan1005,306.538207,1
noboru,287.553106,1
yamayuu_vkousen,17.800499,1
QmanEnobikto,-519.326947,1
haruka2003,257.141584,1
ghost002,525.330762,1
roiti,1746.098770,1
kwsk,373.896112,1
vermadeepak1997,598.135839,1
acannie,82.304012,1
maya3,580.257376,1
maki_glenscape,260.027313,1
maimai8,-357.140903,1
hacca,159.371600,1
easy,475.822636,1
g_kun,-292.014501,1
naolllab,299.499902,1
Neco,421.402738,1
llzzxx,853.832003,1
soda23,464.640158,1
ssky088,665.045476,1
Sirikosurizaka46,305.555510,1
klan,380.627934,1
yly,1225.663890,1
akuaku2,162.572290,1
akatuki97,324.016555,1
noriwo7,421.649385,1
nodame_us,566.145303,1
tamamu,896.900421,1
tokachi23,844.399326,1
nista,634.083407,1
Ll_e_ki,-242.068074,1
kalmare,480.943212,1
algdct00,459.247234,1
sabersann,386.160403,1
tsuzuki,1318.136066,1
zxz666,265.824516,1
curi,338.419863,1
RedSpica,-419.395993,1
anpirika,544.723282,1
thas,388.733748,1
S_shady,186.288072,1
romth,9.552784,1
felix925,164.887433,1
lol,866.973348,1
wahho0,992.616108,1
etonagisa,1952.223922,1
pati2,396.180674,1
ImDE6D,424.689287,1
mildcoffee,53.030294,1
noki,491.510921,1
kcoydico,-79.882031,1
kazuka733,629.019537,1
hatopoppo3,-18.221759,1
yossi7,442.873301,1
SophieChino,146.329790,1
ohn2s,124.448218,1
akahana,1174.126235,1
sktaro,462.474123,1
karudano,582.814382,1
OhYukichi,-242.068074,1
Hum1060,564.027256,1
galileo15640215,268.193953,1
tym1101,-40.905543,1
Detteiu83,35.190798,1
tektomo,288.886431,1
callman,525.415338,1
matumoto,-88.906350,1
MasuCatz,87.749151,1
kotorigasatori,552.811869,1
dett,657.101240,1
ninofy,667.832003,1
genkinanodesu,1730.083407,1
mizakahk,-108.110038,1
mekiri,230.427295,1
ciel0217,162.537113,1
nagiss,1951.638159,1
h_16110s,684.600627,1
wana,465.184547,1
plain,-152.810654,1
alumite,197.376841,1
shiba6v,1010.730468,1
abcd_efg,305.555510,1
ishzat,742.083407,1
kkenjii,474.635713,1
nr6050,224.379172,1
nickdebu,-18.221759,1
chesscats,-519.326947,1
lkeix_,348.474115,1
wgg,957.126235,1
hirohirohiro,286.072416,1
yana87,1646.210085,1
chocolate_L,286.634262,1
alphajinsei,936.932288,1
harumanachika,294.151944,1
cowgirl,703.098770,1
mogami_motti,1194.107678,1
GM095,-242.068074,1
ryoo14,766.344985,1
amota,594.875597,1
Lilly,1451.057553,1
ka_zu,193.194555,1
moke,828.688314,1
tkl,359.562884,1
kasuteira,264.133005,1
cowkami,466.099121,1
hatunina,409.224773,1
shiro,524.663890,1
gaku913,259.037113,1
sonotaro99,421.223156,1
Daisuke323,367.647713,1
miiifa,424.689287,1
futchan,-368.229672,1
bird_bird_bird,569.344985,1
Rika,1009.663890,1
ky0nn,812.449510,1
netsugo,67.883838,1
aditya787,329.730938,1
Beluuuuuuga,218.305155,1
Yukki,200.308792,1
tarok11,109.352855,1
chempsycho,459.493838,1
eve0,476.662873,1
kohkb,336.699519,1
komugiko,577.009063,1
aoi83,235.005030,1
ken7,439.684270,1
torinyu,129.047735,1
doiaki326,242.192849,1
ac0man,-79.882031,1
koko78787,552.076381,1
hiro116s,2056.057553,1
katumi,614.932288,1
dyoshikawa,439.831163,1
pstzq,550.332513,1
Mallika_Dey,336.699519,1
pengin,1298.784591,1
yasuhiroki,739.932288,1
BIFFI,526.989028,1
hyttcnkf,1640.663890,1
kenseiQ,1125.660975,1
SleepyMonk,271.492386,1
kangaroo2019,35.190798,1
Snya,3.025077,1
gashira9242,563.331288,1
sleepySheepZZZ,401.707091,1
alauda,506.652796,1
potate,197.376841,1
TKO,1379.832003,1
nilesh8757,1109.330762,1
Evanston,-796.585819,1
shunkakinoki,357.265678,1
mio2,25.621822,1
deraken,1004.730468,1
Unosuke,2.876266,1
shoot16625,739.520887,1
mkawabe7,750.620761,1
dilatancy,-13.125868,1
atmark7021,358.258639,1
SpringUtoro,621.679881,1
masa6372,469.002027,1
lsghf,465.011167,1
ht0919,336.157288,1
gemmaro,752.305582,1
tatsunootoshioya,-79.882031,1
unicoonn1,256.526928,1
YuSawan,36.377720,1
noth,496.060403,1
bachi,43.618095,1
akita,769.620761,1
zaki_rits,-147.714762,1
b_moll,-519.326947,1
tats0261,69.095445,1
lovehotel246,824.083407,1
kazukiyuumi,-209.375034,1
Coleball,243.713451,1
Ruckt,481.377450,1
Atoll,-257.209950,1
gaaaasuuuuu,229.393924,1
nrkt,359.562884,1
furiko,417.681781,1
diskkid,402.186468,1
mad0,483.063010,1
moramora,95.745722,1
TaK7907,278.397503,1
Polter,182.990070,1
tatsu1109,-79.882031,1
mitsusawa,434.669452,1
tokuchi,243.895238,1
shiocherun0312,193.194555,1
tmbrms,647.781346,1
ateruimashin,707.083407,1
tython,584.958183,1
leaftommi,412.198837,1
SoltyDragon,-796.585819,1
papamusi,124.448218,1
tubi,1075.303214,1
Obameyan,-79.882031,1
tenk9,60.893430,1
WB_hacker,669.429013,1
pirop,596.083407,1
andor,973.141232,1
arcwatercash,710.185924,1
mochidan,605.568850,1
lightworker,312.449670,1
shionhosoda,847.763727,1
circus7,534.027256,1
GW1936,707.894227,1
lapislazuli,259.037113,1
Tixy,826.010131,1
wider9,-79.882031,1
Ryuichirou,264.133005,1
MUF,595.478225,1
m0_ngesan,224.379172,1
harady,1223.916334,1
leafmoon,1818.027256,0
schwarzahl,1789.870535,0
jings27,284.739745,0
yeha,555.462182,0
dexctercom,491.200315,0
piyopiyo_hiyoko,845.731832,0
Naoki_M_,1575.248811,0
outk,555.428405,0
raja1999,1802.213033,0
M1nPy,406.081281,0
bitaen,613.958391,0
torakiti36,42.140025,0
zhuhanhua,617.663890,0
txsatov,386.565215,0
gassann,-357.140903,0
sabina,-357.140903,0
macchi09,664.985935,0
cuthbert,1237.638159,0
evance,223.360437,0
datuiji,3.584711,0
Rein5652,698.098382,0
nisho_rumon,870.149354,0
serisho911,1050.344985,0
jmwjmw,555.989028,0
nikko07,-242.068074,0
svanO,1401.812801,0
yuetu,457.611868,0
maru65536,-796.585819,0
hideh_1231,1235.520399,0
degage,1692.413209,1
kaichooo,398.676347,1
color_kurenawi,890.485199,1
omochi64,968.731832,1
Dakuon,535.344985,1
smicle,49.814604,1
muhi_,651.932288,1
kabuto6419,625.553406,1
SobaNoodle,720.989028,1
kawamura2001,1121.243056,1
rikupin1105,434.861953,1
pumbaa,992.932288,1
hanyu,574.566667,1
wagou,959.501442,1
nejiyoshida,956.224835,1
plus_kyoto,520.896555,1
Stingray,-106.691758,1
Donguri,453.105895,1
hokto,810.812801,1
Grasper,575.027256,1
murakmii,596.748605,1
Tanuponn,179.565225,1
toto61,234.489816,1
hato3617,456.124784,1
wr277032,439.505375,1
G_kenkun,415.283865,1
ikanago,743.801494,1
kazki,-52.879700,1
mnrutd,801.126235,1
aoimumu,453.899341,1
rumiaqua,619.010140,1
mobileOnion,593.989028,1
Kmipoko,418.582298,1
koaji,516.098770,1
myelin,439.831163,1
kenttcrane,521.748928,1
h416,485.953716,1
activepeace,112.023061,1
Pomato_b,590.832003,1
reitetsu,801.002412,1
highhill,436.630472,1
taufe,-36.275807,1
makishimutomato,452.429013,1
wisteria0gps,312.205125,1
ohyama,489.362353,1
bookpenguin,47.366520,1
krn,456.693363,1
NoKmono,305.555510,1
ei1813,-253.156843,1
zwu_2017010435,379.739720,1
greenapple03,284.059935,1
hima_megane_,-100.002716,1
kokorinosoba,504.689899,1
suppio,358.258639,1
konekuro,229.393924,1
yamaarash1,286.634262,1
bant,779.485199,1
cot57,566.732400,1
meu,591.216966,1
otoroshiii,452.884034,1
hidemaru,532.882471,1
takayasu,465.523744,1
syu0cream,474.635713,1
okapon,214.252049,1
int_tt,535.190638,1
shunajchang,103.037636,1
bunstturnen,329.143091,1
pantaron,124.448218,1
hamyu,797.213033,1
Okomechan,135.121751,1
lazi,221.329990,1
hanasen,-152.810654,1
paipaiweeeyy,-152.810654,1
huwamoko,760.318592,1
takishun,563.893134,1
matsuo,144.751706,1
dry_na_hito,71.215243,1
Hello244,124.448218,1
u_kei,-28.974423,1
nuaaaaaa,433.073138,1
Uirou,-58.406831,1
Maluo,-18.042177,1
hkd,358.968067,1
ga_IA_tas0,212.103481,1
tsutsutaku,534.355769,1
argentum,34.315179,1
kondounagi,159.371600,1
korekiyo_tkhs,-65.155392,1
Teaki,538.638159,1
Nanashino,220.687300,1
lwl2006,452.280410,0
ffff,211.231378,1
kaputte,336.072679,1
tida11,464.660037,1
btlear,179.434491,1
ikkunjyanaika,130.662687,1
bokken,359.562884,1
Nawta,472.524203,1
ryok1107,563.524485,1
Go50,33.979074,1
Lan0324,239.644997,1
nogami_geo,232.678268,1
pdmpmp,-257.209950,1
pxfnc,516.363633,1
kuroneko_,442.469992,1
molinuntius,-257.209950,1
Kosuken0225,54.323217,1
tsumiesu,789.007560,1
kamkam,328.118864,1
DSCF_1224,336.699519,1
Seiha,317.545562,1
fujifuji,674.126235,1
caya8,381.189773,1
amata1219,635.832003,1
ryu022394,715.083407,1
swdy,401.707091,1
kokoa0429,406.805497,1
FujiMann,-18.221759,1
Zuc,53.030294,1
dame,212.602371,1
Echo_773,172.414159,1
rout666,-519.326947,1
ktakamura,306.329909,1
Schwiz,-242.068074,1
amesyu,82.304012,1
chibacchi,-222.935655,1
shuto1441,154.570785,1
paeriya,24.102029,1
soni_shrey,-18.221759,1
Yuck,-73.397018,1
himai,475.509374,1
Yamageso,-796.585819,1
sada,188.067625,1
makoto_H,374.070975,1
esnsk,331.334878,0
bramth,2.701390,1
Shochng,33.079287,1
Desertwalker,550.332513,1
ponta20140811,229.393924,1
ryozer0,238.861444,1
Ryutaro_S,-242.068074,1
osadat,-90.970800,1
djcafe,226.547705,1
timaki,439.831163,1
bakenagi,-796.585819,1
MZKi,454.579863,1
zenrosai,972.136066,1
adomine,-143.303986,1
tenmakamatani,490.964511,1
namamono02,-109.713977,1
XekkoCrub,158.690924,1
mar_shell,-242.068074,1
JD2xor,612.172367,1
trk1118,286.634262,1
RYO34,35.190798,1
hikarutakenouch,329.130665,1
apple502j,668.838840,1
whiterice,-257.209950,1
kzkit,135.121751,1
JUN_NETWORKS,-215.032771,1
gorox,193.194555,1
MtCli,294.737941,1
suight,421.223156,1
hurts14,444.764994,1
amida052103,473.423989,1
hoge0,191.465378,1
yatsuki,292.011778,1
aiko,-124.100298,1
hiyoe,324.723157,1
okake,401.707091,1
mzthr78,501.927410,1
unif_code,235.590944,1
nanamin220,224.379172,1
hnust_lifanlong,646.800242,1
GENBU,601.855561,1
hnustxieyuanfeng,234.256217,1
Mahiro1984,8.218719,1
yoch0906,-395.575331,1
nino13,-21.373583,1
tii3,130.961711,1
tan_iC,401.707091,1
ninroot,80.999767,1
IXIN,67.162137,1
yut0n,499.016101,1
Apple_Boy,657.101240,1
gt867ru,18.710913,1
supercell,-18.758040,1
h4hajime,433.420510,1
Ribura,117.763225,1
KsVierergruppe,184.213974,1
onimothu,358.786280,1
Takaihito,271.492386,1
pyonsu,95.745722,1
pict,-796.585819,1
CuiKeXi,-519.326947,1
tatsuhiro_h,29.557111,1
suzuhane,-318.164415,1
puzzlesolver,-18.221759,1
ks0ptr,-79.882031,1
megumeguro,234.256217,1
koishikemushi,-79.882031,1
closing,698.482028,1
ycneiciffeni,55.298933,1
mankiw54,-176.200583,1
kkai,229.393924,1
Akatsuki1910,662.832003,1
mm2398,197.376841,1
strixuralensis,417.681781,1
himyzk,418.887915,1
saturnglave,95.745722,1
makochan1209,351.754431,1
iiyama0209,-519.326947,1
ngo,35.190798,1
gjmacm,317.677940,1
esgsms,162.439349,1
daini,529.688314,1
Doremi,186.288072,1
Bomuhishisu,105.074740,1
nomorevotch,406.081281,1
yukikaze,97.529542,1
everydaynamake,287.901817,1
okkey,689.735708,1
dai_tech,-142.137121,1
gnsand23,-128.383410,1
udonko0516,1321.216449,0
masakinihirota,-357.140903,1
r1s4711,193.194555,1
kazu_1122,-39.829948,1
thor1192,773.865404,1
suz64,324.683759,1
chor_nyan,382.788728,1
chippu,-79.882031,1
bobbob,197.376841,1
kokomaru,-357.140903,1
takashi_rits,-104.429328,1
kaito_ou,-79.882031,1
mochimkchiking,1086.245157,1
krag,140.459095,1
hiroto777,-73.397018,1
tak5656tak,107.147597,1
ms22nvmbr,-216.365442,1
hiraku1997,348.474115,1
capybara3,197.376841,1
cactoid,851.027256,0
A0iro,897.082602,1
chanyuuta,193.194555,1
mof701,-519.326947,1
dai45suke,-796.585819,1
goojob9_fleet8,36.377720,1
zhouying,-357.140903,1
omatcha,-342.414264,1
miyamoriBG,192.899793,1
beginner_fire,-796.585819,1
Fancy_,598.111384,1
u_t0s,336.699519,1
siroimonaka,-152.810654,1
Shigumo,-519.326947,1
Neutralization,-472.808550,1
Rhodium,-14.755628,1
Zombomb,-152.810654,1
computerchorus,291.973166,1
sy17082,-18.221759,1
Hiro2019,313.958094,1
yo2_yoshii,121.919334,1
arusu,447.516060,1
Pastel,225.600561,1
oyoroco,82.304012,1
kirk3110,739.520887,1
r_tkms,-152.810654,1
Raimei,285.477591,1
snowpond,305.555510,1
DaisukeW,214.252049,1
inaty,259.037113,1
goodknows,-171.250962,1
M119K,-357.140903,1
glycerine_ggg,-378.551486,1
riyokuhi,602.718986,1
kou_typingood,-195.549678,1
apus,182.234966,1
txf41402,117.763225,1
Q2vfIbRZmz,234.121038,1
heiko1105,52.066006,1
yt1217,383.266782,1
chiyoko,-93.044899,1
tamafree,827.591385,1
nabeo,-357.140903,1
kurakura,1390.989028,0
Yonesuke489,-796.585819,1
jiimo,386.598187,1
aisakahiroshi,192.295057,1
kililili,-163.899423,1
suilovehuanbian,-796.585819,1
Mngshmok,691.399326,1
kiizuka,183.066907,1
yui1107,162.572290,1
seron,421.223156,1
fiord222,197.376841,1
retch,-180.228221,1
umepa4025,-420.414728,1
zwu2018010337,521.748928,1
Netooo,470.158665,1
hndkzm,312.449670,1
gunya,312.449670,1
levete,35.190798,1
oonisi,254.822969,1
mycroft,-357.140903,1
SuperQ,-257.209950,1
shiryu,229.393924,1
yfujita,312.449670,1
forestkoju,-696.654865,1
Sclas,-796.585819,1
ODYK,-83.787853,1
oiuytr,200.192755,1
Gragonith,393.176936,1
sakebook,446.407706,1
yaaaaamij,336.699519,1
curryburg,38.085745,1
ranchan,392.255924,1
IGI,-519.326947,1
makolon,-330.138572,1
naion,-142.137121,1
sgy,288.886431,1
kakipia,-357.140903,1
gunjou,-61.656252,1
iitomo617,563.893134,1
rinu,-225.192867,1
Azure,-519.326947,1
Example,679.700715,1
polyomino,1977.141232,1
kaikey,627.797437,0
xuziyuan,1357.213033,0
takabaya,244.706362,0
kottan38,-378.551486,0
sazzadrume,-40.657718,0
numberyo,-111.962779,0
Keye,-796.585819,0
vistron,820.634688,0
orttm_comio,539.762116,0
MORIKOOH,-52.846728,0
ei1711,58.394676,0
tarek7889,-696.654865,0
Takara_94,381.189773,0
ak_,229.393924,0
miyuki_y,257.092625,0
root_cavendish,-95.023907,0
b11005,313.454806,0
shiromashiro,42.705196,0
kogome,404.991435,0
arkw,117.949095,0
passion_ranran,-8.566961,0
risyuryu,82.304012,0
elf48,-177.748130,0
Murasan,-79.882031,0
Kubota1202,-121.980243,0
ilikemap2,136.667013,0
hiziri_mari,124.448218,0
MasahiroBW,253.622198,0
koba97,124.448218,0
ikezaki,-10.142430,0
earth429,-52.846728,0
nalpan,179.565225,0
ichi_mt,-457.487093,0
Yu0x0,162.572290,0
Ryogaro,-84.963816,0
shinbunbun,-136.446412,0
KouHirose,286.634262,0
Squid_qwq,-76.950080,0
Imymine,-73.397018,0
Mukan,-436.568649,0
HOJO,-796.585819,0
QS___,136.667013,0
Lily_white,95.745722,0
izuizu1023,-419.395993,0
rx5375,-166.782697,0
raspi0124,-215.032771,0
catTom,1190.663890,0
twinkle,-39.874390,0
YamaRio,-33.363635,0
Zuck3r,-242.068074,0
Ruri,-242.068074,0
zephyr,-353.856559,0
melon_ms_mtcc,39.814083,0
hirimu,-796.585819,0
kiriya,-242.068074,0
rennkarasu,73.773861,0
GGMove,-519.326947,0
torisuo,-796.585819,0
sebunharo,-18.221759,0
prm0130,-171.836947,0
Felice,-796.585819,0
kirohi,-90.970800,0
Tatsu_mr,-242.068074,0
smto,-233.640778,0
Mashiro1031,143.347618,0
barabara,-530.189466,0
yukikakkkokari,-205.405853,0
Drizzle__,-770.883187,0
Tkao,297.307795,0
strs2,82.304012,0
mafusuke,-14.937415,0
PatriciaJaques,-152.810654,0
k7691,-357.140903,0
yu5shi8,35.190798,0
toppomount,404.991435,0
Bruna1401,-372.282779,0
chocotaruto623,-315.656301,0
TB_O,-519.326947,0
kinya,-362.222688,0
DenDenDe,-734.745965,0
shimi43,229.393924,0
Nil,-77.854871,0
summie,-18.221759,0
rentororo,127.659333,0
YutoCT,87.489490,0
Abeshi,-352.045012,0
haointk,-79.882031,0
hashimotojihe,-457.487093,0
fenrir,-796.585819,0
md31cgi,-519.326947,0
reetoknino,-242.068074,0
kawasho0611,-242.068074,0
kino001,355.657062,0
Lierre,124.448218,0
nom100,-33.363635,0
Kazu05,385.835270,0
kameisannn09,5.320078,0
lm1800301410,-18.221759,0
satoru00,-419.395993,0
megaroma55,135.121751,0
yoshiyasu,-734.745965,0
ureshi_lips,-357.140903,0
OKIX,-152.810654,0
reyesefren,-251.169993,0
leo9planarian,-696.654865,0
myurariya,-395.575331,0
ddnnknbk,-413.705284,0
satsumaimo,-18.221759,0
inok,-117.887272,0
moonhint,525.207216,0
Akipi,162.572290,0
atzou,-165.142267,0
takumin1234567,-807.674588,0
chi_yasu,43.618095,0
PLAY,-152.810654,0
zaki_yama,-302.224705,0
akidsuki,-14.755628,0
kou_7215,367.647713,0
potyama,-163.891919,0
fty,-796.585819,0
daiola,-431.964043,0
Mocha,-242.068074,0
rootsuke,-79.882031,0
saneru,-519.326947,0
enieffac,-318.164415,0
rinky_atmk,-28.442550,0
Rize,-118.461172,0
akkiy93,-572.559922,0
matchan,-796.585819,0
tassu619,-251.169993,0
Malice1010,-152.810654,0
morozofu,-118.567949,0
tomkake,-519.326947,0
kebabs,-38.210150,0
hnust_guanzixiao,484.330762,0
Crew,-619.673136,0
kenkensz9,-471.548076,0
Seebook,-171.250962,0
Xere_yukky,-514.231055,0
elehs,-460.818498,0
blanks,-242.068074,0
nonan,-79.882031,0
tsusshii1035,457.707694,0
hukahire,-137.876374,0
Narin,-315.656301,0
mooom,-218.731843,0
kato1901,-811.727694,0
Rength,-73.397018,0
usamireo,-282.303657,0
isiswa,-534.468822,0
ne280001a,271.492386,0
miramami,-242.068074,0
tkdshi223,527.105421,0
rickykcir,-197.252066,0
motchi,373.004595,0
Prince_BAUST,-371.561078,0
GUESSER,647.781346,0
ky_mountain,704.178939,0
aniket9465,1721.989028,0
Splassy,-610.695878,0
cleveland0714,277.172795,0
bbt,336.699519,0
Sekken168,442.146306,0
Kaiton7,728.011909,0
mofumofu_land,-346.534403,0
Madai7121,389.281933,0
shoheihoh,-796.585819,0
ozin81,-413.705284,0
isso0424,124.448218,0
gadget,25.739632,0
zuse,-796.585819,0
dakumasu,-342.414264,0
rona_tombo,313.958094,0
Nao110,80.006806,0
geshi_crep23,-177.512855,0
iwachoco,606.583750,0
taka_ryon,-298.632455,0
leafirby,-357.140903,0
Mya_3,-796.585819,0
az_,-242.068074,0
n4g1,-543.359030,0
yetnone,1407.027256,0
hamuhei4869,1352.494528,0
convexineq,1817.141232,0
Soccer0616,-357.140903,0
nishionyama,1444.501442,0
colapp,841.152006,0
hisaku,-371.561078,0
ntgo,1229.131879,0
b1015218,-395.826821,0
aminnos,-72.217573,0
Ju_Ga_Me,1340.501442,0
nii,1203.141232,0
kwfumou1242,1577.638159,0
Loy,243.895238,0
memento,565.920294,0
shaokuz_nim,258.500832,0
makotom0330_2,447.516060,0
shoko,-926.078822,0
essylover,-796.585819,0
T_tsing,-232.413276,0
gliese,179.565225,0
Zojirushi,-519.326947,0
IVRL,-5.044785,0
YachiWataru,35.190798,0
ikd,1546.041483,0
