yutaka1999,3678.243056,1
maroonrk,3125.579863,1
uwi,2959.870535,1
EntropyIncreaser,2484.620761,1
tempura0224,2495.320227,1
socketnaut,2561.399326,1
jah_melon,2551.932288,1
hitonanode,2704.200315,1
EliteWantsYou,2301.399326,1
xiaowuc1,2340.027256,1
KrK,2750.057553,1
heno239,2333.579863,1
shadowatyy,2502.083407,1
kobae964,2826.714047,1
nikutto,2338.520399,1
noshi91,2549.817446,1
ichyo,2160.210085,1
tubuann,2087.730468,1
kmjp,2804.793473,1
tokoharu,2501.989028,1
gtrhetr,2584.731832,1
jeel_vaishnav,1929.413209,1
tatyam,2263.320227,1
bogdan10bos,2516.832003,1
WA_TLE,3094.131879,1
risujiroh,2307.243056,1
koosaga,3349.200315,1
Motsu_xe,1616.330762,1
ariacas,3115.663890,1
gazelle,2482.714047,1
Arg_007,1875.485209,1
tfg,2221.415338,1
yumeno_ukihashi,2507.000000,1
nxteru,2309.870535,1
csy2005,2274.213033,1
smelskiyd,2058.812801,1
pekempey,2407.163225,1
E869120,2805.660975,1
nonamefour0210,2434.136066,1
heyshb,2472.083407,1
wucstdio,2169.126235,1
BigBag,2459.663890,1
AngusRitossa,2464.638159,1
natsugiri,2809.243056,1
Rexop,2521.413209,1
sky58,2887.057553,1
cdkrot,2684.011909,1
beet,2623.027216,1
chocorusk,2334.479721,1
pwild,2469.638159,1
ats5515,2700.163225,1
JZmster,1511.413209,1
jiwon0522,2098.846007,1
summitwei,2386.136066,1
Heltion,2353.399326,1
triplem5ds,1830.688314,1
PIandS,2589.468325,1
HeHere,2495.812801,1
YangDavid,1712.731832,1
ynymxiaolongbao,2387.088892,1
wangyuji,2992.413209,1
xianhaoming,2484.731832,1
logicmachine,2562.379296,1
leaf1415,2242.344793,1
Cerberus97,2546.481577,1
LeBron,2962.638159,1
kuroni,1981.812801,1
amoo_safar,2453.399326,1
olphe,2362.063228,1
nantf,1600.000000,1
sigongzi,2074.832003,1
siotouto,1876.429013,1
maximumSHOT,2208.027256,1
jijorbq,2021.399326,1
Gloid,2226.083407,1
hoget157,2583.881746,1
HDMMBLZ,1754.126235,1
TMJN,2083.479721,1
kotatsugame,2272.088892,1
claw88,1903.163225,1
alexandraudr,2020.812801,1
yukihana0416,1501.620761,1
MMNMM,2287.163225,1
drken,2461.078518,1
mizuking,1898.534694,1
hfctf0210,2081.832003,1
Ktya_59,1884.320227,1
rickytheta,2811.107084,1
rausumaru,1567.663890,1
return_my_2007,2271.638159,1
rareone0602,1876.318592,1
Ilya_MSU,2558.832003,1
jell,2021.011909,1
Aquarius,2639.846007,1
nikgaevoy,2412.932288,1
kozima,2157.429013,1
kazuma,2434.146899,1
drafear,2517.534694,1
suiyuan2009,2187.141232,1
hiratai,1903.098770,1
yamunaku,2188.900421,1
iwashisnake,1939.534694,1
pedy4000,1352.136066,1
BohdanPastuschak,1978.200315,1
mamekin,2476.784591,1
SoulTch,2120.126235,1
spica314,2040.421465,1
palayutm,2752.200315,1
June_boy,2297.210085,1
autumn_eel,2168.019840,1
Ashishgup,1912.078518,1
shdut,2135.485199,1
physics0523,2213.056905,1
oldjang,1554.932288,1
ransewhale,2001.280410,1
maze1230,2213.132207,1
kyopro_friends,2376.638159,1
kenken714,1746.688314,1
morio__,1574.638159,1
platypus,2410.181366,1
kzyKT,2011.024494,1
Div9851,1962.213033,1
ten986,1947.881746,1
amanuko,1759.784591,1
ninja7,1869.107084,1
stefdasca,1785.620761,1
shakayami,1829.481577,1
nai,2306.078518,1
Nyaan,1893.413209,1
ogingin,1915.900421,1
Emiso,1990.731832,1
VladProg,1702.126235,1
kimiyuki,2434.303214,1
uenoku,1747.131879,1
uzzy,1896.011909,1
TangentDay,2583.027216,1
Hirosesesese23,1527.318592,1
veqcc,1733.900421,1
hoxosh,2045.578268,1
zundamochi_1117,1849.200315,1
liu_zhan,2049.932288,1
grvehomju,1436.832003,1
xuzijian629,1750.879232,1
pngn,1717.879232,1
Lily0727K,1237.126235,1
arnold518,1830.620761,1
koyumeishi,2106.714047,1
hank55663,2413.730468,1
kazunetakahashi,2040.086735,1
kenkoooo,1896.494528,1
treeone,2099.051214,1
plcherrim,1704.318592,1
kcvlex,1808.881746,1
zaki_,1980.344793,1
tomerun,2894.200315,1
miku,1561.485209,1
BiteTheDust,1600.000000,1
shusuke,1627.812801,1
Hoi_koro,2360.248811,1
creep04,1772.213033,1
LeMur,2078.098770,1
b2563125,1935.344985,1
luma,2229.494528,1
Power730,1579.303214,1
enjapma,1982.784591,1
spawn,1781.344985,1
yu3mars,1653.146899,1
hiro116s,2056.057553,1
Skydog,1967.399326,1
TAISA_,2007.916334,1
yy4,1277.141232,1
mhrb,1668.638159,1
pajenegod,1746.000000,1
azukun,2412.200315,1
iica,2043.846007,1
c7c7,1851.070254,1
Motarack,2539.280410,1
takoshi,1881.481577,1
you070707,1666.485199,1
tspcx,2074.341348,1
sansen,2004.879232,1
kibi62,1636.415338,1
xuziyuan,1480.479721,1
betrue12,2434.213033,1
maspy,1709.413209,1
coco18000,1751.141232,1
lyc,1750.731832,1
Ow1,2146.501442,1
char134217728,1966.083407,1
makecir,1651.213033,1
n_knuu,1759.088892,1
failed__coder,1429.932288,1
unsre,1754.520399,1
pr3pony,2145.216449,1
yujidx7,1721.083407,1
tarattata,1640.027256,1
MB81,1970.399326,1
aniket9465,1721.989028,1
hitstales,1539.932288,1
harady,1288.784591,1
genomas,1271.344985,1
okkuu2,1541.932288,1
etonagisa,1971.201523,1
rsk0315,1737.344793,1
VP_lenneth_,1416.098770,1
x0214sh7,1607.276467,1
udonko0516,1278.057553,1
simamumu,1496.126235,1
abasadzishvili,1742.136066,1
knshnb,1836.415338,1
Chanyuh,1637.832003,1
algon,1872.520399,1
th90tk297,1439.846007,1
mich,1608.344985,1
zilioner,2028.000000,1
Warden,2402.989028,1
abc050,2287.276467,1
yassin,1851.714047,1
homesentinel,1888.163225,1
skiqetx,1712.136066,1
keima915,1346.399326,1
ikatakos,2001.979853,1
komori3,1529.900421,1
brainfxxk,1848.136066,1
omochana2,2389.879232,1
reik,1199.318592,1
khir,1690.330762,1
ryoissy,2376.276467,1
EternaKing,1531.447353,1
sdnr1,2296.413209,1
ytkn,1624.485199,1
xuelei,1576.200315,1
peyha,1484.243056,1
yokattame,1600.413209,1
ktr216,1609.027256,1
Mojumbo,1421.243056,1
sumitacchan,2314.429013,1
qhqh,1807.413209,1
addeight,2071.057553,1
polyomino,1987.318592,1
shyyhs,1625.344985,1
Aotsuki_,1277.485199,1
ganariya2525,1570.784591,1
jianzhi,1982.344985,1
Derek,1336.485209,1
iwashi31,2203.051214,1
null_mn,1544.479721,1
gvastash,1748.620761,1
waynetu,1581.136066,1
izumo,1604.320227,1
rahul_,1870.731832,1
mds_boy,1622.846007,1
keep_OC,1272.916334,1
ishikado,1878.638159,1
ymatsux,2157.485199,1
LODB,1709.812801,1
Linus,1444.415338,1
Gobi,1635.141232,1
ttttan,1702.638159,1
plasmaeffect,1818.022045,1
fuppy0716,2335.320227,1
iry,1428.303214,1
Noimin,1573.201523,1
AokabiC,1494.870535,1
ward1302,1687.344985,1
mikit,2063.900421,1
KazukiMH,1642.216449,1
soshun,1580.989028,1
codancer2000,1337.932288,1
arounderstand,1263.200315,1
Ricky_pon,1255.730468,1
tsuburin,1811.078518,1
mui87,1061.136066,1
fumiphys,1736.057553,1
VGeler,1456.136066,1
frozenlib,1545.485209,1
takasu,912.832003,1
nooka,1567.638159,1
Timur_Sitdikov,2732.318592,1
naoya_t,1677.318592,1
JKLover,1245.126235,1
rkocharyan,1600.136066,1
avm,1761.344985,1
TanakaTaroh,1715.879232,1
stdll,1701.415338,1
kagasan,1921.011909,1
quiye,1553.213033,1
FireSky,1264.730819,1
le9018468,1369.413209,1
shinike,2027.730468,1
NOSS,1655.216449,1
Ashurnasirpal,1744.320227,1
tokumini,1752.037334,1
kakujiro,871.731832,1
nmnmnmnmnmnmnm,1835.146899,1
oshibori,1609.107084,1
y011d4,1455.501442,1
cormoran,1771.280410,1
noimi,2039.415338,1
ritick,1644.126235,1
a2stnk,1987.534694,1
rookzeno,1677.479721,1
cedretaber,1367.216449,1
spiritsunite,2015.083407,1
yapoo,1330.429013,1
nanika,1297.479721,1
tomy,1427.479721,1
dividebyzero,1823.083407,1
QCFium,1930.638159,1
MiuraMiuMiu,1481.213033,1
yamad,2195.146899,1
harshit601,1330.399326,1
hashiryo,1753.817446,1
kuretchi,1472.642578,1
yoshrc,1287.011909,1
masas1991,1546.730468,1
spar5h,1780.399326,1
hiJimmy,1357.399326,1
IO2I839,2231.989028,1
kroton,1943.243056,1
SIGSEGV,1243.413209,1
sienna,1288.932288,1
shibh308,1928.534694,1
potoooooooo,1916.243056,1
rahilmalhotra001,1528.083407,1
wisteria0410ss,1953.243056,1
season,1247.730468,1
yoichiro,1261.399326,1
lisbun,1321.057553,1
Gear,1904.379296,1
kamojiro,1468.213033,1
startcpp,2165.030240,1
kessido,1925.429013,1
Tallfall,1610.027256,1
addy1234,997.136066,1
yuiop,1797.096374,1
yatuba,1553.638159,1
chirag11032000,1510.136066,1
AlbertZ,1566.485199,1
cutmdo,1754.200315,1
nocriz,2249.136066,1
oz4point5,1365.620761,1
dragoon,2686.057553,1
xqbf,1428.136066,1
Linkus,1353.126235,1
unit,1681.399326,1
tantakatanmen,1338.730468,1
mod_poppo,1389.126235,1
hiroaki0615,1299.793473,1
elecre3038,1359.011909,1
nakario,1196.011909,1
hamayanhamayan,2183.578268,1
minusj,1034.213033,1
tute7627,1409.932288,1
hig98ingro,1397.200315,1
schwarzahl,1795.481577,1
kobaryo222,1487.870535,1
bigdekopon,1952.200315,1
TAB,2029.086735,1
mmnk_atcoder,974.989028,1
psmf1,1216.663890,1
coffee_beans,1240.330762,1
rk222,1377.027256,1
k_k_hiroki,1265.083407,1
xoke,1287.714047,1
mechfrog88,1246.027256,1
sash0,1587.663890,1
habara_k,1814.485209,1
theory_and_me,1599.900421,1
MagicSpark,1552.620761,1
c1729,1478.126235,1
hagyu_aya,1538.280410,1
Hec,2383.041483,1
Tsuta_J,2101.421465,1
tanzaku,2332.027216,1
akusyounin,1737.131879,1
shacklebolt,1314.098770,1
ymch1905,1602.330762,1
wleung_bvg,1816.688314,1
m_tsubasa,1735.078518,1
btk15049,2460.088892,1
zekatsu,1440.663890,1
okitz,1277.879232,1
cszclin,1450.812801,1
wakax365,1761.846007,1
convexineq,1923.579863,1
Yu_212,1194.688314,1
stretchybox,1433.900421,1
Ryo2016,1660.163225,1
kammer0820,1361.098770,1
yochan,1083.399326,1
titia,1772.318592,1
mechanicalpenciI,2443.429013,1
yudedako,1921.057553,1
butterfly1026,1401.011909,1
igaxx,1715.126235,1
ha15,1873.501442,1
keymoon,1895.870535,1
sarthak1220,1754.620761,1
Badlylucky,1294.916334,1
pelno,1299.141232,1
nuts,1440.200315,1
syunsuke,1231.057553,1
nindo,1510.812801,1
kaz1988,1437.141232,1
umezawatakeshi,1680.027256,1
idaten,1443.479721,1
Iso_,906.812801,1
Lawali,1885.688314,1
harsaka,1216.485209,1
int_cl,1928.280410,1
anmoliiitd,1711.083407,1
mban,1594.494528,1
phyllo,1686.421465,1
aaabbbcccddd,1796.320227,1
Shibungi,1523.213033,1
kkktym,1255.098770,1
littlesheep,2733.620761,1
nagiss,1956.415338,1
cirno3153,1727.642578,1
TakaakiUmedu,1642.870535,1
karakasa,1309.330762,1
shel,1198.989028,1
kort0n,2409.730468,1
mo3tthi,1324.415338,1
NMLibrary,2223.243056,1
okaduki,2044.307199,1
epopaca,1172.485199,1
Pro_ktmr,1969.415338,1
niuez,1949.051711,1
FF256grhy,2076.022045,1
pontaryagin,1514.479721,1
ay2306,786.434799,1
daiki_ando,1922.243056,1
noribentooooooh,1414.485199,1
kichi2004,1280.141232,1
petite_prog,1117.832003,1
Bwambocos,1567.276467,1
yana87,1646.210085,1
remin,1833.132207,1
HydrogenFluoride,1392.213033,1
mice,1343.688314,1
heysan,1284.057553,1
nakano,2295.900421,1
syl659,1901.479721,1
mutuhuhihusenonu,1540.485209,1
jlrterceiro,1469.731832,1
Tagl,1425.731832,1
toromaki,1287.989028,1
qhapaq_49,1850.989028,1
heyuhhh,1306.731832,1
set0gut1,1814.832003,1
sekryy,998.344985,1
penpenpen,1707.900421,1
n4o847,1613.141232,1
utsumi,1352.210085,1
KoD,1289.501442,1
cinnamon_roll,1051.330762,1
tonowak,1777.620761,1
iwannatto,1522.141232,1
yosswi414,1222.916334,1
nishionyama,1480.011909,1
algmyr,1297.990966,1
Kevin_Zhang_TW,1372.136066,1
emthrm,1801.501442,1
nesya,1531.216449,1
juppy,1495.730468,1
vain0,1745.210085,1
C7BMkOO7Qbmcwck7,1194.078518,1
sake,2371.812801,1
tamato,1302.812801,1
yandy,1248.200315,1
Sashiming,1351.131879,1
Ruloch,1380.344985,1
cn449,1307.688314,1
makiha272,1465.663890,1
hedral,992.932288,1
raoZ,676.126235,1
fal_rnd,1594.248811,1
yash2406,1163.027256,1
pengin,1412.870535,1
ptt_kr,1625.051711,1
nomuDog,1388.098770,1
syawacha,1407.344985,1
Kats,1646.320227,1
prd_xxx,1703.578268,1
yetnone,1376.688314,1
hirokazu1020,1816.223922,1
mui_nyan,1162.620761,1
boutarou,1216.330762,1
capythm,1747.638159,1
setsuna,958.501442,1
yoshnary,1693.344793,1
moku,1642.812801,1
monolith,2261.318592,1
sunshine_chen,1850.399326,1
BlahDuckling747,1312.078518,1
hamukichi,1172.793473,1
occhan,1292.879232,1
tanakh,2139.642578,1
m_99,1604.730468,1
nuhunune,1160.663890,1
Casta46,1099.429013,1
suzume,2004.379296,1
kujira438x,1578.579863,1
Dishant_18,1374.344985,1
tacchan7412,1195.027256,1
Bloody_Yulii,1209.330762,1
ffern,1857.413209,1
sidebook37,1676.320227,1
chocobo,1600.642578,1
shimisho,1495.057553,1
daleksprinter,1395.243056,1
howarli,2492.413209,1
sansaqua,1569.989028,1
lemon_,1154.027256,1
qLethon,1503.916334,1
sayedgkm,1200.126235,1
qython,536.295985,1
mickie,948.620761,1
igarash1,1341.344985,1
XRQimagin,1569.812801,1
Katu2ou,1151.083407,1
jimmy,1495.421465,1
aquaCpp,1626.688314,1
Bison,1240.812801,1
kojingharang,1559.318592,1
proton_1602,1262.027256,1
Liones_Hina,1579.136066,1
tnyo43,1744.213033,1
stone725,1396.900421,1
rei_k,1240.243056,1
toto0121,1481.832003,1
x20,1801.022045,1
siman,1483.932288,1
zunda1st,1543.057553,1
Morifo,1396.916334,1
yatin2410,1258.812801,1
kekke28,1445.832003,1
armoking,1508.413209,1
mjtai,1527.731832,1
Danylo1999,2234.078518,1
DFNasutarou,1510.989028,1
alicek17,1245.011909,1
shotat,1217.812801,1
Osmium_1008,1109.078518,1
tekihei2317,1580.399326,1
face4,1685.213033,1
kosakkun,1683.181366,1
cotton100pc,1593.638159,1
drogskol,1662.415338,1
Bench0310,1481.399326,1
vipsharmavip,1309.136066,1
K_274,1577.399326,1
somq14,2120.318592,1
sinatori,1530.832003,1
dn154,1314.415338,1
ScarShield,1599.620761,1
sapphire15,1200.083407,1
wph,1814.126235,1
letranger,1304.494528,1
zawanishi,1126.083407,1
hogeandfuga,1225.415338,1
merom686,1956.132207,1
mohudrum,1461.027256,1
mkawa2,895.126235,1
ymtz03,1238.812801,1
Leo______,1600.413209,1
latter0206,1015.126235,1
Gacho_0716,1803.057553,1
kakira,1603.057553,1
kuuso,1856.132207,1
pynomi,1135.900421,1
Imperi,1243.399326,1
minus3theta,1753.916334,1
MatsuTaku,1295.415338,1
shunby,1195.083407,1
RTnF,1419.919599,1
yuno_miyako,1101.485199,1
selpo,1970.846007,1
lapis_Lazuri,1268.200315,1
shimipon15,1177.027256,1
svanO,1426.399326,1
a1i,1326.098770,1
dsytk7,1401.307199,1
onigawara,1115.485209,1
hotman78,1343.731832,1
codgician,1866.000000,1
moritaoy1128,1636.688314,1
harmokey,1669.642578,1
kenta2997,1531.660975,1
bomac1,1784.916334,1
bashuuuuun,1104.989028,1
totori_nyaa,1157.479721,1
nhara551,880.344985,1
kubo_nits,1671.131879,1
mino,1782.210085,1
yyybbbb,1600.000000,1
macho_uno,1262.663890,1
SYHNE,625.732988,1
kwfumou1242,1569.415338,1
canonind,1268.731832,1
Ti11192916,1645.379296,1
kyomukyomupurin,1256.638159,1
kmatsunaga,1580.579863,1
Dup4,1630.027256,1
feele,1254.429013,1
uhiro,667.143609,1
Nagatuki,1037.429013,1
sasakuna,1380.832003,1
cplusplusonly,1434.832003,1
wand125,1359.731832,1
shidenvip,1226.989028,1
sanesuke,1122.429013,1
stalin,1791.399326,1
Fulltea,1250.688314,1
kurenaif,1720.870535,1
yuhei,1610.344793,1
ArturSocha,1608.481577,1
sumoooru,2011.017856,1
t310,1222.413209,1
iehn,2164.534694,1
dancinggrass,1515.812801,1
mathlegosuke,1752.051711,1
Mohammad_Yasser,1593.812801,1
peroxyacyl,1220.344985,1
C05,1154.688314,1
machida_k,1221.812801,1
keitanxkeitan,1256.688314,1
cacao,1247.730468,1
enookckor,1383.027256,1
OribeYasuna,1104.098770,1
mikagi,1008.027256,1
Hiasat,2008.078518,1
nagitaosu,1307.932288,1
tac_,1025.200315,1
ChiyosBigDragon,1384.870535,1
creed983,1208.083407,1
senritsuki,1034.812801,1
takumi152,1448.083407,1
hiro142,1102.156346,1
Ashlie,1451.879232,1
saiton03,1170.731832,1
tsutaya,983.318592,1
lowjack,1040.399326,1
muranokami,1280.126235,1
earlgrey_yh,1424.900421,1
yukidaruma6,1791.660975,1
toame,1646.088892,1
doradorasuki,1063.131879,1
torus711,1799.118984,1
murata,1436.083407,1
bababamizu,713.027256,1
slimepettan,1031.027256,1
ttm8761,1497.399326,1
akimotty,1083.141232,1
seriru,1116.870535,1
sykwer,1572.879232,1
piczaw,2132.481577,1
penguinshunya,1507.688314,1
kr,1250.243056,1
TOBO,1218.051711,1
macaroni,1503.989028,1
ttsuki,1545.344985,1
cuthbert,1356.415338,1
ashiq,1983.136066,1
Tategami,965.501442,1
hnustwangzhijie,1747.731832,1
chocopuu,1456.485209,1
huwenbo,1467.620761,1
cinnamoroll,1738.485209,1
nanae,1709.248811,1
catoon,1672.141232,1
TISparta,1469.731832,1
vivek_zi,1139.812801,1
deoxy,2020.051711,1
ue1221,1000.011909,1
blcn,1543.011909,1
yamate11,1653.501442,1
vivek_shah98,1277.989028,1
hanaoka_,1358.126235,1
Aman_98,1120.812801,1
kumalimak,1477.344985,1
YamagenSakam,1232.307199,1
xish,1353.485199,1
hxt_love_manami,1260.413209,1
amotoma3,1862.330762,1
SGI,1973.979853,1
ruterute1,1767.989028,1
burt_macklin_,1322.126235,1
maru_de_,1500.318592,1
cunitac,1240.688314,1
scor,1508.468325,1
Adibov,1586.731832,1
masayoshi64,1300.812801,1
hirosuzuki,1650.200315,1
choo_s,1474.344985,1
fukubutyo,1362.213033,1
hoshi524,1691.638159,1
yukarinoki,1331.485199,1
uni745e,1416.057553,1
shar18,996.900421,1
Trineutron,1337.413209,1
blencer,1081.580381,1
ggggg,1386.083407,1
mohuneko,1386.429013,1
gekko,1016.932288,1
seema,1276.200315,1
FoolishMe,1453.027256,1
yuzupom,1647.415338,1
CosmicWolf,1346.048691,1
mini4141,1295.501442,1
scotscotch,848.330762,1
tashikani,1667.479721,1
Alt3,1796.479721,1
kibuna,1395.083407,1
xiaoshizhan,1353.989028,1
s496t,1398.817446,1
mitchieDuho,992.330762,1
satake,1192.027256,1
myoi0905,1234.579863,1
masu1208,1274.916334,1
Tqk,1465.243056,1
yuma220284,1320.083407,1
intnincrement,1439.399326,1
ferin_tech,2025.881746,1
yuji9511,1508.485209,1
obakyan,1532.620761,1
gmmtea,1056.126235,1
rutas123,1332.688314,1
dolphingarlic,873.169089,1
motomoto,785.812801,1
starve724,1464.832003,1
arjun_9426,1296.989028,1
tatsumack,1497.078518,1
mdstoy,965.027256,1
qiuzx,457.611868,1
HNN_8127,1646.620761,1
schwarznecken,1277.027256,1
graythunder,1045.011909,1
toshihoge,1796.344985,1
remomon55,1059.812801,1
guriko,1033.011909,1
too_lazy_to_code,1068.832003,1
Zain,1786.141232,1
crane496,992.616108,1
mtatsu,1425.136066,1
nadare881,1561.793473,1
Salmonize,1420.932288,1
fukki,1413.832003,1
rahuldugar,2334.415338,1
kiron,1160.688314,1
misosoup,1617.870535,1
yuto953,1524.879232,1
tmitanitky,1244.083407,1
david,1006.280410,1
hogeover30,1418.494528,1
tomo0608,1414.200315,1
popolo5555,1387.900421,1
hururu,1304.200315,1
thishi,1221.399326,1
yssh,1470.620761,1
erbowl,1301.078518,1
to12lz,1341.098770,1
cyclatp3,1087.494528,1
HayatoY,1304.900421,1
takuzou_kubifur,1394.027256,1
vipmario816,1316.011909,1
kjnh10,1524.141232,1
alextxu,1733.126235,1
neterukun,1330.989028,1
nena,1356.479721,1
pontsuyo,1117.485199,1
myun,1411.027256,1
gratan,1475.399326,1
masterstroke,1533.413209,1
rabbit_TR,1836.501442,1
whisper0077,957.126235,1
rhincodon66,1303.318592,1
KumaTachiRen,1010.832003,1
iaz1607,1498.399326,1
SugarDragon5,1796.793473,1
red0000,1053.989028,1
redultimate,1171.879232,1
pqwmL769,1584.027256,1
wh317706,1153.900421,1
shugo256,1369.688314,1
kyawa,913.126235,1
kahuu,1378.620761,1
muuchan,1541.136066,1
emak,1661.078518,1
hakoshie,1140.213033,1
nicklaw296,1454.320227,1
yuki228285,1116.399326,1
kiyomii,1205.126235,1
jp3bgy,1479.730468,1
Regent_50m,1209.098770,1
delta71,1366.131879,1
eQe,1224.141232,1
ks2m,1381.501442,1
woodline23xx,1397.817446,1
Daylight,1694.479721,1
snowhork,1475.485199,1
daiwakun,1382.057553,1
Suunn,2037.479721,1
kimitsu_emt,1533.200315,1
IgoRamli,1147.339143,1
mgmk2,1113.399326,1
toshikish,1013.688314,1
SinAyame,1685.494528,1
henoc,971.558615,1
ngs,1247.429013,1
yonkoaman,1284.812801,1
ysakasin,1323.663890,1
hamko,1854.088892,1
furuya1223,2109.163225,1
Array_fish,921.731832,1
hng,1164.027256,1
genkinanodesu,1663.344985,1
Yoshiakira,854.318592,1
mnrutd,866.832003,1
nasatame,1610.481577,1
chigiri,1372.620761,1
eduidl,1285.501442,1
shirowa,1843.730468,1
MRtoma,1259.620761,1
akariki,1331.485199,1
fgwiebfaoish,1537.057553,1
kouma1990,1349.932288,1
Haunted_Cpp,940.936350,1
ecasdqina,1696.979853,1
VTR,1468.131879,1
i7_yoc,1471.216449,1
yama2019,665.045476,1
kemingsurface,1506.011909,1
shioshiota,1721.688314,1
phystak,1451.330762,1
blue0620,1474.534694,1
tmcoder,1247.485199,1
Halifay,1554.330762,1
koikotya,1898.216449,1
ayatosuzuki,1026.620761,1
acguy,1345.832003,1
hkurokawa,1440.989028,1
Hora,1454.399326,1
keroru,1139.344985,1
spassos,1303.011909,1
lucky3977,1262.131879,1
snow39,1711.817446,1
moshimobox,1104.083407,1
Johniel,1542.280410,1
nable2251728493,1138.351235,1
pappagukun,1430.213033,1
kurakura,1407.501442,1
Fu_L,1279.141232,1
wheson,1429.344793,1
Micc,919.399326,1
hango,1143.213033,1
tmsausa,1446.098770,1
dalex,1951.989028,1
webeseit,1243.360752,1
mint,1364.243056,1
gksato,1849.429013,1
se1ka2,1448.027256,1
su_565fx,1382.638159,1
Bobyama,1566.330762,1
new18,908.098770,1
x_zadfar,1117.989028,1
Cons,1102.812801,1
pnnc205j,1163.200315,1
anmt,1000.136066,1
rrf,1236.320227,1
nadeshino,1412.900421,1
hydraa,1600.000000,1
al1ce_nanka189r,1255.399326,1
mokkyu9,1539.344985,1
yakata66,1233.479721,1
odasatoshi,1148.415338,1
rajyan,832.620761,1
Lafolia,1468.817446,1
Neroldy,1191.216449,1
cexen,1297.663890,1
yokofudori,980.731832,1
takeya,1452.879232,1
shinchan,1116.916334,1
ose20,1271.200315,1
Alpha_giraffe,1276.083407,1
kotamanegi,2162.037334,1
commy,1546.132207,1
yki25,1060.083407,1
deepworm,1153.493110,1
shiita0903,1493.494528,1
Okay,1323.213033,1
toa2525,1656.846007,1
espressivosubito,1731.494528,1
m_buyoh,1765.011715,1
kunal_goyal,1143.688314,1
st2d,1151.688314,1
hiroshun,1062.399326,1
mizukurage,1360.784591,1
zumitan,1260.812801,1
kanade2001,863.620761,1
hibari2357,1227.900421,1
phykmqqq,1267.280410,1
Atalasion,1788.731832,1
ikom,1563.243056,1
TiK27,1361.399326,1
ikasashi,1639.320227,1
yta_smh17,1672.216449,1
irxground,1391.126235,1
hnagamin,1517.136066,1
amebicComber,1311.131879,1
sugyan,1117.083407,1
mizuki,1452.213033,1
Ebishu0309,1001.879232,1
mathda1,1643.989028,1
Ling2Feng1,1463.638159,1
koudai,1084.027256,1
mohammad_kilani,1949.620761,1
r1705,1544.688314,1
aguroshou,1212.916334,1
dermas,1282.429013,1
Zu_rin,972.620761,1
qisnotnq,1669.330762,1
kaz68,1089.126235,1
Kanaya,910.501442,1
motoki1,845.731832,1
caesar,1354.663890,1
obsproth,1312.916334,1
stringray,1328.989028,1
Urlieonthe4,1244.660975,1
nemupm,1266.932288,1
yugataka,359.562884,1
rscodes,1338.485199,1
suzusime,1336.330762,1
serisho911,1063.989028,1
zhongyuwei,1911.812801,1
Bubbles,1285.016856,1
LCA,1093.078518,1
t6is,999.812801,1
zenrosai,747.126235,1
Almond,1618.730468,1
Bantako,1377.870535,1
njchung99,1654.731832,1
AT274,1448.468325,1
T_Stream,1334.501442,1
Eric_hoo,1807.812801,1
ohe18,561.998617,1
Squirtle,1032.638159,1
nnsr,1169.663890,1
w2w2,1065.812801,1
m_m,943.399326,1
nessie,1147.638159,1
kusomushi,1592.730468,1
betit0919,1309.663890,1
NKH123,1388.399326,1
motokazu,1573.731832,1
kokubun0293,1363.481577,1
koikuchi,1382.126235,1
ponponpainful,1150.688314,1
rose_gold,845.485199,1
otera,1076.812801,1
enip,882.832003,1
takumikid,1228.989028,1
lakshay_nasa,1222.126235,1
tamihuru,1284.429013,1
Zatton,661.831739,1
s0fa,1340.932288,1
siro53,865.330762,1
miscalculation53,950.083407,1
fido,945.620761,1
kiriyako,1039.126235,1
novemura,1502.479721,1
subway,1198.078518,1
banboooo044,1433.088892,1
naminodarie,999.731832,1
fe8r,1285.731832,1
Soeki,713.688314,1
iwkjosec,1176.479721,1
MBM,778.993129,1
sahdsg,962.183186,1
anmichi,1393.216449,1
RGL,1162.413209,1
kilattoeruru,1347.485209,1
maguroguma,1284.098770,1
CharlotteL,1616.501442,1
nimon,1455.501442,1
dannygo,1357.688314,1
tatt61880,1614.534694,1
ugnom1121,1228.730468,1
mamime19,1091.379296,1
calc,1144.663890,1
axikon,997.731832,1
sanadayukimura73,1014.485209,1
gott,1129.501442,1
taxi1729,1161.011909,1
kohtsuka,1150.427961,1
roto_37,1613.107084,1
Igor,1276.136066,1
Shizuku,1007.620761,1
ruiguo,35.190798,1
takkii,1120.098770,1
moikilo002,1325.429013,1
CHOHCOOH2,1197.932288,1
mono1120,959.027256,1
Yukly,1522.534694,1
YamaguchiT,1308.879232,1
AtamaokaC,1308.485199,1
spihill,1607.415338,1
cho12,1417.731832,1
ZollingerPython3,1603.051711,1
octo,1242.098770,1
satoooh,844.731832,1
TKO,1325.344985,1
yakamoto,1483.098770,1
fockl,1442.330762,1
taiki_okano,1173.415338,1
Shiratama2,714.620761,1
CleyL,1247.900421,1
university,1229.494528,1
willofhare,1114.812801,1
springroll,1198.213033,1
yosh1,901.731832,1
wotsushi,1815.399326,1
ymduu,1283.078518,1
iwaiwaiwa,945.243056,1
pontadao,1013.688314,1
glycine,1247.057553,1
prololo,1147.832003,1
pointN,865.126235,1
daut,1256.730468,1
Tommy6,1168.057553,1
qxa,1347.620761,1
obata0430,1128.638159,1
saito_2_6,698.482028,1
ngs_cpp,536.295985,1
masaphys,924.344985,1
lejura,712.990119,1
Sn,1017.784591,1
takamiyaatusi,1084.429013,1
amyu,1212.485199,1
material,1173.307199,1
phocom,1405.579863,1
odanny,1206.900421,1
moa5084,1388.399326,1
arc,1386.141232,1
satoshi_f,904.213033,1
liptonmilktea,1159.136066,1
numberes,1202.399326,1
Kay_Shirasawa,890.932288,1
Endered,1518.832003,1
peroon,1249.243056,1
ceass20xx,1511.731832,1
y60,1668.620761,1
a_yoshii,911.812801,1
ikkunjyanaika,241.081096,1
fujitsubo,1281.932288,1
moxn_nxom,1467.900421,1
kyosuke0924,1093.485199,1
SamAnd,1555.731832,1
chikuwa111,761.724260,1
capra314cabra,1221.479721,1
yusuke0518,1256.011909,1
Roy_R,1484.083407,1
minmin408,986.485209,1
kartica,1367.688314,1
hw8829,1160.812801,1
umisan,1237.846007,1
wu555,1290.900421,1
wikrsh,1216.011909,1
mizinnkotaisa11,1345.027256,1
hatsukad,914.731832,1
tah,1713.141232,1
compute,1606.413209,1
hayashi_akihide,610.411530,1
arzk,1646.663890,1
color_kurenawi,922.638159,1
penicillin0,968.688314,1
shiboy,1279.534694,1
BSer,1106.200315,1
keigow,1334.083407,1
uskey512,1205.136066,1
charhan,965.932288,1
mmmmmmmmmmmmmmmm,1247.832003,1
eguchishi,947.027256,1
xryuseix,1038.501442,1
ValGrowth,1326.429013,1
ntgo,1229.131879,1
tran0826,1343.399326,1
koyamaso,964.098770,1
KOKISAITO,799.932288,1
tobiuo1990,1335.501442,1
mencotton,1701.210085,1
yayoi,1557.534694,1
chika_haru,1323.784591,1
takakin,1057.731832,1
masakun,1019.344985,1
YoshiInTokyo,386.565215,1
dinesh_12345,1110.620761,1
sarashin,1062.485209,1
Hyado,1032.083407,1
MizukiHashimoto,987.989028,1
freestyler,1340.243056,1
noman,1173.027256,1
ibuki2003,1369.051711,1
sa104,1235.136066,1
hoabinh,1190.126235,1
mochi999,1146.932288,1
okudeottu,1392.330762,1
yamada0985,1409.932288,1
Sen,1280.098770,1
ytrsk,1520.731832,1
polarbear08,1544.579863,1
Myah,850.620761,1
batsumaru,1020.136066,1
rodea_0952,1461.243056,1
shamal_ref,1360.730468,1
pytran,1431.078518,1
kaikey,678.083407,1
kanpurin,1095.399326,1
Tatsuyaaaa,1002.989028,1
tomboftime,1352.213033,1
kametaro,1013.141232,1
yudegaki,1125.730468,1
Powerword,1054.399326,1
Qdo4nb,883.812801,1
mashpoon,1125.663890,1
ganmodokix,1571.098770,1
Arthur_Lugh,1251.141232,1
starboy_jb,1168.429013,1
nahcnuj,1076.011909,1
riaf,905.126235,1
doru1704312,871.731832,1
muras,1207.027256,1
playertwo,668.838840,1
hornistyf,1322.485209,1
nomi,1191.714047,1
mayayutaka,1336.485199,1
sakaki_tohru,968.200315,1
chenchen,677.200315,1
zwu_2017010896,694.730468,1
Namazu,1305.098770,1
takkyu,683.340153,1
asaka,1226.481577,1
tsuinatomikku,1378.730468,1
skaw,1005.344985,1
kt71079,793.126235,1
ark27,1009.479721,1
KSK,1381.136066,1
keib,1235.784591,1
waccho,1565.485199,1
matchapy,1051.083407,1
simkaren,1462.485209,1
jgy002,825.989028,1
imaichi1191,745.344985,1
yahoobb,824.812801,1
mukku,1587.216449,1
shibly,1340.989028,1
ta7uw,1204.057553,1
cider,1139.879232,1
kdlvklv,808.027256,1
baku1101,1276.429013,1
kafuka97,617.344985,1
jefj1,915.126235,1
Gosu_Hiroo,1472.485199,1
toku,1264.485209,1
wcwswswws,1969.731832,1
basan,971.126235,1
ryochanuedasan,980.688314,1
suzutaku_cse,1438.027256,1
melonoidz,574.879048,1
agw,1535.881746,1
tato,883.989028,1
swkfn,1031.320227,1
skchdr,840.932288,1
tshirakawa,1612.832003,1
ast210,1483.330762,1
sh_mug,1358.126235,1
daiotail,1362.812801,1
nijnin,1129.812801,1
osushi765,665.045476,1
osciiart,1291.078518,1
kakiryo,1030.620761,1
benl,1193.136066,1
PearSeed,530.027256,1
faimerth,1327.812801,1
sahil99,1260.731832,1
saky0080,1074.136066,1
tamurin,1194.638159,1
uni014,1003.731832,1
minefy,1833.620761,1
aki_sen,820.027256,1
oevl,1297.415338,1
fatekiti,1090.098770,1
denden12,967.429013,1
MATSUMAT,1322.870535,1
Origenes,2159.399326,1
itigo,1041.812801,1
MotoAtcoder,1195.916334,1
aleutra,1245.027256,1
duck24,885.344985,1
aakarshan_01,668.838840,1
akiozi,1046.688314,1
Cucumbergreen,937.399326,1
conf,2034.200315,1
ikarostech,1113.027256,1
kekenx,1025.688314,1
tks3141,898.688314,1
tasugi,988.196174,1
yiskw713,820.619291,1
Fuh,989.213033,1
FrevChuso,662.832003,1
Ruki,1329.832003,1
shugo15,947.932288,1
Obada,1364.126235,1
Cdec,786.011909,1
mofumofu1,878.126235,1
AKaan37,1214.126235,1
lodnix,1229.817446,1
gami,159.371600,1
sonuma,574.662879,1
mengxiaoyan,1181.932288,1
makome,722.185926,1
haru_muska,484.455919,1
Khmer,1000.832003,1
tomarint,1342.688314,1
ikd,1572.033600,1
chun1182,1426.479721,1
ready_player074,810.027256,1
klno,777.429013,1
M_Saito,1754.051711,1
agridrama,1037.663890,1
youluoy,1344.817446,1
walkre,1802.468325,1
pony_murayama,1140.399326,1
gaudi08,1015.870535,1
N45h,1158.731832,1
Mcpu3,1185.243056,1
takeharak999,1427.083407,1
ndfdjcwlw,1464.620761,1
kiyohiro,1257.731832,1
araiguma,1427.344985,1
honyacho,1261.731832,1
syangxhs,1343.731832,1
hanada009,1151.812801,1
shell_wataru,1387.098770,1
cross32768,1266.501442,1
yuyawk_0908,987.126235,1
kk09,1376.083407,1
tada,1195.663890,1
nacky,1099.989028,1
DGC,1640.620761,1
taki_g,738.344985,1
karasuex54,1014.485209,1
spinute,1441.083407,1
gojira_ku,1705.638159,1
akht,982.663890,1
kazuhitot,1365.730468,1
mattyan1053,1269.330762,1
stan255,1431.098770,1
midzki,1122.344985,1
miyajan,1227.731832,1
delfin,845.027256,1
unknown_,530.881070,1
grayf,1290.216449,1
tamuhey,1341.989028,1
togekko,1146.932288,1
thor1192,852.620761,1
robosithi,660.525654,1
p50p100,792.338965,1
skjmp,1282.118984,1
tdyydt,955.213033,1
Haruyuk1,1321.098770,1
utopian,1326.485199,1
kuzumin,1096.688314,1
salusa,563.440782,1
scol,928.812801,1
hi_watana,1275.243056,1
iosink,1157.083407,1
goropikari,1249.213033,1
CSL,1386.620761,1
wm1777,1055.832003,1
rubugeru,987.832003,1
ma2Cta,410.134387,1
toyama,1262.088892,1
km1216jp,872.303214,1
r1825,1302.501442,1
funa27,815.812801,1
yniji,967.663890,1
k_ashiya,1166.900421,1
takurada,834.083407,1
mnrskym0227,1198.216449,1
kfukuta,1359.083407,1
ytakahashi,927.832003,1
daikimatsu06,841.731832,1
YujiSoftware,1033.642578,1
berry,802.832003,1
youenn98,1343.620761,1
Down,1443.136066,1
jam_game,1466.126235,1
paulocezar,1619.989028,1
utime,1144.027256,1
yoshi1378,552.083407,1
nabla_delta,599.083407,1
tmg_dayo,536.295985,1
denkimisoshiru,536.295985,1
m_9719,769.344985,1
HMaekawa,921.688314,1
hagemori,751.126235,1
warahiko,1223.083407,1
ziroppe,1106.098770,1
theoldmoon0602,1174.415338,1
AkkyOrz,904.501442,1
joaom,1679.136066,1
MintChoco,1399.344985,1
kamelong,1492.501442,1
cactoid,778.989028,1
inaba00032,1248.200315,1
azara4,1060.098770,1
p_yellow,808.139942,1
koffee,1008.344985,1
StepiM,781.240326,1
Sigma1023,1052.638159,1
Tatsuemon,613.399326,1
iekimai,923.344985,1
Anus1373,1430.751983,1
sly,1121.725465,1
Syuko4omi,1139.011909,1
Zray,286.634262,1
tkygtr6,1373.663890,1
jellyfish,1206.051711,1
eityans,1063.027256,1
corutopi,839.126235,1
yupiteru,1394.413209,1
rch850,35.190798,1
sojisan,1169.344985,1
pseudo561,1330.638159,1
semi,859.243056,1
White_Green,973.399326,1
petrouchka,989.494528,1
kakkey1964,1136.832003,1
Roupika,746.399326,1
hirono999,901.932288,1
aytkdk,808.344985,1
Alnus,741.832003,1
nakaken88,1229.620761,1
suimyakunosoko,346.400017,1
phanta_stick,1231.078518,1
KEN_RP,1085.501442,1
Yuki_Utaai,1406.900421,1
cookies,1791.932288,1
yousolo,1157.638159,1
takoagemat,801.989028,1
bored_funuke,901.501442,1
GOI,706.832003,1
shake,1643.846007,1
Nyanyan,1089.731832,1
agnyan,837.485209,1
IdealLife3,1321.730468,1
mrt0933,638.730380,1
Tlapesium,1293.485209,1
sharmajatin741,1330.126235,1
nake,910.932288,1
TakoKurage,1095.210085,1
tonnnura172,941.083407,1
jikei,940.399326,1
Laika,1111.481577,1
roundplus,981.638159,1
side,975.578268,1
ir5,2680.027256,1
sonotaro99,1029.812801,1
masutech16,1295.638159,1
tennismonkey01,1147.399326,1
ryoryoryo111,1491.415338,1
yutas,563.331288,1
jupiro,1130.989028,1
yotapoon,993.083407,1
In8531,1016.688314,1
momasahrio,1281.399326,1
T49E2,1282.098770,1
tadaren,973.638159,1
zln,635.517512,1
slash,669.514797,1
reew2n,2429.088892,1
atFFFofK,1072.126235,1
kento_kun,974.832003,1
NocturneBflat123,536.295985,1
hotsnowspring,1218.879232,1
gustavolima00,586.050328,1
nuip,2799.303214,0
ariku,980.932288,1
hatohato,722.616964,1
KawattaTaido,1155.812801,1
kMotz,1030.429013,1
tomi,858.812801,1
koupe,683.932288,1
Takur0,713.399326,1
dchy2000,820.634688,1
hamako,602.869622,1
keikubo,638.730380,1
tncider,830.126235,1
urachi0826,1024.320227,1
firiexp,1735.638159,1
idsigma,1814.660975,1
ngtkana,2031.344985,1
denverjin,1445.479721,1
liouzhou_101,2180.638159,1
fragusbot,1942.916334,1
NASU41,2068.881746,1
kaage,1525.216449,1
OkazakiYumemi,1128.287923,1
anomuno,1093.399326,1
gupta_samarth,1316.695673,1
nu50218,1646.879232,1
T1610,1844.027216,1
holeguma,1879.485209,1
myanta,1364.846007,1
hai,2260.083407,1
v1a9r9u8n,548.751258,1
arman_ferdous,1473.399326,1
ynq1242,1980.078518,1
Suibaka,2087.979853,1
takitamaru,1192.620761,1
libra9z,1364.141232,1
shot,1613.793473,1
zohe,1348.213033,1
irisrune,1245.098770,1
chikkun,1121.136066,1
lastpoet,1467.027256,1
Shuzaei,1411.479721,1
sphere_m,992.638159,1
lavender730,1462.579863,1
trashbag,675.879195,1
AyaTaka_chemi,1206.344985,1
eeryi,726.079177,1
hack1nt0,668.838840,1
tsjmt,1482.415338,1
tnkm,883.620761,1
sintan,1127.243056,1
ex16night398,839.620761,1
ukohank517,1568.303214,1
CFkazu,1600.000000,1
JinTianHao,1130.501442,1
kinetock,859.932288,1
define,1340.216449,1
dalgerok,1054.429013,1
n_chiba_,1336.688314,1
hideh_1231,1261.468325,1
nakana_kayaru,1269.057553,1
ndifix,1219.784591,1
rennaka,1177.932288,1
cherrypi59,1613.579863,1
prakharmath,1290.136066,1
nemuize,693.067114,1
titanium,1250.083407,1
infrub,1808.620761,1
uchina,1385.579863,1
adjtimex,1094.279861,1
kiddikn,674.683379,1
tomoki,1658.620761,1
Skygood,339.484973,1
TateyamaKaito,1155.485209,1
bplain,976.900421,1
paruma184,1285.344985,1
NS601023,1017.730468,1
alphagocc,1048.501442,1
Digaus,1245.078518,1
luke8,1139.832003,1
kinosi,530.566309,1
tk_hacked,1257.083407,1
sshojiro,805.160495,1
diagon_alley,1127.932288,1
HoMn,1058.879232,1
Dophin,655.832003,1
wakuwinmail,1419.057553,1
wena0715,815.620761,1
gktni,897.429013,1
irtfrm,890.579016,1
readonly_true,978.126235,1
topaz13,1008.638159,1
terabbits,989.777429,1
Urei2200,1307.688314,1
streeeeeeeee,1081.136066,1
satya26,1229.399326,1
tyclear,702.485199,1
albicilla,1159.817446,1
Mamnoon_Siam,1413.501442,1
kzhrz,679.753016,1
masa21kik,809.545919,1
kokubunjigaisen,561.296481,1
toka__,829.731832,1
ano0406,1513.136066,1
J_J_Nisinn,731.399326,1
N_o_o_B,1465.731832,1
Moscwa,1008.011909,1
Licht_Wald,1018.330762,1
suk1yak1,674.832003,1
jbyxm,1344.107084,1
masafumi,1559.248811,1
access27,999.479721,1
nemmy,822.688314,1
monkukui,1732.344793,1
motacapla,1004.879232,1
tenetenne,964.216449,1
mobtake,676.437078,1
kanbac5,379.842368,1
zaki1236,923.429013,1
daruma3,711.126235,1
huit,887.832003,1
mhi3,982.429013,1
toot_tatsuhiro,1351.344985,1
tayu,606.083407,1
godotmulfunc,1002.812801,1
hokekiyoo,1061.812801,1
nehan_der_thal,1399.485199,1
waffoo,1306.501442,1
Kenkoro,1074.879232,1
kyonkyoco,1005.027256,1
moke,813.501442,1
nayuta13,1063.663890,1
Saikat,969.485209,1
DeltaForce222,775.832003,1
tohusoy,1228.638159,1
takoyki3,1025.243056,1
hiramekun,1233.141232,1
bombra108,1297.817446,1
Dice64,1158.932288,1
zjsdut,1649.027256,1
hamuhei4869,1359.210085,1
darjeeling,1012.916334,1
tak0821,605.568850,1
dot_haraai,951.083407,1
u0suke,594.015700,1
molchiro,955.136066,1
KKT89,728.832003,1
hokekyo1210,1477.731832,1
code_name123,794.932288,1
temporarynoname,885.399326,1
tancahn2380,1591.714047,1
KUMAWO,905.046092,1
matsukin1111,1078.027256,1
akraa,1259.879232,1
hide1214,1720.784591,1
plus_kyoto,591.399326,1
bird_bird_bird,595.688314,1
trasta,976.932288,1
nsasaki128,965.932288,1
zato,860.126235,1
hir35,951.344985,1
hamray,1226.784591,1
hanayorihokani,870.832003,1
renoyu,1003.660975,1
foxykodai,542.581132,1
eulerkochy,1350.731832,1
lengthandditty,1272.083407,1
catupper,2635.870535,1
Nalga,964.083407,1
xlight789,1222.979853,1
tmentaiko,641.399326,1
Ichijyo,964.916334,1
hiroronn,834.429159,1
Naoki_M_,1555.223922,1
alumina_8,1242.900421,1
memento,415.754416,1
socha,1518.098770,1
toki,641.932288,1
pkkoro,863.932288,1
syak,1272.485199,1
Eiostu,706.832003,1
yasu42810,1139.485199,1
takedaryu,624.064786,1
potate,383.266782,1
Tsima,1370.832003,1
kayaminm7,951.344985,1
katand,1384.141232,1
vraisamis,1046.344985,1
yydoco,1493.663890,1
KTurA427,929.344985,1
rikka,1288.027256,1
tya5,536.295985,1
Yumaski,829.027256,1
ei13333,2338.022045,1
iTakeshi,1362.216449,1
pmnox,2389.413209,1
v2n,1307.429013,1
tsukasa_diary,1761.485209,1
kohdai,1200.200315,1
suzukisan_love,890.280410,1
espr1t,2157.083407,1
thidailoc,1511.330762,1
ROBORU,980.136066,1
oooooba,1198.485209,1
yosiiii,1122.730468,1
hope_ton94,1287.216449,1
suzyz,1505.330762,1
th_at_coder,1003.932288,1
nanananakam,1114.027256,1
ei1821,996.879232,1
silopy,1153.485209,1
masakam1,1239.916334,1
O1O1,956.083407,1
nemurice,784.587626,1
iruka,1201.243056,1
Nachia,1363.413209,1
aporo,498.572460,1
c2chem,806.501442,1
Tendaysago,1220.494528,1
T1duS,1546.126235,1
zakio_10,584.027256,1
bluexleoxgreen,837.344985,1
ar90n,1267.812801,1
dendenkun,947.932288,1
saku630,1341.534694,1
tomoyuki710,922.663890,1
Hatsujime487,1099.663890,1
matsuren,956.832003,1
chanori,884.027256,1
yutake2000,1392.832003,1
toycode,798.812801,1
koitan,992.730468,1
hirata0517masato,1319.881746,1
knom,1765.413209,1
okaryo,943.900421,1
rokahikou,1016.330762,1
k3nNy,1089.399326,1
yk356,685.330762,1
Kant,884.638159,1
flyio,1057.620761,1
snneko,714.316820,1
manuchroma,1018.812801,1
Riran,1164.413209,1
koda_1017,708.663890,1
fiftysevenTGGX,1621.916334,1
yasunarist,986.126235,1
megamegane,696.083407,1
seica,2012.520399,1
s50,797.703555,1
iva7,852.027256,1
rainy2041,1077.501442,1
yasudomi,892.083407,1
cycle_io,1264.136066,1
Ry0um4,1140.213033,1
noriok,1209.210085,1
yakutou,876.083407,1
sg08,968.879232,1
shinhiro,907.399326,1
kotaro912214,601.832003,1
mski_iksm,905.731832,1
asasan,918.083407,1
tatsuya0619,1071.688314,1
ataran,890.731832,1
noamoa16,904.501442,1
Ken_Sumi1019,1018.900421,1
hcr,1358.812801,1
morymory,947.501442,1
sugiura36,1010.812801,1
n0dasalt,1282.011909,1
cham,811.443347,1
toof,1184.078518,1
bio4eta,980.399326,1
betweens,1160.812801,1
kyon2326,951.812801,1
Chamy,675.404820,1
righttoleft1134,1409.083407,1
ruu_413,1134.429013,1
kuisiba,783.501442,1
teacat,904.344985,1
pollyanna,975.136066,1
butanokakuni,1179.579863,1
penkuririn,1202.429013,1
u271969h,962.011909,1
hjmkt,1279.812801,1
issei,1218.399326,1
yata,927.638159,1
izac55555333,804.243056,1
Lithium,1386.213033,1
Hide1204,1465.216449,1
BARISU,1078.027256,1
ToM_ynu,1124.415338,1
aqua0631,592.415338,1
reluka9339,1126.730468,1
kerotan,1375.812801,1
ponu,1142.401903,1
ykst51,1346.429013,1
heian,1269.320227,1
puvon,1030.620761,1
sciencesakura,844.083407,1
took,1193.011909,1
robertcal9,904.126235,1
yonkoamit,436.630472,1
ese0462,1136.688314,1
toutatsu,875.638159,1
daiju,1502.900421,1
ate,949.243056,1
nekoroko,779.011909,1
zxc_identity,1007.057553,1
matsu0112,821.540810,1
paihu,1117.200315,1
sh8,845.751522,1
sakuraiimuya,912.131879,1
megafepsidarcq,644.932288,1
k97037171,805.344985,1
taketake1818,487.610033,1
calcium,1077.620761,1
Pagliacci,777.688314,1
skhiuk,761.027256,1
cyan,1797.318592,1
mtakushi,1268.078518,1
yusuke0710,1098.011909,1
torokon,1269.879232,1
malic,759.485199,1
SakaTaku,933.832003,1
honake,1272.501442,1
Noiri,1011.216449,1
koujiya201712,975.620761,1
machikane,882.932288,1
incurable,1351.688314,1
SDESTINY,668.399326,1
Dente,1079.620761,1
paddy_ist,674.200315,1
oykn,1053.812801,1
kkr,821.989028,1
jackero,957.411757,1
Lemon293,805.501442,1
YwelshonionY,899.688314,1
KOSD_Kazuki,899.932288,1
ImDE6D,158.942413,1
dyuji,799.399326,1
tsuchhiii,815.120922,1
tanon710,1260.136066,1
KyleKatarn,1061.027256,1
boatmuscles,1094.479721,1
ants,851.027256,1
dchular,653.696964,1
Shirona_Takizaki,861.932288,1
kawaikochan,1430.751983,1
ikea0064,1206.916334,1
illyasvieI,876.731832,1
ktanaka,1159.620761,1
tochi_ondy,299.277547,1
tacoyama,956.932288,1
kazurego7,787.429013,1
Teaki,508.415338,1
Autumn_A,1232.141232,1
HBonsai,974.638159,1
oich,1052.812801,1
karmaninja,1179.126235,1
Pondelion1783,855.243056,1
kuroku_969,819.485209,1
Nekomimimi,1252.784591,1
enbos,763.399326,1
takaten,1415.243056,1
ugis,1161.320227,1
kyabaria,1030.663890,1
murakmii,512.333246,1
qsako6,850.344985,1
sensaur,1520.619625,1
agonize,905.663890,1
Apple_Boy,623.613190,1
tetsuyana,806.083407,1
itopost,673.832639,1
Nifuji,821.540810,1
kyoto,1035.638159,1
gomatamago,1136.243056,1
tsukimidanngo,656.126235,1
keserasera_77,799.200315,1
calculator29,1035.932288,1
kotorigasatori,576.688314,1
uiiaoo,960.663890,1
sosuke115,935.663890,1
tkbtkysms,1174.731832,1
TomA,1008.057553,1
diesekiefer,513.375524,1
Kgnkm,574.832003,1
Doarakko2049,839.088892,1
bigswim_atom,544.723282,1
Nils_Olav,885.620761,1
wana,596.387532,1
acchan,827.083407,1
coder_penguin,890.620761,1
anaimiyu,882.620761,1
jaripan2,1114.879232,1
daira4000,1091.832003,1
MoeLifeNinja,898.731832,1
nafuka11,635.720104,1
takecian,1156.638159,1
Kshin,486.811436,1
DDFZHHT,439.831163,1
Ravenoux,862.429013,1
nyon,930.817446,1
kaz130,985.222183,1
Rainin,1187.879232,1
tonyu0,616.501442,1
HossamDoma,1268.485199,1
hmdtarako,826.213033,1
escgreen,1129.083407,1
xml9shiki,1228.421465,1
tubi,1017.481577,1
momohara,755.932288,1
sugibad1412,958.485209,1
dff9th,1226.098770,1
KeitaKishida0811,1023.870535,1
spider_0859,1100.344985,1
dkrqr,786.870535,1
iiharu,1061.243056,1
sumou1011,767.083407,1
furuta,1079.620761,1
smina,930.216449,1
malcheese,1147.413209,1
yoshimasa_tk,1095.731832,1
dshin,502.663890,1
A0iro,705.778165,1
kingyo,1167.200315,1
kyaco,1117.344985,1
yyatsuo,625.366543,1
hnust_fangbo,686.502225,1
ohdon,676.832003,1
Tatsuya_san,918.083407,1
ogura01,1109.399326,1
haragumi,460.199644,1
Altair626,1414.210085,1
watmeron,651.256038,1
inaba3,798.037334,1
RikuMiku,1223.356584,1
nuekodory,702.344985,1
hhirai,1221.481577,1
dolittle,171.777739,1
swine,894.002717,1
osakanamaru,900.932288,1
rimmoc833,1164.011909,1
masahide_root,962.812801,1
ranchan,387.578192,1
Saza,528.921931,1
kengo,1067.126235,1
woody,883.688314,1
inazuma110,1074.344793,1
RedSpica,248.199834,1
kosuke1012,876.200315,1
Ice_in_juice,1511.141232,1
ohken,672.083407,1
StoneDot,1320.330762,1
aochan,765.485199,1
kumaritanya11,490.964511,1
Thistle,1855.578268,1
Gragonith,129.544110,1
rutilicus,716.819761,1
cheeseNA,968.136066,1
Harunari,460.896212,1
vzvu3k6k,1032.812801,1
Risen,1423.870535,1
kuspen,739.966631,1
nrmt,912.083407,1
kawa,761.002559,1
takedarts,1318.932288,1
gaidash,934.360112,1
renjyaku,719.620761,1
tasogare66,582.104954,1
Matts966,981.027256,1
Axelius,1334.688314,1
fp563,1058.900421,1
paleApricot,778.083407,1
licht0,562.330762,1
okuni,1141.932288,1
xeonics,858.989028,1
muatotto,1053.344793,1
MiraiNIKI,966.688314,1
yoichi,476.662873,1
reg7777,1169.870535,1
mugen1337,748.688314,1
atsu_c,1239.318592,1
patahene,1235.057553,1
syosinsya,867.620761,1
ms5,573.989028,1
nayuta,1001.900421,1
katostar,867.989028,1
rnazmo,644.027256,1
yoshishi,689.735708,1
kiyu,926.832003,1
yoshiki1123,689.485209,1
yuyu12,962.730468,1
siiiii1107,1225.083407,1
OvThAlmin,910.916334,1
atchi_coder,846.479721,1
Kusiro2427d,943.126235,1
Naxyaso,668.838840,1
YukiDaruma,1118.131879,1
mochidan,640.399326,1
paralleltree,913.951449,1
pirorin,536.295985,1
amezaki1007,982.330762,1
nyama,1420.688314,1
Nakamoto17,640.327189,1
kojinyan,602.711695,1
monja,1344.083407,1
tsuyoshi21,758.663890,1
namachan10777,814.688314,1
DM7PvTyc,1172.688314,1
parsee1053,965.638159,1
yo_kanyukari,810.578268,1
tmsick,490.964511,1
arr,668.344985,1
aryaman,1332.731832,1
ckw,657.436145,1
ksfather,976.200315,1
soldout,338.419863,1
tanidaiz,815.344985,1
Today,775.730468,1
carolinaus,930.730468,1
iwakiriK,1216.534694,1
pumpkinpietea,640.882058,1
Osa_Pyon,900.688314,1
hild,1107.620761,1
hir810,951.083407,1
kamu,632.915934,1
Atomic,1063.817446,1
morix1500,652.523868,1
hishigam,442.469992,1
arktan763,1068.731832,1
Rall,674.501442,1
inonoa,638.730380,1
roimu,1261.429013,1
neetsdkasu,1229.063228,1
tunehira,751.083407,1
damekamo,1246.027216,1
yasutchi,647.359876,1
mochiii,1127.216449,1
kcoydico,296.329388,1
sononamotom,1118.731832,1
osa9,1081.580381,1
hiroa,1056.213033,1
hakuchan,1029.479721,1
hirotaku,1263.413209,1
nekoder,965.216449,1
mitsuo0114,1323.638159,1
Mukundan314,1281.413209,1
rokube,576.205749,1
Goagle,810.144028,1
neku,605.377737,1
shirataki3,890.688314,1
tyauykai,830.063237,1
cc226158,575.579644,1
bucchi8,1248.399326,1
mikawataru,836.399326,1
EasonTao,569.857416,1
mlpj56d,700.216449,1
himagineer,694.083407,1
kazuki_matsuda,1390.832003,1
kg1,849.736762,1
eijit,887.620761,1
near0401,997.318592,1
salty_life,1386.136066,1
misoya888,579.088595,1
ir_1st_vil,843.663890,1
bowwowforeach,1263.501442,1
Schumi543,983.620761,1
sf_f1019,880.128494,1
NoKmono,585.371453,1
mina2000gt,882.344985,1
asdf1,1427.534694,1
kobyn,828.501442,1
tarao1006,655.399326,1
gco46,862.108882,1
nobug5c9,1081.126235,1
alumi,674.683379,1
checche,571.410816,1
Gash788,947.485199,1
haguretetra,1043.136066,1
vandeeglobe,379.842368,1
Iwancof,463.394914,1
Flyinghorse,1010.126235,1
npz35,1404.041483,1
mswn7,335.364834,1
hiro_k,997.027256,1
nicolen,897.200315,1
marukogane,870.149354,1
hikezawa,380.224942,1
bpine,1302.501442,1
jj1guj,286.634262,1
hama1080,724.399326,1
chomeyama,1116.126235,1
apprec,993.812801,1
jngt,576.111928,1
motty0533,534.663890,1
yeye,1264.932288,1
nejiyoshida,794.464671,1
xenon_chem,850.141232,1
megashh,874.109782,1
yakisobakue,650.832003,1
nanasi128,555.027256,1
penerte,1144.141232,1
ayanofj,476.402029,1
NaokiOsako,802.344985,1
fujinochan,1187.136066,1
tsuka05,830.620761,1
cafe6a6e,344.421009,1
kinop,301.360901,1
maguchi,1140.011909,1
mkjiro,750.213033,1
vin,776.733236,1
Hibagon,336.830058,1
yuki2006,1256.520399,1
netyo715,1020.832003,1
CROTO,689.956894,1
zzar,1118.932288,1
rinaba,946.097712,1
Bondo416,1014.485209,1
mozukinTV,733.706723,1
masao96328,570.872337,1
ido_kara_deru,893.620761,1
vvv,844.832003,1
Rhunosuke,620.932288,1
haruton62,791.330762,1
kebus,1016.200315,1
yerdr,942.731832,1
Nishi3311,595.747772,1
ohyama,531.403726,1
jun__,1065.812801,1
iuuur,-52.879700,1
khksmt1999,757.098770,1
yamatonao,985.812801,1
k_6101,779.501442,1
ccppjsrb,1019.344985,1
ganmacs,1081.812801,1
maya2250,1074.126235,1
fshuto,1111.344985,1
hakusye,983.399326,1
gattaca,453.419821,1
Kiona1018,1183.126235,1
hanafuda,410.409125,1
masapyon,197.376841,1
Hello244,747.351456,1
nanamin220,372.725304,1
shuto_horie,147.430415,1
I_HATE_JAVA,1056.136066,1
matsurii,828.812801,1
tebasakioisii,293.275642,1
hoshito,749.053531,1
tsucchee,1087.812801,1
iktk,622.401582,1
frog2002,826.027256,1
Te9,663.544537,1
MinBabu,689.639496,1
edamame88,1236.479721,1
tech_buchio,667.143609,1
norimiso,1109.216449,1
doraneko94,1248.620761,1
c_r_5,1283.318592,1
kNakajima,1131.243056,1
Shijimi_Shark,674.369890,1
nitumeta339,922.979853,1
Tosachi,835.078518,1
aya_se,882.126235,1
minagi,909.784591,1
Glakne,481.120726,1
hnakashima,1153.078518,1
fog_878,598.078518,1
suika_p,530.881070,1
FDdwmk,743.676086,1
watano1168,793.989028,1
mohi,887.078518,1
mitsusawa,484.842563,1
chanchii,517.737802,1
KumaRyo4611,673.934731,1
fellp1,573.547932,1
Lilkoke11,588.344985,1
zume,81.709194,1
fsociety00,1238.136066,1
marurunn1,402.441843,1
m_meles,3.025077,1
fgyg_zy,574.011909,1
KowerKoint,1210.027256,1
kazuneet,726.063178,1
faogr,1669.663890,1
sktaro,447.606394,1
otodashinayo,799.848332,1
cohey,830.663890,1
daichi_0224,812.832003,1
k00ume,843.179166,1
tyoukaku314,956.083407,1
esnsk,382.977409,1
kasiha_ki,780.118305,1
jgjgzgzg,578.401224,1
MASATO338,589.708542,1
soitakahashi,807.620761,1
amata1219,624.027256,1
InuInu3324,730.344985,1
kurupical,602.017206,1
shinocoro,449.986324,1
gaya_K,-152.810654,1
konosu,561.867188,1
bostonzarigani,1124.620761,1
ysanopp,494.011909,1
fukino,747.126235,1
mochi32,872.399326,1
shinsakun,1068.415338,1
takeryodayo,536.295985,1
kaisei705,615.900421,1
sarugami,745.415338,1
takey,914.330762,1
jumpeda,461.472846,1
lenia23,230.427295,1
maruny7,986.485199,1
namizo0328,706.289795,1
kushu,862.126235,1
fam_taro,567.079714,1
onon,346.400017,1
dsch,358.258639,1
ts_cbpt,480.501442,1
KazukiUruma,268.193953,1
luckyno9,813.098770,1
colorbox,462.707759,1
rant4,229.393924,1
wag_k,752.330762,1
jimmyeaaaaah,872.134469,1
outk,528.330537,1
AgeashiParrot,392.255924,1
hkenken,792.620761,1
cistertail,766.027256,1
naolllab,359.113474,1
Khs,698.482028,1
kurokuro96,666.485199,1
tennashi,598.816516,1
zaisu3,529.919494,1
goldfish,783.663890,1
uluvtu,348.462231,1
teacerjugg,203.680068,1
Germanpoteto,649.776447,1
yoramu,585.688314,1
yukishiba,871.731832,1
takuya1000,742.469021,1
asonic,1009.136066,1
matsuu,878.027256,1
rokabo_nutttsu,1104.850258,1
abab,1143.213033,1
hisurga,596.387532,1
pn11,724.011909,1
Itatatu,785.011909,1
SparkChain,306.329909,1
pto8913,773.011909,1
pep299,272.214087,1
azarashi,267.607969,1
riorio1174,559.832003,1
pay,351.754431,1
Tatsuaki,536.295985,1
Kazu0114,834.731832,1
kobayan,589.708542,1
rmizuta,1135.303214,1
hokto,622.554898,1
montpetit,592.344985,1
ryoo14,688.688314,1
ishigen,746.832003,1
PhilisPaxil,712.083407,1
MA,446.485199,1
zhangkai,545.688314,1
DDDDDK,659.007626,1
tnag,769.107084,1
pafumo,887.126235,1
Percentage,695.679452,1
lnsf,762.832003,1
kudzu,858.083407,1
telling,551.371049,1
TeruMiyake,1036.620761,1
terrafarm,614.083407,1
shoshosho,351.587401,1
ococonomy1,858.663890,1
toefl999,536.295985,0
stkz_uq,1157.638159,0
fujiyama,543.660975,0
ecto0310,1379.916334,1
hibatibati,1296.730468,1
gax,1394.083407,1
Marty_9800,1042.879232,1
wanghaoze,927.027256,1
rmkt,902.344985,1
yuchiki,1288.011909,1
sven,430.704438,1
beat7000,601.663890,1
FMota,1967.784591,1
sagsango,1221.812801,1
littlegirl112,1297.320227,1
hanon,786.027256,1
yftv6203,1078.307199,1
Marutai,486.225082,1
seijochan,1084.663890,1
proelbtn,1396.688314,1
cand,853.027256,1
yutaro0121,964.126235,1
misora192,1302.784591,1
YDK_NK,1320.057553,1
monochro,1196.057553,1
kanra824,1635.098770,1
Rabin_hood,1600.413209,1
laft,1231.200315,1
crom,845.642578,1
kindness,1188.413209,1
asako9494,1040.027256,1
niwaka_senpai,993.688314,1
sbite,1507.479721,1
junijuni,322.626034,1
rantarn0326,823.501442,1
donut,1098.730468,1
Laksa,626.832003,1
tada72,716.200315,1
null_null,1120.213033,1
esio_trot,1124.276467,1
mpeg31,1091.126235,1
tell0120,767.989028,1
emanon001,968.344985,1
ry3s,731.688314,1
ttyskg,1247.989028,1
punipuni,1016.051711,1
mitsu333,862.730468,1
rinrinta121,742.083407,1
KetON,877.879232,1
uytrewq12345,979.812801,1
wdkkou,907.078518,1
lusingander,968.620761,1
shop_one,962.501442,1
esaka,1018.812801,1
doraharo,842.330762,1
shompepe,932.011909,1
kageyama7,1410.395340,1
horubono,790.126235,1
severrabaen,698.479721,1
shiki_equation,811.620761,1
kyo_gackt,1057.305776,1
ei0124,847.330762,1
Atria,782.730468,1
copy,1027.083407,1
akakura,124.448218,1
kimura1821,1107.730468,1
BkcT,792.083407,1
fastriver_org,1122.785069,1
eqrio,224.379172,1
scache,1092.136066,1
papino,686.615745,1
mathyuuugo,1063.832003,1
kbone,95.745722,1
Sophie1234,795.083407,1
shun1640,481.377450,1
hoper,907.932288,1
hayatoto,815.027256,1
daihuku,882.832003,1
hato3617,424.039070,1
shanpu,671.344985,1
junjunjunk,960.730468,1
kiyoshi0205,1096.932288,1
sarthakag,-79.882031,1
okb_okb,528.921931,1
miyamotononno,751.894586,1
suzumebi,628.429013,1
klan,471.938218,1
kira924age,1097.243056,1
takechan,888.501442,1
takaninen,614.203028,1
jamuojisan,635.344985,1
ysfk,801.429013,1
hachi88,1019.200315,1
k_t,619.027256,1
anz021,407.929973,1
reverd,1221.132207,1
lilium,999.011909,1
ikazuya0201,1268.900421,1
ashikurrahman,259.216695,1
haru,1234.126235,1
rikulist,806.688314,1
tRue,1399.415338,1
LHYLHY,864.534316,1
SCoder,1030.340380,1
diskkid,834.932288,1
Sawarnik123,715.620761,1
qqr_i,1102.078518,1
paipaiweeeyy,53.030294,1
poketyuu,1426.145406,1
uemt1,957.200315,1
madomaginonuma,624.932288,1
hntk03,642.989028,1
shirase000,640.243056,1
ikanago,655.932288,1
hryshtk,939.989028,1
YukiShiro,578.832003,1
congthanh2000,1217.083407,1
shinji,930.027256,1
CHENRUIJIE,1072.083407,1
cocomoff,906.429013,1
swimcamera,735.832003,1
maron8676,1088.344985,1
fetburner,1536.534694,1
wisteria30,670.663890,1
hikarutakenouch,318.286329,1
hiro_hiro,910.141232,1
dlmasa,1223.415338,1
ddtkra,685.011909,1
mumumucoder,719.011909,1
LoveMachine,1116.663890,1
DarkYoshi,1065.485209,1
kkiriyama,1207.688314,1
yusuke_wk,847.330762,1
bacon,536.295985,1
fxt,1075.501442,1
lilac_s,1145.832003,1
jjjjjjjtgpptmjj,1013.879232,1
welame,325.610750,1
Pine,810.932288,1
T_M,959.276467,1
ytakaya,1043.832003,1
shangtai,939.429013,1
osushi5,599.753611,1
Walking400GB,760.730468,1
mebius37,569.594404,1
sentackey,714.316820,1
m0ri0,467.646093,1
tattaka,942.399326,1
e__tak,544.281938,1
sarf,1076.832003,1
Jin_2004,433.678091,1
clarity418,793.622506,1
PG_23,368.956163,1
code44,122.422272,1
amool,922.507925,1
Cosinstein,133.311375,1
kd56,1276.127601,1
pack887,486.225082,1
yumarimo,851.088892,1
akizora,570.429013,1
kuroneko9963,517.011909,1
pod,823.429013,1
dashiishida,390.618322,1
samraimarket,880.011909,1
chenrundong,637.399326,1
Megane_88,870.429013,1
Kiyu_tsutsumin,615.411174,1
annzi,616.989028,1
suzuken_w,124.448218,1
lynmisakura,1025.832003,1
Nefertiti,885.501442,1
ksksurigoma33,553.171193,1
peace_of_junk,976.379296,1
makishimutomato,499.200315,1
PINKUN,926.832003,1
yukayama,687.126235,1
mulgray,573.832003,1
trycodeforfun,627.344985,1
Flow_,763.688314,1
Nazo9x,900.731832,1
txaik,510.827745,1
enkdkn,610.458043,1
Rew,914.485199,1
bismuth,620.098770,1
hase,587.952107,1
Kobalt,981.663890,1
popomy,870.126235,1
makkii,675.330762,1
liberty,795.027256,1
fuminiton,401.707091,1
k1090,412.566632,1
kumazaki,344.421009,1
yamamayumi9489,1029.501442,1
shaula,563.501442,1
amuyikam,785.620761,1
kz_0420,939.078518,1
southernx0604,671.663890,1
tanaka415,253.307437,1
kvin_MisterD,748.501442,1
draftone,693.400244,1
masanaka,399.681144,1
sagoj0_,714.832003,1
BrennerRios,691.083407,1
hecatier,907.141232,1
mkawabe7,774.932288,1
tkr987,581.083407,1
KEEL210,739.135668,1
pei166,971.916334,1
jackee777,536.295985,1
outline,797.098770,1
shrimpName,382.537239,1
KazSapp,561.867188,1
sursouth,377.159793,1
apoorv,1324.011909,1
yotaiyo,938.730468,1
R_R,832.126235,1
tonegawa,1220.027256,1
kagami,240.983065,1
Deji,124.448218,1
ppstp,1202.812801,1
tofuchic,312.449670,1
komugiko,700.847534,1
Gary,1400.731832,1
gltlr1003,461.011909,1
amtgjw,875.243056,1
remsleeper,396.640976,1
zero_kpr,608.932288,1
Liechtenstein,1000.812801,1
metamon,1060.812801,1
tyataro,520.485199,1
anpirika,788.126235,1
wadadones,681.989028,1
x3n0n,594.331828,1
yishuhan,898.057553,1
tso_moriri,690.620761,1
bbzl_loves_zx,705.620761,1
bluesky2983,698.399326,1
osamu329,1022.083407,1
Yama24,826.280410,1
inushida,878.126235,1
akun0716,1183.078518,1
tmp271828,726.079177,1
hayoneho,619.556289,1
nawa,525.887893,1
Diaw,401.707091,1
Gaatang,504.303245,1
SeseSe,477.343538,1
Johannes,550.332513,1
lice666,826.501442,1
ryunocchi,469.553929,1
yoki123,855.970654,1
jhuim08,456.028659,1
niia172,636.226939,1
tsune,251.696770,1
forest3,514.216449,1
elaina,833.784591,1
popnpn,542.482551,1
tic40,649.459618,1
shake2,373.004595,1
Kuromaru,805.098770,1
Octopus,886.812801,1
hakua,460.215539,1
agw02010,879.001038,1
zz,857.200315,1
ryota717,1164.243056,1
yvay5cqe,668.838840,1
Shadowline,379.842368,1
kaname,860.663890,1
matsutake,552.804365,1
NKgiants1110,1052.688314,1
inu__dog,398.138383,1
kokuyokugetter,982.399326,1
kuroda960923,675.798245,1
wahahawa,771.870535,1
miyuush,615.399326,1
kyo1,974.638159,1
seesaw0419,599.833985,1
hurumeki,640.993694,1
naaa050,535.190638,1
kara,522.167087,1
petit_sophia,680.832003,1
keiiiiiii,384.754838,1
yuma1053,816.502616,1
DNA1980,958.932288,1
ababa,684.832003,1
Kubota1202,-30.045014,1
ItsukiNamito,741.663890,1
tmatsu,759.364371,1
bachibachiman,811.213033,1
kajyuuen,973.663890,1
MineMine005,573.399802,1
Zakky,1089.989028,1
auaua,268.193953,1
Shomiya,536.295985,1
Joy_M1K1,651.329847,1
pika53f,680.057553,1
Hirekatsu,1276.413209,1
emuemu,555.462182,1
achax0511,790.638159,1
ktynry,969.812801,1
tuziemon,536.295985,1
Cashimom,684.501442,1
smit_mangukiya,381.189773,1
penman,607.499358,1
bikkle,1027.989028,1
ixactly,571.296532,1
Phycook,675.798245,1
yaaaaamij,81.709194,1
AyaO,-519.326947,1
Kosuke_S,684.832003,1
seikei135do,769.832003,1
pyonnkichi,20.048922,1
mi2,460.360887,1
andisu,359.562884,1
helloerasedworld,760.213033,1
chanteur,714.316820,1
ciel0217,209.831776,1
tsubuanko,1279.098770,1
sirogane0j,477.663890,1
troy,595.259182,1
hiragi_gkuth,313.017499,1
ryoto7ishikawa,568.492650,1
s14ti028,1079.784591,1
Dante_Rits,321.546292,1
mototakashi,373.004595,1
ak3,738.663890,1
kanokanoka,864.989028,1
takumat,913.620761,1
S_ZK,138.083149,1
BetterMyGame,536.295985,1
bunstturnen,311.061505,1
shiumai1740,833.330762,1
MasahiroBW,123.788615,1
iwachoco,481.377450,1
hyoutann,315.264822,1
gomimap,703.330762,1
igara432,809.344985,1
echikawa,883.842622,1
y_isoda,410.134387,1
hkawaguc,932.620761,1
maozhengxiang,594.331828,1
chireen,490.964511,1
sbs20190501,536.295985,1
memma,935.707517,1
ya38djr,811.620761,1
oahnwgnt,312.449670,1
tanuroll,692.542737,1
black13,548.415338,1
bamps53,665.045476,1
naohirot1120,536.295985,1
vermadeepak1997,593.063998,1
Hiro2019,282.578950,1
koheijp,915.126235,1
HSC58,536.295985,1
tijooptvlf,624.932288,1
Tritama,286.634262,1
MagicalYukarin,834.429159,1
ryuan71,847.620761,1
moosan63,479.875742,1
Ryuichirou,254.452351,1
tetsufe,520.205125,1
mosamosa,1086.098770,1
keimy,826.485199,1
shosinsha,948.213033,1
moco_rocket,162.572290,1
yui_o,213.643360,1
bamotice,306.636590,1
toto61,189.003438,1
myelin,236.353329,1
skytomo,707.501442,1
amota,404.546357,1
Jsimluken,944.083407,1
Example,590.516219,1
invisible,946.344985,1
rennkarasu,60.352660,1
smail88,955.136066,1
T_Wakasugi,483.670850,1
fish0504,435.077693,1
Ayamamoto,491.462651,1
midorigoke,791.399326,1
muttanmaiden,841.152006,1
hrm951227,451.792339,1
TongXin,506.688314,1
fvrt,753.663890,1
ptolemy,548.132165,1
masa6372,456.163349,1
s_d_chrom,-18.221759,1
lordoz,1351.669392,1
si0010,536.295985,1
nobu_K,1177.203754,1
acannie,265.223679,1
tsumutsumu,736.752710,1
Touri,443.029627,1
blackstone1,1023.932288,1
zerosan,619.010140,1
Aruki,-52.879700,1
yigori3,866.027256,1
asagi0909,729.916334,1
kyoshi,395.839456,1
dbftdiyoeywga,689.057553,1
watason,895.078518,1
yuma_y,1117.812801,1
dyoshikawa,394.598454,1
whaler,453.899341,1
DXi,536.295985,1
takashi_o,496.606531,1
katsuda127,673.027256,1
Ryuu98,874.663890,1
Mamegg,481.120726,1
usiusi02,482.620363,1
taishiNS,713.243056,1
toriten1024,490.964511,1
pine_tree,43.618095,1
taken,379.842368,1
takamii228,574.832003,1
mace,-152.810654,1
rinyama3,-79.882031,1
cinnamon,764.011909,1
MZKi,511.784591,1
carrot46,1121.731832,1
wkkautas,1321.344985,1
noth,821.932288,1
fmysn,197.376841,1
gamino,815.098770,1
ktakamura,470.729891,1
qihongzhou,336.699519,1
ryu022394,608.688314,1
bakenagi,331.582089,1
tokutake,688.843008,1
kamome,162.572290,1
zer0_gmR,80.006806,1
byakko514,751.832003,1
pomadev,663.824087,1
tktk_snsn,825.344985,1
whistlePCR,411.294629,1
oot,696.620761,1
pyromix,237.626531,1
nonen,536.295985,1
ngng628,295.521651,1
blood,561.867188,1
kaisei3,562.299369,1
biggar,818.330762,1
hatomuru,768.832003,1
ak_shuga,536.314685,1
mukakego,947.011909,1
MGM_CN,616.743845,1
molinuntius,-29.794946,1
fimasu,197.376841,1
Hinoue,990.136066,1
ticktack_st,229.393924,1
stng,701.126235,1
yuya4,-18.221759,1
Nanami0634,733.126235,1
RaBeka,1148.731832,1
Kandam,937.989028,1
kamkam,317.072956,1
micky1608,162.572290,1
baseu_,1151.731832,1
molety,967.136066,1
shoki,612.623706,1
mss7z,486.225082,1
ricald21,439.795986,1
iLiss_557,-796.585819,1
aakyara2008,427.308669,1
wald_14,354.683680,1
estis,551.213033,1
PND,1307.812801,1
naru1,530.989028,1
Nenetti,783.449711,1
ytsuda,900.200315,1
reid_tuat,563.501442,1
busimo,288.886431,1
efl_ite,214.252049,1
nemurin,698.399326,1
azumax,-242.068074,1
siesta,507.328753,1
zwu2018010337,275.545493,1
okina25,558.102456,1
mymyyy,404.034902,1
hsmt,663.932288,1
r_tkms,-40.905543,1
csharpfavorite,633.071088,1
futoko,625.366543,1
meu,520.896555,1
shihou,643.932288,1
kuzika,560.083407,1
yukipen,477.567664,1
tciitb,1022.620761,1
tsy0107,707.963310,1
kokomaru,18.262778,1
plsmin64,1177.812801,1
allegrogiken,383.266782,1
nom100,-302.854686,1
Kakashi77,449.227967,1
ryotaro,854.832003,1
cyk,35.190798,1
cowgirl,685.638159,1
shirokumaA,607.027256,1
burokoron,1141.481577,1
miler0528,682.832003,1
shti_f,923.399326,1
scharf,923.399326,1
manta1130,1055.083407,1
shimarut,953.989028,1
sangokotlin,442.469992,1
mamalulu,457.611868,1
tanakanoko,597.778206,1
k2aki,135.121751,1
nemoccho,563.582778,1
ne290206,1154.485199,1
ant2357,809.341348,1
streamy,601.275428,1
taiken,333.024091,1
NTY,-65.155392,1
sabina,158.942413,1
nista,541.688314,1
greenapple03,314.854406,1
dry_na_hito,340.920479,1
wasebo555,418.582298,1
purine,1089.832003,1
ryoderZug,498.339611,1
knsttyutito,592.547809,1
KareKyasu,1082.126235,1
c10t,638.848917,1
ogy,760.479721,1
comalpha,321.546292,1
astronauts,-33.363635,1
nokaruku,1040.330762,1
bustle0309,836.832003,1
kouyo,625.721104,1
Kuri174,1058.638159,1
ken_,865.429013,1
moshanak,539.762116,1
pyonsu,141.161708,1
akisato,414.161852,1
ryboc,772.200315,1
Sleep_Mode,720.288499,1
mas_tai,933.126235,1
KoteElec0320,336.944156,1
cot57,440.576336,1
cadav2923,316.086490,1
tener_18,760.142300,1
dee_kay,336.944156,1
reud,892.415338,1
heatflat,507.678001,1
ryupy,29.557111,1
sh_yama,839.126060,1
stanaya,570.378147,1
Ta910,348.449788,1
pinfort,563.524485,1
patrickticktock,802.466088,1
hiraku,453.899341,1
ya_kki,673.934731,1
Jokerrr,-242.068074,1
Dotter,649.638159,1
signdoubt,995.027256,1
Barikata1984,493.768133,1
liuliangdounan,-90.970800,1
ykn,1128.287923,1
suta,446.523099,1
tadakiyu,728.331346,1
goto_isyuku_dev,911.083407,1
yoshiki_shino,823.501442,1
Rei0000,197.682256,1
rakka,620.027256,1
TaikiOgura,506.607052,1
sfuku7,172.829544,1
rytnsz,442.469992,1
doodle_do,484.455919,1
un_kk,633.098770,1
tokachi23,755.083407,1
polyphe,927.429013,1
mafuyu_7se,217.553676,1
nayu,247.948344,1
naosuke,654.418665,1
turn281,913.951449,1
Pastel,154.570785,1
suzupic,881.399326,1
kamesen,525.207216,1
pierre,669.879232,1
tamakonnyaku,528.955642,1
you_f51,635.023440,1
doiken,536.295985,1
komoyan,470.092584,1
foop,733.932288,1
saillern,311.977345,1
nt1010,776.344985,1
gg86,379.842368,1
KuroUron,1091.399326,1
cz5hxzrr,607.931036,1
mycroft,-183.559626,1
kairi_003,470.453428,1
tota66,1071.730468,1
sincerely2you,1090.485199,1
kani,82.304012,1
m1k__,934.083407,1
Yokikana,-73.397018,1
yusapon,1112.663890,1
umezou,354.683680,1
Naccan,367.820848,1
Ryogaro,89.608491,1
clock_v,781.989028,1
S_Shimizu,259.037113,1
m0lh0k0,559.083407,1
ided345,985.731832,1
BunBun0922,162.572290,1
cumin,192.833712,1
lessoniana,395.033091,1
hargon24,665.872177,1
Yukki,355.551759,1
r1933,-357.140903,1
at278Mt,731.175069,1
ysuzuki19,504.025007,1
krag,58.813807,1
tea437354,1063.638159,1
osirukosan,517.843105,1
matsuyoshi,693.485199,1
sh1mc,313.636592,1
hals,835.688314,1
sifue,814.243056,1
nozomi,193.194555,1
hiroto777,-77.854871,1
YUNATO525,904.730468,1
ztc136,1472.743488,1
itome,811.083407,1
mozurain,311.156098,1
nishin0z,203.680068,1
alexara1123,947.730468,1
hf0219,172.727451,1
macchi09,572.212372,1
Obameyan,67.162137,1
hnust_ypl,544.281938,1
shimataku,1065.083407,1
japanesekeigo,1303.098770,1
snow_B96,182.234966,1
ga_su_,493.634126,1
hnust_liuxin,446.523099,1
ohen_ac,617.958924,1
wrist,316.086490,1
YukiMiyazaki,509.688314,1
momotaro1303,677.989028,1
mar_shell,-90.970800,1
soygif,433.579785,1
uzi215,1131.846007,1
kmkm,311.237946,1
hitting1024,1035.083407,1
matsuge,224.379172,1
albusSamurai,951.479721,1
meena69,686.485199,1
callman,611.243056,1
complement,171.482389,1
toshiba66,629.875364,1
Naochi,-357.140903,1
mokamoto12,589.466219,1
rurito0125,595.083407,1
gokosho,977.126235,1
kaneda,952.900421,1
Pkodama,740.832003,1
exion,1188.812801,1
md31cgi,234.489816,1
Ryoya_1053,511.748688,1
taiki_iwa,536.295985,1
salmonTA,474.635713,1
MrX,-357.140903,1
yamas,286.634262,1
shima755,799.812801,1
wolframotoya,388.162288,1
Libra23,374.289524,1
cmamt,708.620761,1
necointi,629.064377,1
asapiki,357.138917,1
say3no,615.344985,1
kakeyamay,916.501442,1
karaimon,559.987312,1
Djentle,432.362328,1
k0gane,598.816516,1
foolfufu,412.380624,1
koron790,206.311830,1
aouyy11,733.965242,1
equal_l2,768.399326,1
kazukazu,628.832003,1
Suginao,695.344985,1
ellio08,747.620761,1
AquaN,406.892405,1
ajiseri,565.466849,1
developmaso,835.479721,1
Arakoma,389.963918,1
ktn9,757.879232,1
shunajchang,237.384482,1
yoku,624.083407,1
cocet33000,637.487413,1
kililili,-26.088010,1
K5o0t0o0,378.009246,1
horikuma,791.932288,1
te_ne5525,507.051711,1
kumpy,456.693363,1
Bitter,716.932288,1
Siba,313.454806,1
sekizett,491.510921,1
himkt,789.642578,0
gunjou,66.238064,1
katumi,576.083407,1
unitl,175.847023,1
change441,853.812801,1
hnymA,939.620761,1
mali_chn,701.399326,1
Fukumoto,906.870535,1
kottan38,-322.228873,1
sakatsuki_fennec,641.399326,1
KoyanagiHitoshi,951.501442,1
PLAY,335.015587,1
suicla,795.399326,1
haru9210,651.329847,1
azukimame,753.083407,1
onyi,1473.900421,1
rkmathi,633.071088,1
Shirasu1212,366.867363,1
burst_000,579.904011,1
norezark,777.989028,1
JD2xor,467.646093,1
physalis,877.989028,1
piyopiyo_hiyoko,1011.126235,1
Rei1906,439.698221,1
kk0195736,676.485199,1
kuroooo,623.638159,1
Ente,1167.098770,1
lakiryt,847.330762,1
jabelic,571.989028,1
muhi_,576.832003,1
Shunhattori2005,327.512415,1
tanimanianima364,447.074787,1
Ribura,252.293040,1
madoka,304.489075,1
yoshinGO,624.660166,1
rita_n,841.027256,1
Hecatia,504.303245,1
capybara,405.316434,1
easy,614.088930,1
mi0205,758.098770,1
hikarie,378.434639,1
Custom74,462.543069,1
Detteiu83,238.861444,1
crize,725.479721,1
undermakingbook,581.468983,1
zono819,218.305155,1
mickey_1024,733.879232,1
lobmto,787.399326,1
ryuichi1208,435.126507,1
Tarara,868.812801,1
keiouok,731.083407,1
Vanilla1810,656.027256,1
kn29,578.711782,1
himu,-292.014501,1
hasamaku,679.730468,1
gnao,585.126446,1
hide0903,620.415338,1
syobon,233.807650,1
kairi527,293.949144,1
hanato,982.027256,1
l_h_e,881.429013,1
yyasumizu,765.055665,1
asuku,699.126235,1
tatsuhiro_h,232.959604,1
zer0,447.825987,1
mikifms,609.083407,1
denki_no_akiyama,648.200315,1
ykarako,939.989028,1
zaki_rits,197.619346,1
waione,117.763225,1
Mayten,711.083407,1
yuki013,641.485209,1
cbox360,465.011167,1
kou_7215,373.896112,1
squid0729,180.111374,1
Squid_qwq,108.687250,1
kimi4iceman,291.745281,1
kooozai,526.344985,1
toriroro,386.934292,1
potyama,-185.486612,1
tomoyatakanashi,1131.162338,1
killerrk,840.479721,1
civil_nasu,511.515089,1
shikachii,415.283865,1
SAIF_IIT_JU,876.126235,1
ryora0723,329.911295,1
hamaryo,727.126235,1
sikeking,550.332513,1
usto,1075.663890,1
aoba,557.219135,1
earlgray283,718.344985,1
miyahan,870.027256,1
masa24,300.026857,1
tomutomi,557.542821,1
Yu0x0,386.598187,1
ykprogram,737.474411,1
galileo15640215,374.788414,1
okake,389.281933,1
RRyu,457.611868,1
kazu77,670.435808,1
sazzadrume,-77.906686,1
kazu_1122,131.939759,1
rabster,1402.281471,1
Meshi,510.660159,1
mcgela,569.245245,1
NAG_TLE,342.374630,1
syutotyou,618.083407,1
oziya,872.134469,1
add_bakkers,591.792137,1
hrkx,717.399326,1
rtake,274.099857,1
ryotatake,823.620761,1
pati2,401.093712,1
Jabvara,-152.810654,1
Rize,-192.231057,1
cobaka,492.538227,1
garuda,135.121751,1
Amagi109Souma,146.859232,1
SoltyDragon,40.286689,1
Freddy_me_me2,913.731832,1
shino104,721.688314,1
kuramubon_,864.620761,1
Coki628,1178.900421,1
deisui_coder,919.597958,1
drilldripper,809.688314,1
iNoma,315.288936,1
kkb,577.009063,1
synic,624.932288,1
yoyomion,1051.620761,1
kp047i,280.283949,1
jaza,536.802866,1
nahid597,197.376841,1
tacky0612,584.832003,1
pj21,814.832003,1
matatabinoneko,614.203028,1
marimoko,707.083407,1
K10S16,35.190798,1
tacmasi,766.399326,1
calei,521.748928,1
pepper1240,421.223156,1
Haa,536.295985,1
aki916,568.492650,1
hktech,737.620761,1
bbpink,565.663890,1
amesyu,247.463926,1
kerozou,436.630472,1
mmatthew_43,444.416991,1
S_shady,349.111892,1
desigrammer,467.548912,1
Antony,346.350045,1
gingi99,603.095872,1
easily14,253.307437,1
keiichies,321.557643,1
Nankotsukan,1032.399326,1
yokuda,536.295985,1
wider9,309.362902,1
maisuma,779.932288,1
aruatu,623.504570,1
snorialoo0206_1,309.134434,1
Splassy,-714.002398,1
Zuc,229.709777,1
Re_,192.295057,1
inatatsu,335.653548,1
leer,440.576336,1
Harry325Kitajima,666.330762,1
Phoenix3718,693.501442,1
manaita,344.421009,1
alphalion,329.130665,1
amida052103,725.620761,1
ns191,520.444683,1
besood,224.379172,1
darushino,778.879232,1
oimo23,566.344985,1
kitokun,491.638159,1
i_za_world,-52.846728,1
kintetsu5209,-133.115006,1
konoLv1,580.399326,1
huyuhuyunomi,-395.826821,1
sakanasan,580.606623,1
huyumi625,472.450324,1
yrinda,516.903869,1
genma,213.924991,1
GunseiKPaseri,550.332513,1
arekoresore,652.877238,1
mita2,364.658776,1
Kize,422.772140,1
monjies,1053.403306,1
shugo1107,1003.027256,1
SobaNoodle,639.330762,1
Takaihito,340.920479,1
yuki_zacoder,844.126235,1
pitsu,3.025077,1
ryozer0,289.529209,1
hebihebi,-357.140903,1
zelosace,243.895238,1
ncandy,1068.136066,1
Tohuya_alphA,750.682862,1
socchi999,668.126235,1
oiuytr,316.422595,1
TaikiInoue,790.104954,1
kassy,784.945039,1
Yukibara,658.330762,1
Suponji,18.262778,1
rsklv,241.406960,1
Array_guma,666.083407,1
kanade9,724.027256,1
sakuraink,653.879232,1
lobsak,601.344985,1
yo2_yoshii,174.507005,1
alloc,583.588781,1
YU1ut,759.364371,1
nomorevotch,293.613465,1
hayashik,491.510921,1
MinimumTomato,440.525652,1
arkw,152.409990,1
bitdumper,497.663951,1
kibokura056,-18.221759,1
sheep82,-357.140903,1
yaok,383.266782,1
sugar1023,469.109297,1
i178inaba,737.663890,1
Polter,185.392030,1
yoheiii,455.303058,1
KOU314,535.190638,1
oldsgym,675.932288,1
nano7700,582.344985,1
noboru,242.098764,1
pumpkin10,678.260154,1
toasa,660.932288,1
idon,763.141232,1
marugame_umai,271.492386,1
kaishitaeiichi,395.839456,1
inoichan,536.295985,1
rockman,426.319048,1
kmd123,253.307437,1
Donguri2828,162.572290,1
Loliver,357.138917,1
delaware,95.745722,1
xftpt,359.562884,1
yuyaction,229.393924,1
code1caeser,533.144162,1
onsd,534.061188,1
ine0056,-471.997426,1
ichi_mt,-347.486105,1
Ringo0731,229.037719,1
crame2,594.331828,1
reitetsu,765.001583,1
Mashiro1031,96.858866,1
HighPon,544.281938,1
TrpFrog,82.304012,1
YuSawan,1.080736,1
okazu_dm,798.083407,1
hnustxieyuanfeng,362.494836,1
Hasegawa_frog,534.351497,1
bouzuya,589.236218,1
mizumizu,312.449670,1
ne290179,664.330762,1
someone7140,559.882009,1
MegaChikoritaX,503.806577,1
js0898,358.968067,1
nrkt,591.074511,1
ranomoff,930.688314,1
ken1,582.399326,1
hiroeisuke,351.805505,1
ochomaki,489.362353,1
dett,472.524203,1
ureshi_lips,-273.674161,1
akatuki97,352.616492,1
tuyuri6ka,562.736463,1
fuyutsubaki,182.956667,1
Bomuhishisu,275.552996,1
Algern0n,35.190798,1
iiou16,456.824097,1
Doppon,344.421009,1
liberation,386.598187,1
tmkinoue,636.821757,1
ha1997ru0712ki,381.189773,1
pasyama,349.567329,1
yomogi3,99.576393,1
ryu_shigaU,-419.395993,1
jdkfx,-330.138572,1
unicoonn1,161.400923,1
opq,-251.519241,1
itoHO,154.570785,1
Etymo,536.295985,1
yadoya,-519.326947,1
hennnn9,-14.755628,1
ryoSS,581.111993,1
segatomo,509.465720,1
popo25,253.307437,1
shivam_pandey9,35.190798,1
tokuchi,129.544110,1
kiisyan,282.928777,1
bluemon0919,582.814382,1
procrastinator_6,592.485199,1
shu3,438.369312,1
ebaan,632.027256,1
noapython,-273.674161,1
nya23,172.829544,1
tsuzuki0083,254.452351,1
onextt,382.537239,1
tomy032,366.047897,1
qingzhou,550.332513,1
morikouchan,459.312051,1
matsuo,301.697006,1
kaiware,124.448218,1
soredokojohoyo,495.564027,1
rat,758.126235,1
Wellon,550.332513,1
silatori,536.295985,1
mtgme,284.037608,1
kameisannn09,97.921019,1
Uniden,-18.221759,1
funochiki,95.745722,1
tabaly,-357.140903,1
hiragi0131,617.370070,1
shoma0212,-519.326947,1
Dango517,536.295985,1
mmut,-796.585819,1
kyzk,182.956667,1
takushino,232.958990,1
nishikori_bot,280.843583,1
rinringo,-225.192867,1
skn047,788.773961,1
hsano8,158.690924,1
hidekizumi,-14.755628,1
hiiragi1145,-796.585819,1
kou029w,913.620761,1
nakasonoatcoder,879.276078,1
kawa054,533.033539,1
mathanddiscus,-18.042177,1
plato,536.295985,1
bokken,362.402151,1
poche,680.879232,1
yu5shi8,146.329790,1
kuribo,433.420510,1
masateru,-242.068074,1
sakakazu,448.225487,1
stmtk,870.485209,1
bachi,150.150850,1
kibe,288.886431,1
tuple089,-99.623837,1
iotea,81.709194,1
shakedan,601.275428,1
zigzagzackey,415.283865,1
mugi_to_tororo,207.206516,1
camereon,425.702264,1
pest,515.501442,1
umao1800,376.744408,1
seno0xff,-330.138572,1
Kamaseinu,424.689287,1
manik,324.625392,1
msn,35.190798,1
io_voyage,779.399326,1
ttccddtoki,-79.882031,1
hayabusa,866.967415,1
kamecha,866.967415,1
miramami,-392.078395,1
hnust_wujiawei,413.849102,1
mul,230.427295,1
uji_,486.811436,1
gentlecrow,81.527408,1
josjos7,306.329909,1
rihito_tsuboi,-330.138572,1
SleepyMonk,332.557805,1
s06181110,170.966615,1
macle,365.868160,1
tanashou1,-148.211138,1
koppepan,-419.395993,1
kamonohasi,359.562884,1
sirokome19,862.027256,1
morozofu,-236.972183,1
army,412.566632,1
fbkclanna,980.136066,1
SYoshioka,409.649969,1
skyheart13579,-419.395993,1
popy,335.015587,1
ymdt074,297.307795,1
aisakahiroshi,168.486120,1
fjmrytfjsn,159.371600,1
nekomaru,374.289524,1
Kanao,-796.585819,1
chirimen,-65.155392,1
naoyoshi777,588.421408,1
tonkotsu2019,381.189773,1
png,548.797771,1
pict,-114.819523,1
masakinihirota,40.286689,1
Beluuuuuuga,223.079473,1
Pnatu,-696.654865,1
shione,179.565225,1
keroido2321,144.143866,1
YIN,619.010140,1
rxoxixyxd,873.169089,1
potato1217,-225.192867,1
TagLeon,646.476555,1
caya8,214.252049,1
BOSEKIzzz,288.886431,1
nandehu0323,312.449670,1
cat0125,229.393924,1
zoguti,25.386266,1
pdmpmp,108.006644,1
xmaccode,446.362150,1
kat_ewn,-18.221759,1
takenoko2940,647.638159,1
Ann_G_A,-101.292613,1
shibasab,129.544110,1
CleanerBot358,707.815328,1
goodknows,-9.776053,1
runtalos,731.524316,1
N3RIN,277.172795,1
Dqmaster,-33.363635,1
bluediamond,351.754431,1
snowpond,282.728439,1
gt867ru,14.515835,1
kazukiyuumi,-32.103161,1
kamofu,399.570525,1
ODYK,88.358810,1
jogo,-534.468822,1
hrs499,557.208141,1
ntk_ta01,317.072956,1
koronyan888,-302.224705,1
ac0man,392.605172,1
superoda,605.215670,1
Syngonium,553.171193,1
spawd,418.071333,1
penpen12,602.730468,1
ManaoCode,374.289524,1
yukikaze,88.683081,1
makoto2001,523.926873,1
YutMik,-152.810654,1
keisato781,666.540805,1
scnsh,536.295985,1
noki,443.993884,1
pytic26,490.964511,1
browntoad,-519.326947,1
naotooct25,536.295985,1
mint_min,182.234966,1
asann,-519.326947,1
miiifa,528.921931,1
dekoponchan,316.086490,1
y0chan,312.449670,1
tyamauchi,-607.397445,1
denden228,-357.140903,1
sakesakana,438.154632,1
damedesu,975.812801,1
yuki1985,147.430415,1
nmqpmn,563.331288,1
shisama,514.455267,1
matumoto,124.625613,1
tallho,157.410580,1
adomine,52.146986,1
ao938,-519.326947,1
inukaki,329.535023,1
hnust_ZXR,328.118864,1
xanxus1204,112.916054,1
rinky_atmk,44.075766,1
omurice,-490.156082,1
hashimotojihe,-431.964043,1
huwan,-18.221759,1
pao2pao2,497.839591,1
JamPan,3.584711,1
Nishikoh,311.237946,1
zephyr,-326.077962,1
stomita,469.429013,1
cleanwater,1045.482256,1
gunya,186.288072,1
tym1101,-50.711167,1
chittai,295.521651,1
sy17082,-47.188991,1
ikezaki,-36.300060,1
Satone,35.190798,1
Internet,774.479721,1
Ferho,393.176936,1
hiraku1997,543.457581,1
tadada,215.532787,1
RollingTekka,335.364834,1
Clarisia,446.730468,1
wakisan,401.707091,1
tabt,423.588662,1
takishun,247.948344,1
ZombieMan_JP,373.004595,1
IGI,-215.032771,1
Yushi1958,-163.899423,1
motohim,-534.468822,1
hdkidz,364.658776,1
kentei,457.447459,1
numberyo,-158.757658,1
tabe,-8.566961,1
lucad,301.360901,1
lm1800301410,157.141258,1
Swift_Du,-148.211138,1
I635230,544.519655,1
reede,548.083407,1
shoodagiri,479.430974,1
hanori,190.441322,1
percent,224.379172,1
sns,659.007626,1
megaroma55,25.739632,1
vacc,636.821757,1
yn1323,-796.585819,1
tizberius,-594.150086,1
shirayukikun,59.571186,1
sh1okoh,-77.854871,1
matasuke,977.731832,1
pirop,470.494770,1
aaaaaaaaaaa,331.582089,1
dc_tw,93.699246,1
gibnipetoor,-148.211138,1
Yassansan,731.989028,1
wxz17120003,-197.252066,1
tohliheng,-84.963816,1
d_uchida,450.088416,1
tagosaku,441.208082,1
windowchan,174.507005,1
BOMB_08,567.832003,1
SuperQ,-74.786140,1
euphoria,876.399326,1
ohn2s,272.214087,1
kusoglasses,-896.932008,1
ArDarimoNeruwa,-796.585819,1
kkoi,348.474115,1
Ubntro,-519.326947,1
hashitumo10to,420.208300,1
M0R1Z0,420.208300,1
whiterice,25.739632,1
keikouto2001,372.631533,1
syu0cream,339.484973,1
toptan,305.555510,1
Mukan,-171.962096,1
umyneko,536.295985,1
nino13,81.527408,1
Cycad,577.009063,1
hos,-796.585819,1
thvinmei,790.812801,1
Kitten,332.557805,1
sooolbf,536.295985,1
zwu_2017010531,566.098770,1
picchon,413.925885,1
akok108,536.295985,1
at19990,20.048922,1
KsVierergruppe,273.663107,1
Rein5652,585.126446,1
miyuki_y,190.725442,1
nagoni,35.190798,1
autumn617,433.678091,1
haruhiko28,365.868160,1
muririn,876.126235,1
Raimei,191.850425,1
Jin1101,-52.846728,1
asagao,564.083407,1
Wakamesky,586.429013,1
dotpon,129.047735,1
Tomosige,574.566667,1
Go50,277.172795,1
guetcz,-18.042177,1
r_y,-18.042177,1
AislinnWishart,421.223156,1
mozaic,-180.228221,1
k0syam,291.233778,1
imayarow,264.133005,1
Enstrophy,-73.397018,1
jumpman,457.707694,1
lemonT,577.009063,1
urayamakoutarou,336.944156,1
wayso,781.948771,1
zaki_yama,-171.699330,1
abuCma,-14.937415,1
kharigai,406.802982,1
horusuto,378.786630,1
yuyayuya,449.986324,1
yamamo,469.306630,1
nadayan,552.359597,1
Moyashy,248.199834,1
taihatake,135.121751,1
pumpkin26,-796.585819,1
mahbub_ndc,262.503244,1
tmgm,162.572290,1
arukuhito,-79.882031,1
glycerine_ggg,-149.915706,1
Ayaya,536.295985,1
kisaragi,599.399326,1
lightworker,234.256217,1
kaito_ou,54.323217,1
lemmini,328.118864,1
atzou,-222.071280,1
kanoshin,33.979074,1
capuriko,-194.738554,1
kazki,136.590230,1
mlwaf,530.566309,1
tattcho,-133.115006,1
saba0622,719.929301,1
Ashigaru012,410.409125,1
tShun,246.375138,1
dame,186.136042,1
kuyuri_iroha,518.440982,1
shinobu52,465.011167,1
PatriciaJaques,-530.415716,1
Toshio,418.071333,1
korekiyo_tkhs,19.030188,1
thimi0412,-152.810654,1
inutel,33.079287,1
umagemarc,229.393924,1
chizuchizu,847.098770,1
black_kitten092,182.756957,1
daini,501.663890,1
tetsuo66,805.832003,1
tatsuya515,82.304012,1
ssavi,1028.399326,1
Azure,-74.786140,1
Mya_3,-734.745965,1
Malice1010,-392.078395,1
SabrinaSilva,-673.085693,1
ek,473.423989,1
panda24,413.980577,1
ruidsail06,-76.670917,1
AeRea1,536.295985,1
myamori,-519.326947,1
lvchabing,-607.397445,1
taichey1207,398.138383,1
haruka2003,293.333701,1
teruteru_0,-519.326947,1
YutoCT,10.228115,1
hiro567,536.295985,1
savelir,-79.882031,1
alauda,192.899793,1
hum_op,406.081281,1
Shun74,-197.252066,1
exp_kawagoeshi,412.380624,1
toshi919,454.521575,1
hiroki22,71.215243,1
m_mean,536.295985,1
torisuo,-298.632455,1
aiko,-21.454472,1
r7cancer,-233.640778,1
Ctake,625.553406,1
inaty,527.194066,1
tackman,548.083407,1
KitCutter,36.377720,1
vkappa,590.895465,1
bramth,139.953159,1
yishikaw,-195.549678,1
kunikuni,553.453092,1
tuntunkun,253.307437,1
supercell,103.301596,1
jmoj,-257.209950,1
TomomiMashiko,-419.395993,1
mooom,-248.164100,1
R_HNF,557.542821,1
sz3,-492.291644,1
poyo3125,-257.209950,1
riverswon,321.101141,1
osadat,55.298933,1
Wakuwaku,-61.656252,1
hmd,109.306343,1
aircon28,464.045834,1
Jonas,67.162137,1
nemunemu,-148.211138,1
papamusi,-21.373583,1
kitapashi,330.289166,1
aditya787,227.044373,1
shionhosoda,603.634814,1
senn,-811.727694,1
tekk,286.634262,1
JoyStock,167.544895,1
Nijiro,-607.397445,1
ymnk_kun,-239.490358,1
koishikemushi,-114.819523,1
kanaami,3.584711,1
atoraku,-208.648658,1
waricoma,-53.390569,1
smto,-203.485011,1
fathiyahana_,224.412144,1
natsuki_iwn,1212.932288,1
tsusshii1035,434.669452,1
HIROSHI0635,-18.042177,1
Maluo,235.959904,1
matchan,-696.654865,1
attakumi,-796.585819,1
nabeo,-233.640778,1
brightcat,483.718108,1
futchan,103.037636,1
Lily_white,-136.446412,1
tanemura,717.090035,1
kooooichi,457.611868,1
Rafael113,-94.302205,1
ishida20190503,536.295985,1
fusen,495.700763,1
zuse,-84.963816,1
twinkle,-50.786981,1
jameshuang,906.011909,1
master_coder,162.572290,1
ytoku3,1160.243056,1
medhruv7,162.572290,1
kents,-796.585819,1
matchamura,91.751537,1
RDDCCD,2088.399326,1
yokota999,744.399326,1
tkohei,536.295985,1
mkuwamura,312.449670,0
yoch0906,-297.420848,0
learner000,1171.406551,0
dynamicI,815.638159,0
mlsfa,33.979074,0
isso0424,-171.250962,0
sonsuke,-251.519241,0
akiha123,-90.970800,0
hisaku,-330.320359,0
jack,151.670817,0
ryo_gk,-14.755628,0
jcy16080001,-361.192165,0
lwl2006,682.494528,0
koji022,-738.077370,0
dlrr,536.295985,0
jacky753,-472.808550,0
T_taisyou,402.894313,0
Axion,1224.932288,0
nono_fg,661.083407,0
phong22kk11,1676.413209,0
gaia,767.126235,0
nishitt,49.625079,0
kage,1057.481577,0
reetoknino,82.520318,0
zawa1103,67.883838,0
tnktemp,869.485209,0
