scanhex,2598.083407,1
E869120,2805.660975,1
tozangezan,2917.213033,1
yutaka1999,3678.243056,1
cz_xuyixuan,2454.136066,1
kmjp,2813.881746,1
hos_lyric,3129.812801,1
Kmcode,2626.131879,1
sugim48,3239.200315,1
IH19980412,2958.479721,1
Kurpilyansky,2649.932288,1
chb1975,2384.429013,1
logicmachine,2499.468325,0
lych_cys,2961.812801,1
June_boy,2113.660975,1
qiqi20021026,1922.136066,1
progmatic,2697.429013,1
heno239,2255.057553,1
LHiC,3720.216449,1
yokozuna57,3079.730468,1
hitonanode,2573.485199,1
alish,2653.501442,1
piczaw,2055.784591,1
asi1024,2948.098770,1
olphe,2335.078061,1
tempura0224,2264.318592,1
WA_TLE,3066.481577,1
PIandS,2600.642578,1
uwi,2963.303214,1
sheyasutaka,2447.870535,1
xzy,2242.832003,1
Aquarius,2564.280410,1
cx233666,1992.126235,1
leign,2428.307199,1
Rzepa,2530.731832,1
jah_melon,2488.126235,1
yybyyb,2678.126235,1
DreamlessDreams,1847.731832,1
ariacas,3115.663890,1
zhoushuyu,2217.932288,1
EntropyIncreaser,2108.731832,1
drafear,2495.131879,1
Suunn,1895.415338,1
howarli,2133.000000,1
betrue12,2237.638159,1
kobae964,2826.714047,1
noshi91,2545.870535,1
yarrr,2241.932288,1
iica,1954.534694,1
QCFium,1829.098770,1
mechanicalpenciI,2396.501442,1
kort0n,2272.485199,1
shirowa,1704.098770,1
return_my_2007,2204.200315,1
ats5515,2731.201523,1
fine,1896.132207,1
ferin_tech,1908.088892,1
Winniechen,2067.812801,1
MMNMM,2058.223922,1
KeyID,2790.000000,1
pink_rabbit,1808.126235,1
Suibaka,1917.344793,1
climpet,2862.344985,1
Cerberus97,2500.784591,1
gasin,2310.481577,1
kozima,2066.501442,1
noimi,2057.730468,1
darkfire,1960.731832,1
TMJN,1908.415338,1
catupper,2653.784591,1
math,2714.223922,1
natsugiri,2832.213033,1
eiya,2217.379296,1
sky58,2887.057553,1
trans,2522.136066,1
fedosik,2300.098770,1
sumitacchan,2289.501442,1
kawatea,2862.057553,1
pwild,2461.730468,1
ei13333,2331.030240,1
beet,2644.037334,1
Trumen,2498.620761,1
lessmeaning,1854.399326,1
Trestrals,1934.932288,1
Hoi_koro,2350.341348,1
NASU41,2025.088892,1
risujiroh,2272.879232,1
tatyam,2301.318592,1
luma,2115.051711,1
fragusbot,1773.141232,1
ShadowLight,2327.027256,1
satashun,2644.280410,1
wifi,2654.916334,1
fetetriste,2005.660975,1
goodbaton,2536.057553,1
pekempey,2416.223922,1
chocorusk,2320.243056,1
TAISA_,1879.141232,1
lastans7,2698.688314,1
ngtkana,1951.832003,1
xianhaoming,2504.136066,1
nxteru,2289.784591,0
wisteria0410ss,1845.879232,1
fdironia,1820.126235,1
cocococoa,1932.688314,1
omi,1868.485199,1
yamunaku,2097.213033,1
Misteer,2195.078518,1
minaminao,1993.481577,1
Roundgod,2696.027256,1
TangentDay,2638.037334,1
zaburo,2002.660975,1
riantkb,2565.520399,1
maze1230,2203.163225,1
abc050,2228.379296,1
yosss,2326.663890,1
TumoiYorozu,1810.051711,1
ogingin,1901.213033,1
bgrm,2120.000000,1
sake,2373.731832,1
autumn_eel,2085.027216,0
zerokugi,2683.141232,0
knk,1931.784591,0
Pro_ktmr,1871.730468,0
rahuldugar,2240.638159,0
kzyKT,1918.033600,0
GidroOttenok3797,1815.620761,0
kotatsugame,2207.494528,0
SoulTch,2212.812801,0
tanzaku,2404.037334,0
niuez,1880.817446,0
goryudyuma,1903.534694,0
Lawali,1693.083407,0
hai,2258.932288,0
physics0523,2124.078061,0
Boyan02,1932.083407,0
RpdStrike,1950.083407,0
ogiekako,2431.501442,0
treeone,2104.063228,0
smelskiyd,1600.413209,0
caeious,2187.027256,0
Gassa,2442.501442,0
Neos,1555.399326,0
mamekin,2448.579863,0
satanic0258,2406.030240,0
kcm1700,2644.344985,0
startcpp,2174.041483,0
iwashisnake,1897.481577,0
moririn2528,2145.642578,0
hs484,2066.846007,0
pachicobue,2123.817446,0
triplem5ds,1749.027256,0
cdkrot,2674.501442,0
aajisaka,1991.011909,0
onjo0127,1851.083407,0
summitwei,2572.000000,0
etyu,1800.083407,0
kessido,1889.330762,0
convexineq,1756.057553,0
tfg,2217.879232,0
bigdekopon,1844.429013,0
yaketake08,2294.481577,0
etonagisa,1915.248811,0
primenumber,2033.730468,0
enjapma,1868.579863,0
MB81,1910.932288,0
BackOnTrack,2003.485209,0
ransewhale,1947.131879,0
shdut,2018.011909,0
hirokazu1020,1804.276467,0
Kats,1543.318592,0
daiki_ando,1925.879232,0
okaduki,2023.341348,0
HNN_8127,1635.136066,0
AmSen,2282.620761,0
aaabbbcccddd,1764.579863,0
ytkn,1489.330762,0
lyoz,2119.979853,0
ichyo,2141.660975,0
Danylo1999,2228.485209,0
kenimo,2288.098770,0
Trote,1846.126235,0
smiken,2594.421465,0
tubuann,2153.485199,0
rapurasu,2029.078518,0
ynymxiaolongbao,2390.344793,0
SugarDragon5,1842.088892,0
Rose_max,2167.812801,0
crouton2,1228.126235,0
sansen,1945.730468,0
TAB,1981.118984,0
algon,1833.578268,0
unsre,1707.642578,0
iwannatto,1418.057553,0
m_tsubasa,1604.900421,0
Gear,1816.520399,0
drogskol,1515.638159,0
OZY123,2092.812801,0
idsigma,1709.280410,0
k111111,1672.485199,0
stan255,1429.011909,0
shibh308,1898.131879,0
dollar,1785.731832,0
kotobuki,1394.131879,0
Meple,2212.688314,0
dragoon,2734.078518,0
keymoon,1817.320227,0
mikit,1995.243056,0
Jatana,2205.213033,0
blue_jam,1884.330762,0
hoxosh,2044.793473,1
kenkoooo,1902.051711,1
Motsu_xe,1421.989028,1
shakayami,1793.303214,1
shinike,2016.200315,1
beretty,1542.832003,1
rstoick,1671.344985,1
Tsuta_J,2083.578268,1
nesya,1464.479721,1
kazunetakahashi,2078.118984,1
Origenes,2167.932288,1
Kognition,2184.083407,1
Filyan,2267.714047,1
nmnmnmnmnmnmnm,1869.201523,1
koikotya,1812.479721,1
kamojiro,1343.638159,1
gritukan,2725.200315,0
kqp,2108.731832,0
kcvlex,1800.088892,0
plasmaeffect,1884.030240,0
genkinanodesu,1653.832003,0
mukku,1533.900421,0
shubham__36,1432.275794,0
jiwon0522,2057.280410,0
hamayanhamayan,2255.714047,0
jell,1965.501442,0
phystak,1333.501442,0
daiwakun,1235.216449,0
luhong,2134.932288,0
M_Yasu,934.812801,0
omochana2,2438.200315,0
kens,1241.136066,0
YangDavid,1933.413209,0
fruwajacybyk,2404.730468,0
tanakh,2175.881746,0
aniket9465,1661.688314,0
Dadarithm,1675.663890,0
baito,1396.415338,0
T1610,1802.037334,0
schwarzahl,1755.303214,0
saltcandy123,1659.501442,0
yuzupom,1587.879232,0
haji,1964.118984,0
quiye,1455.638159,0
kema,1656.216449,0
sunshine_chen,1729.620761,0
merom686,1917.181366,0
joaom,1491.538892,0
Hec,2338.056905,0
ishikado,1836.200315,0
zjsdut,1617.083407,0
remin,1849.181366,0
emthrm,1640.688314,0
tsuburin,1773.485209,0
kakira,1593.485209,0
youjotape,1447.027256,0
mcalancea,2460.429013,0
leaf1415,2282.846007,0
spihill,1478.730468,0
toame,1568.494528,0
withoutpower,1559.485199,0
nagiss,1941.730468,0
takoshi,1893.784591,0
Div9851,1887.879232,0
c7c7,1774.096374,0
iry,1339.320227,0
rtia1227,1695.501442,0
knshnb,1667.730468,0
zaki_,1915.846007,0
yassin,1842.979853,0
prabowo,2417.136066,0
sugarrr,2074.579863,0
fumiphys,1669.485209,0
deoxy,2018.817446,0
rahul_iit,1515.932288,0
mich,1489.399326,0
DFNasutarou,1372.344985,0
seica,2010.714047,0
ECUST_fzl,1591.918917,0
cherrypi59,1435.057553,0
lisifu,1930.136066,0
hiro116s,2063.078518,0
daleksprinter,1328.415338,0
hagebooi,1655.932288,0
CrazyDave,1534.011909,0
tashikani,1624.243056,0
toshihoge,1710.832003,0
spica314,1990.578268,0
ogino,2343.932288,0
palpal,1618.078518,0
tspcx,2090.468325,0
kemingsurface,1337.663890,0
amoo_safar,2350.126235,0
Corvvs,1695.344985,0
yaoshimax,1946.688314,0
kenken714,1600.083407,0
hiking,1718.126235,0
roto_37,1627.146899,0
SinAyame,1589.846007,0
m_99,1503.485199,0
cryspharos,1782.429013,0
taka_katsu0411,818.932288,0
kiki33,1291.213033,0
wakax365,1727.280410,0
nooka,1601.200315,0
divinediscon10t,1239.730468,0
gksato,1894.501442,0
lan,1675.213033,0
tangent0723,1572.870535,0
FF256grhy,2025.030240,0
encodetalker,1582.399326,0
kjnh10,1540.216449,0
makecir,1650.879232,0
kt_tenel,1702.579863,0
ha15,1774.688314,0
fest,1537.812801,0
wakuwinmail,1260.485209,0
set0gut1,1739.126235,0
pngn,1621.200315,0
mban,1452.846007,0
izumo,1551.318592,0
silviase,1205.098770,0
ynq1242,1984.216449,0
unit,1519.126235,0
wotsushi,1791.126235,0
veqcc,1588.213033,0
mathlegosuke,1729.280410,0
FMota,2068.579863,0
ikd,1494.046092,0
akun0716,898.213033,0
ryoryoryo111,1473.730468,0
painfulness,1809.320227,0
pqwmL769,1509.832003,0
rausumaru,1634.027256,0
buko,2081.730468,0
tokumini,1727.051214,0
TiK27,1293.136066,0
selpo,1903.534694,0
kagasan,1874.663890,0
kenta2997,1549.280410,0
socha,1503.011909,0
mutuhuhihusenonu,1474.243056,0
Zain,1828.216449,0
kurenai3110,1925.714047,0
dividebyzero,1738.932288,0
Cubic,1285.620761,0
kibi62,1467.730468,0
fiftysevenTGGX,1640.141232,0
kusano,2095.714047,0
monkukui,1690.846007,0
tamurin,1014.429013,0
Tqk,1333.879232,0
Jeremy_Zepto,1469.501442,0
minus3theta,1736.579863,0
dameningen,1499.730468,0
chenhoujin,1607.812801,0
ward1302,1595.832003,0
Stump,1913.126235,0
Gobi,1604.078518,0
kkiriyama,961.832003,0
su_565fx,1292.200315,0
kusomushi,1606.098770,0
okumura,1719.200315,0
lkj18,1371.731832,0
NOSS,1643.900421,0
potoooooooo,1914.879232,0
monman53,1656.784591,0
yu3mars,1624.163225,0
proelbtn,1302.027256,0
HoneyMack,932.932288,0
mokkyu9,1509.832003,0
daut,1169.429013,0
tomoki,1590.812801,0
xuzijian629,1734.638159,0
iakasT,1692.832003,0
ZollingerPython3,1566.534694,0
pontaryagin,1461.415338,0
eikani,1529.318592,0
maesora,1653.479721,0
ikom,1541.879232,0
TanakaTaroh,1613.200315,0
avm,1752.832003,0
hytzongxuan,1627.126235,0
woodline23xx,1318.870535,0
arzk,1596.027256,0
Bobyama,1479.989028,0
calculator29,836.812801,0
chocopuu,1286.243056,0
nikeeshi,1615.932288,0
miyajiro,1896.216449,0
suzume,1945.468325,0
hide1214,1727.579863,0
dAi00,1549.501442,0
integralyamada,1536.415338,0
betit0919,1274.027256,0
nehan_der_thal,1326.429013,0
zundamochi_1117,1789.429013,0
ten986,1960.210085,0
Ryoga_0212,1507.900421,0
pumbaa,547.376810,0
mizuking,1852.131879,0
a2stnk,1995.131879,0
hashinma,516.363633,0
umezawatakeshi,1562.083407,0
kwrig,1314.620761,0
yuhei,1505.846007,0
lapis_Lazuri,1151.485199,0
iehn,2270.481577,0
takecian,1046.429013,0
kalili,1915.344985,0
macaroni,1438.344985,0
shi,1418.578268,0
bowwowforeach,1156.663890,0
theory_and_me,1540.243056,0
nomuDog,1342.011909,0
pytran,1353.900421,0
prd_xxx,1681.793473,0
toru1,1390.213033,0
george24601,1606.730468,0
xelmeph,1542.213033,0
suikameron,1336.663890,0
kubo_nits,1542.870535,0
tatsumack,1487.485209,0
saikoumi,1447.638159,0
kiyomii,905.731832,0
moriiforfun,1477.485199,0
kee,1652.415338,0
kou,1612.579863,0
Chanyuh,1527.932288,0
hibatibati,1219.485199,0
gojira_ku,1659.200315,0
lastpoet,1371.083407,0
ryokamoi,1461.832003,0
wleung_bvg,1817.027256,0
moritaoy1128,1585.083407,0
Naoki_M_,1545.276467,0
kouma1990,835.731832,0
JKJeong,1473.248811,0
int_cl,1823.131879,0
henry_y,1291.098770,0
yoshnary,1724.660975,0
x0214sh7,1516.379296,0
kiseichu,999.620761,0
sumoooru,2007.024494,0
shun0923,1413.620761,0
cirno3153,1746.793473,0
masafumi,1461.341348,0
mashpoon,1065.832003,0
Morifo,1343.141232,0
sansaqua,1403.344985,0
novemura,1549.213033,0
Ksaw,1701.051711,0
pelno,1193.216449,0
n4o847,1617.078518,0
ecasdqina,1682.344793,0
qwqvqwq,1487.932288,0
cotton100pc,1406.098770,0
starve724,1309.126235,0
y60,1611.731832,0
khir,1646.989028,0
shioshiota,1700.083407,0
yutake2000,1190.812801,0
tomboftime,1307.638159,0
frozenlib,1550.243056,0
intnincrement,1390.136066,0
k_k_hiroki,1159.620761,0
sinatori,1369.126235,0
rickytheta,2811.107084,0
ruterute1,1727.344985,0
agw,1509.210085,0
hornistyf,1255.900421,0
walkre,1799.578268,0
TakaakiUmedu,1669.320227,0
tnyo43,1640.638159,0
Shun_PI,1781.638159,0
kmatsunaga,1568.057553,0
Daylight,1625.415338,0
natsuki_iwn,1182.136066,0
Zakky,977.083407,0
tabr,1289.879232,0
plsmin64,1020.732094,0
coco18000,1714.216449,0
naoki2016,2059.520399,0
kr,1127.730468,0
arc,1295.216449,0
Almond,1524.485199,0
Thistle,1877.793473,0
daigo,1232.213033,0
bomac1,1729.141232,0
mohudrum,1439.832003,0
heysan,1122.479721,0
tekihei2317,1467.620761,0
bpine,1326.688314,0
koeru111,896.932288,0
moxn_nxom,1408.213033,0
ttttan,1660.200315,0
freeloop,2040.989028,0
urutom,1566.832003,0
amebicComber,1196.303214,0
knottyknot,1666.638159,0
ktr216,1630.832003,0
taxi1729,1053.688314,0
daikn,359.562884,0
hamuhei4869,1298.660975,0
ganmodokix,1452.011909,0
syawacha,1219.399326,0
numa,1573.731832,0
clavis1107,1595.057553,0
Ryosuke839,2153.638159,0
kng__,1174.200315,0
shogier,826.126235,0
lisbun,1237.216449,0
yamadah,971.200315,0
myun,1320.832003,0
obakyan,1376.413209,0
takeharak999,1138.620761,0
ogit,888.485209,0
cvonder,1697.989028,0
espressivosubito,1724.846007,0
Katu2ou,941.812801,0
shugo256,1296.083407,0
titia,1740.078518,0
k3nNy,981.126235,0
seiyab,1567.900421,0
morio__,1518.098770,0
face4,1692.638159,0
dn6049949,1426.485199,0
mhrb,1608.098770,0
Bantako,1331.303214,0
Bwambocos,1495.379296,0
firiexp,1597.098770,0
Radperia,756.243056,0
kichi2004,1008.900421,0
Ryo2016,1716.223922,0
chocobo,1614.881746,0
T1duS,1456.731832,0
asdf1,1393.131879,0
ikatakos,2007.344793,0
CleyL,1096.415338,0
asaka,1233.784591,0
oshibori,1474.146899,0
kaage,1440.479721,0
AT274,1364.578268,0
Dice64,1033.136066,0
phyllo,1683.468325,0
Sashiming,1250.303214,0
Lafolia,1301.870535,0
mi_tesseract,1663.429013,0
KyleKatarn,676.126235,0
claw88,1848.223922,0
pynomi,1003.879232,0
gratan,1424.932288,0
mizuki,1464.879232,0
tomo0608,1352.485199,0
hamray,1186.916334,0
BSer,1099.330762,0
yuyaterada,866.083407,0
tmsausa,1415.011909,0
gax,1329.399326,0
settyan117,1430.479721,0
sdub,1221.817446,0
yy4,1292.216449,0
ganariya2525,1444.916334,0
mds_boy,1615.051711,0
tanishi14,1393.485199,0
ta7uw,1189.485209,0
proton_1602,1082.832003,0
modiji,1301.413209,0
pappagukun,1426.879232,0
chika_haru,1221.916334,0
agis,1303.579863,0
BlackBracken,767.213033,0
chun1182,1399.213033,0
nimon,1453.688314,0
kakakakaneko,1597.481577,0
sanadayukimura73,944.879232,0
Noimin,1570.276467,0
polarbear08,1544.057553,0
makonagix,1441.141232,0
kyuridenamida,2167.485209,0
blcn,1464.501442,0
okkuu2,1378.136066,0
cm43punk,1214.027256,0
kNakajima,957.730468,0
kuramubon_,448.225487,0
sintan,985.879232,0
tanachu,887.485199,0
hi97,542.213033,0
kobaryo222,1423.784591,0
xuelei,1606.429013,0
n_knuu,1810.344793,0
tako0218,1285.870535,0
abab,947.200315,0
yukiteru,1315.579863,0
Syuko4omi,920.688314,0
task4233,1259.078518,0
cinnamoroll,1776.479721,0
sekiya9311,1640.070254,0
nanika,1234.415338,0
harmokey,1617.793473,0
karasuex54,966.879232,0
sifi_border,1435.415338,0
Axelius,1277.027256,0
i7_yoc,1338.479721,0
snow39,1653.870535,0
yftv6203,1017.578268,0
Micc,504.689899,0
atcorder_eustia,1094.213033,0
juppy,1442.485199,0
hibari2357,1076.638159,0
mitsuo0114,1243.200315,0
TakoKurage,1138.846007,0
kammer0820,1321.429013,0
yousolo,1068.485199,0
pto8913,696.688314,0
boutarou,943.027256,0
Arthur_Lugh,1215.078518,0
apoorv,1274.330762,0
homesentinel,1838.223922,0
kkty,1870.485199,0
sphere_m,719.011909,0
MohamedAhmed04,1392.501442,0
m_buyoh,1782.016071,0
yayoi,1512.131879,0
komori3,1516.479721,0
samarth491,1565.620761,0
yasai03,1171.870535,0
musaprg,814.870535,0
MATSUMAT,1265.784591,0
qqr_i,904.213033,0
cider,1099.098770,0
hideh_1231,1180.578268,0
mattyan1053,1191.663890,0
rrf,1113.057553,0
Kuri174,896.429013,0
Mayimg,1308.429013,0
hiJimmy,1237.620761,0
kojingharang,1542.078518,0
heon,1266.098770,0
maya2250,902.812278,0
lemon_,622.554898,0
qLethon,1386.141232,0
yut071,1486.216449,0
akimotty,903.479721,0
Kanaya,586.344985,0
Hirokazu12,1021.399326,0
theoldmoon0602,1140.098770,0
toku,1246.243056,0
r1705,1472.344985,0
tRue,1343.730468,0
akusyounin,1742.870535,0
IdealLife3,1280.098770,0
Ruloch,1110.126235,0
wh317706,1099.415338,0
amanuko,1790.579863,0
mkyou,799.126235,0
nanae,1752.307199,0
university,1177.660975,0
genomas,1236.620761,0
Hewla,1657.051711,0
zero5970,1435.083407,0
Dishant_18,1330.083407,0
yn0014,785.663890,0
TKO,1272.932288,0
saba,1126.098770,0
rabbit_TR,1866.989028,0
iBotamon,911.126235,0
rodea_0952,1416.879232,0
taka256,1161.344985,0
nicklaw296,1447.318592,0
Ti11192916,1737.520399,0
glucose,1350.126235,0
yonkoaman,1234.136066,0
matsukin1111,934.126235,0
diohabara,885.098770,0
side,856.088892,0
yuji9511,1522.479721,0
popolo5555,1359.243056,0
change441,262.503244,0
toa2525,1734.534694,0
ksi,1388.051711,0
seriru,1084.318592,0
aman9875,1576.136066,0
hogeover30,1394.051711,0
pawan_29,1286.812801,0
char_c3,1526.501442,0
neterukun,1231.344985,0
zawanishi,994.620761,0
kartica,1330.027256,0
HydrogenFluoride,1303.638159,0
tubi,1024.320227,0
nista,343.078588,0
keep_OC,1137.078518,0
Tendaysago,1184.051711,0
MiuraMiuMiu,1459.638159,0
ha4gu,720.620761,0
umison,1244.638159,0
doradorasuki,1088.916334,0
mono1120,696.932288,0
ponponpainful,1124.832003,0
p623,921.663890,0
vpplcb,1109.126235,0
vipmario816,1276.330762,0
hiroaki0615,1231.088892,0
oz4point5,734.870740,0
kokubun0293,1346.784591,0
Ikok,1489.501442,0
yudegaki,986.429013,0
siman,1497.620761,0
hals,505.682980,0
myoi0905,1162.057553,0
torus711,1817.146899,0
Kuromaru,756.501442,0
anmichi,1342.479721,0
ysys13,750.415338,0
punipuni,967.481577,0
tancahn2380,1561.881746,0
uwfdai,1594.307199,0
holeguma,1910.900421,0
material,969.578268,0
cutmdo,1622.429013,0
reihiguchi,968.638159,0
define,1217.479721,0
Fukumoto,853.318592,0
kohdai,1081.011909,0
k_ashiya,1154.213033,0
Digaus,1255.900421,0
ZYCSwing,1806.318592,0
null_mn,1470.415338,0
Risebbit,1352.989028,0
ohshige,1135.731832,0
ose20,1171.501442,0
Okay,1309.638159,0
yakamoto,1443.011909,0
ritick,1662.620761,0
windflower,1575.399326,0
kafuka97,150.021303,0
upura,1211.200315,0
McDic,2094.413209,0
tomarint,1115.932288,0
uni745e,1306.485209,0
Matts966,939.832003,0
maguroguma,1276.011909,0
Shtef,1156.731832,0
slimepettan,620.438491,0
devarshi09,1211.011909,0
ScarShield,1600.000000,0
japanesekeigo,1268.485199,0
kajyuuen,824.027256,0
okaryo,796.879232,0
VTR,1547.303214,0
hakoshie,1060.098770,0
wkb89_,1679.879232,0
misora192,1299.916334,0
alicek17,1307.663890,0
Kant,790.429013,0
sarthak1220,1577.731832,0
Respect2D,1510.083407,0
jellyfish,1075.131879,0
bio4eta,551.467976,0
StarCuriosity,2146.832003,0
Berted,1506.974891,0
NKgiants1110,853.399326,0
occhan,1272.730468,0
sharmajatin741,1268.812801,0
jbyxm,1254.132207,0
tyawanmusi,416.101803,0
tada72,487.330762,0
Valkyrja,1022.879232,0
xuziyuan,1334.415338,0
akariki,1323.330762,0
uchina,1367.318592,0
yuto953,1432.200315,0
sekryy,1151.126235,0
hagyu_aya,1591.131879,0
Apppp11,1538.141232,0
Airone,799.620761,0
RyotaW,949.932288,0
yotaiyo,891.011909,0
rei_k,1128.638159,0
renoyu,1011.131879,0
yakata66,1195.243056,0
bashuuuuun,1048.027256,0
tamihuru,1176.688314,0
rutas123,1364.083407,0
deepakkar,1127.812801,0
hotsnowspring,1034.098770,0
Noiri,948.213033,0
KoD,1060.083407,0
ziroppe,1031.501442,0
shunsasa,1284.078518,0
maguchi,1060.027256,0
fbkclanna,162.572290,0
peroon,1158.200315,0
Yu_212,836.932288,0
tea437354,938.485199,0
thash,895.638159,0
Megane_88,744.989028,0
youluoy,1249.870535,0
shacklebolt,1286.485199,0
aoi_,751.126235,0
AokabiC,1469.320227,0
c_r_5,1244.078518,0
yetnone,1390.344985,0
se1ka2,1172.126235,0
maekawatoshiki,600.851205,0
mnrskym0227,1162.415338,0
plin,1322.083407,0
roimu,1223.330762,0
moikilo002,1320.501442,0
banboooo044,1478.494528,0
pengin,1273.320227,0
takuchibin,1143.479721,0
iTakeshi,1291.900421,0
ei0124,745.027256,0
infrub,1945.731832,0
tomo_f01,650.200315,0
tk555,1185.057553,0
tyb,1681.731832,0
rishii,1287.900421,0
kunal_goyal,1081.027256,0
tacoyama,801.126235,0
Squirtle,1005.011909,0
kfukuta,1384.399326,0
fal_rnd,1631.341348,0
Dotter,358.419644,0
hiramekun,1226.216449,0
Lemon293,696.083407,0
hiro_hiro,825.078518,0
agw02010,887.001954,0
mamurai,877.126235,0
shusuke,1983.413209,0
rsuke,500.338345,0
yotapoon,692.126235,0
v2n,1277.501442,0
bombra108,1258.870535,0
kswrabbit,1386.688314,0
kanra824,1525.429013,0
west_jo,653.932288,0
Namazu,1259.011909,0
Marty_9800,973.730468,0
Ebishu0309,942.429013,0
fshuto,1039.832003,0
rikka,1163.932288,0
makiha272,1467.688314,0
w80707,784.078518,0
tran0826,964.136066,0
kyo1,931.011909,0
Pellier,857.320227,0
duck24,703.620761,0
keroru,877.399326,0
Sokenbichan,362.847229,0
eigh8_t,1104.479721,0
jjjjjjjtgpptmjj,893.429013,0
hato_roll,1494.213033,0
rang00,1008.011909,0
OribeYasuna,919.330762,0
YwelshonionY,523.543420,0
cacao,1188.485199,0
petrouchka,980.280410,0
araiguma,1420.083407,0
kojin15,965.688314,0
hryshtk,945.832003,0
ryu022394,538.255120,0
alumina_8,970.638159,0
skjmp,1271.163225,0
imaichi1191,715.126235,0
wheson,1455.660975,0
guricerin,743.688314,0
Atomic,918.303214,0
Ken_Sumi1019,879.638159,0
seishun_doala,1301.688314,0
moon_27,599.399326,0
iwaiwaiwa,824.730468,0
sakana27071,887.399326,0
tada,1054.832003,0
Nefertiti,853.344985,0
ndifix,1071.141232,0
LCA,949.213033,0
threeStars,923.330762,0
masutech16,1141.429013,0
obsproth,1342.141232,0
you070707,1633.330762,0
fgwiebfaoish,1512.485209,0
saku630,1229.481577,0
mint,1360.879232,0
mamime19,1097.714047,0
AlbertZ,1575.011909,0
picagrow,1365.200315,0
Shinra,656.200315,0
dannygo,1383.344985,0
n0dasalt,1258.330762,0
to12lz,1217.501442,0
shinji,755.832003,0
yly,1121.688314,0
ks2m,976.083407,0
ark27,818.730468,0
rook0809,1201.126235,0
keitanxkeitan,1215.832003,0
wolfmagnate,557.394011,0
csy_,1385.832003,0
kitalice,1094.279861,0
yandy,1069.501442,0
teru0x1,542.482551,0
Kay_Shirasawa,792.338965,0
ryboc,665.330762,0
phanta_stick,1080.900421,0
dicenull,1041.088892,0
monja,757.812801,0
kuretchi,1402.881746,0
RMQ,1668.579863,0
bored_funuke,665.083407,0
paleApricot,582.774042,0
uenoku,1777.481577,0
wkodate,666.688314,0
miku,1566.243056,0
lucky3977,1267.303214,0
shiumai1740,506.688314,0
takamiyaatusi,1080.989028,0
mon10,1304.479721,0
TKR18,1232.200315,0
issan,547.027256,0
youth,1283.688314,0
elaina,694.141232,0
sshayashi,833.011909,0
horiso0921,912.126235,0
azukimame,711.620761,0
I_HATE_JAVA,891.217263,0
hng,1113.126235,0
youx,1493.688314,0
numberes,1150.126235,0
reishoku,218.335951,0
SDESTINY,459.426806,0
mukakego,778.027256,0
shinhiro,335.015587,0
c1729,1667.731832,0
ryoo14,689.832003,0
verb55,1150.501442,0
huwamoko,687.057553,0
ykst51,1353.330762,0
hsm_hx,729.932288,0
shyyhs,1627.832003,0
Atria,551.429013,0
ikanago,510.660159,0
Jin_2004,19.030188,0
ningenMe,1582.481577,0
yuya178,1729.303214,0
Sanou,1127.280410,0
maisuma,3.025077,0
gekko,617.370070,0
parsee1053,848.485199,0
marble0117,1122.620761,0
MotoAtcoder,1108.216449,0
maruny7,890.989028,0
yujidx7,1643.399326,0
junjunjunk,690.429013,0
azara4,1059.501442,0
l_h_e,761.989028,0
Fuh,973.730468,0
stretchybox,1388.243056,0
rinrinta121,566.148455,0
color_kurenawi,760.011909,0
st2d,943.932288,0
asako9494,705.932288,0
mitchieDuho,725.344985,0
Mukundan314,1141.089016,0
Jsimluken,823.932288,0
yuki2006,1239.578268,0
brook,1331.730468,0
Mackyson,976.200315,0
kingyo,1143.501442,0
kanade9,675.399326,0
ttm8761,1470.136066,0
naoya_t,1660.057553,0
Roy_R,1465.932288,0
spinute,1339.620761,0
darushino,702.098770,0
pony_murayama,807.265763,0
kazuhitot,1304.098770,0
Napier1550,664.933017,0
daruma3,470.729891,0
KazukiMH,1641.479721,0
XzA_2123,1556.027256,0
b2563125,1847.399326,0
lilium,972.989028,0
FloyGun,1739.413209,0
togatoga,1635.784591,0
RY_0528_RY,445.318141,0
donut,924.011909,0
earlgrey_yh,1424.213033,0
tell0120,665.399326,0
nadeshino,1332.213033,0
tkkt0001,912.078518,0
taichi31,850.620761,0
grayf,1228.479721,0
masakam1,1148.078518,0
takumikid,1292.344985,0
mpeg31,336.699519,0
tennismonkey01,1097.932288,0
null_null,1213.098770,0
dsytk7,1450.379296,0
popomy,760.142300,0
ishibashijun,1081.181366,0
okitz,1251.200315,0
Seniorious,1463.812801,0
Luzhiled,1770.421465,0
lodnix,1072.303214,0
BlahDuckling747,1241.900421,0
aim_cpo,1376.494528,0
shompepe,701.688314,0
qtk,1472.620761,0
Slowdive,1214.485209,0
n_chiba_,1261.083407,0
dn154,1357.730468,0
Laika,1071.579863,0
sheryang,1223.399326,0
akima,688.843008,0
pocketpair,1163.027256,0
shiita0903,1466.051711,0
burokoron,1094.320227,0
siro53,824.688314,0
iruka,1103.730468,0
muras,1041.126235,0
fuu32,1016.494528,0
kaz1988,1490.216449,0
yuhi0735,159.360249,0
fukubutyo,1296.638159,0
Ry0um4,1100.730468,0
nrvft,921.620761,0
helloerasedworld,704.200315,0
yusuke0710,1100.663890,0
cultivatetsubo,667.688314,0
takechan,815.344985,0
rakka,315.734014,0
Ichijyo,835.057553,0
sanesuke,1070.330762,0
yaminote,959.620761,0
hiroa,920.200315,0
escgreen,935.812801,0
hitoshi_i2,815.027256,0
siiiec,1063.638159,0
nokaruku,814.027256,0
tmcoder,1116.501442,0
arounderstand,1233.429013,0
shirase000,492.730468,0
akarinkof,802.318592,0
HayatoY,1232.243056,0
waccho,1462.330762,0
pmtwice,985.620761,0
koikuchi,940.936350,0
u271969h,1077.027256,0
cowgirl,618.429013,0
Remonn,1009.399326,0
sienna,1200.812801,0
reud,923.485199,0
mitsui321,548.344985,0
ytakaya,958.731832,0
nessie,1097.485199,0
mmnk_atcoder,503.419446,0
sigongzi,2262.932288,0
nakario,1170.989028,0
heian,1227.141232,0
akht,949.344985,0
hango,1057.098770,0
NTargon,909.898343,0
nish23,1133.136066,0
KowerKoint,962.932288,0
bbpink,467.574582,0
keityan,850.932288,0
imharshit,1284.413209,0
crize,586.638159,0
Ricky_pon,1166.011909,0
emanon001,1110.620761,0
Gaozou97,1406.399326,0
kenkyu46,1108.989028,0
kotet,1259.429013,0
took,1003.663890,0
hrn,549.011909,0
hiroaqii,813.515890,0
rainy2041,979.344985,0
snowhork,1529.330762,0
proteasome,1148.485209,0
orc17,1320.243056,0
redultimate,1184.485199,0
mugen1337,465.066737,0
yamamo,261.876379,0
pontadao,665.932288,0
monochro,1083.479721,0
keiouok,602.711695,0
ken_,756.989028,0
yjl9903,1454.731832,0
Nagatuki,793.989028,0
Coki628,1092.638159,0
killerrk,749.638159,0
hongu0901,1062.688314,0
lungualex00,1410.932288,0
namanjain2707,1343.136066,0
kkktym,1258.011909,0
ptt_kr,1637.534694,0
hi_watana,1304.879232,0
nnsr,915.832003,0
masakick,1041.731832,0
HBonsai,791.429013,0
DM7PvTyc,963.932288,0
eomole,1616.989028,0
ting,1160.136066,0
ksfather,998.501442,0
hig98ingro,1403.429013,0
burt_macklin_,1269.413209,0
toromaki,1103.083407,0
midzki,1118.620761,0
eleven,1145.989028,0
sakuraiimuya,847.916334,0
ikasashi,1673.318592,0
yukkuriesu,1628.879232,0
totori_nyaa,939.730468,0
righttoleft1134,1101.620761,0
damekamo,1207.033600,0
Moscwa,971.688314,0
nicolen,721.501442,0
nake,442.469992,0
hpns2592,1469.027256,0
satya26,1030.812801,0
purine,685.319161,0
chanori,823.932288,0
tomcha,892.027256,0
orca1732,692.399326,0
Flyinghorse,1035.731832,0
nmk634,1325.731832,0
benigma,776.389071,0
m_9719,635.023440,0
horikuma,270.176285,0
heidaertu,1371.083407,0
reg7777,1202.916334,0
esio_trot,1231.421465,0
jmwjmw,420.502366,0
nekoTheShadow,1306.098770,0
tarattata,1581.832003,0
sash0,1621.027256,0
Shahriar_88,834.801693,0
albusSamurai,679.730468,0
tnaito0315,1060.136066,0
kvin_MisterD,558.083407,0
rmkt,878.399326,0
akiozi,858.399326,0
ssdh233,1281.126235,0
suzyz,1550.663890,0
SorahISA,1195.399326,0
a1i,1332.429013,0
inudaisho,912.730468,0
yuyu12,680.011909,0
Lilyyy,1182.918137,0
patahene,1231.078518,0
swapnil07,1464.413209,0
Kanabun,809.415338,0
udonko0516,1327.485209,0
hiro_k,698.932288,0
at0x0ft,1075.485209,0
tsjmt,1453.638159,0
miyahan,807.832003,0
oikw,1106.812801,0
grun1396,999.131879,0
Lee2004,590.057553,0
kakkey1964,1095.812801,0
yuma220284,1076.812801,0
mosamosa,1135.663890,0
xenon_chem,813.900421,0
Pkodama,539.580330,0
KOSD_Kazuki,944.134814,0
oevl,1153.200315,0
Vanilla1810,519.107731,0
Risen,1398.784591,0
yoshiyoshi1206,696.805458,0
KKT89,555.428405,0
ants,811.126235,0
wdkkou,869.479721,0
goldfish,558.083407,0
yiqi2qi,573.989028,0
tshirakawa,1667.399326,0
tetsuro1919,628.027256,0
rutempe,439.831163,0
xiaoshizhan,1344.027256,0
LYYLYY,1592.731832,0
kimura1821,1017.330762,0
micklo,1056.011909,0
season,1213.011909,0
schwarznecken,1410.832003,0
tatuyahyahya,710.620761,0
C05,1075.932288,0
toof,1188.479721,0
muatotto,1008.051711,0
Ryuu98,881.083407,0
miyuush,495.790277,0
SpokenLib,1417.098770,0
robertcal9,775.598483,0
igarash1,1379.832003,0
es135,836.213033,0
arfz,1172.989028,0
mt_kuma,976.330762,0
schwert,434.669452,0
lusingander,506.652796,0
svanO,1450.731832,0
nayuta,892.879232,0
kanibase,958.083407,0
BARISU,730.932288,0
m8867437287,1045.482256,0
ococonomy1,694.027256,0
KoyanagiHitoshi,866.344985,0
telling,-90.970800,0
kobyn,800.344985,0
Dente,617.958924,0
herzreise,606.583750,0
odasatoshi,1078.098770,0
pointN,845.751522,0
katou_113,259.715585,0
kusarimodoki,861.932288,0
izac55555333,743.213033,0
toyama,1223.494528,0
cedretaber,1313.479721,0
ikuhiroo,36.377720,0
yk356,471.586176,0
long_long_long,1219.126235,0
nadare881,1565.088892,0
amyu,1078.989028,0
moshimobox,504.025007,0
carrotRakko,1286.330762,0
kafuhamada,933.344985,0
tute7627,1015.136066,0
epaew,842.932288,0
kita3bb,637.832003,0
algdct00,286.627875,0
puvon,998.136066,0
zato,934.360112,0
ne290206,1133.330762,0
hoper,528.054203,0
octo,1166.330762,0
sosuke115,722.083407,0
toshiba66,510.660159,0
subway,1170.479721,0
taki_g,678.126235,0
sarf,938.620761,0
ageru,980.243056,0
ktn9,571.429013,0
Shimana,728.126235,0
mkawabe7,460.215539,0
YamagenSakam,1132.468325,0
SobaNoodle,648.027256,0
Example,-18.221759,0
bachibachiman,589.200315,0
kuro,1009.501442,0
Tommy6,1245.485209,0
pei166,863.078518,0
paruma184,959.126235,0
muditgupta,609.730468,0
JERRY,1282.501442,0
Maitneel,813.663890,0
Rein5652,410.134387,0
swkfn,1048.141232,0
tomy,1361.415338,0
hitodeman,716.764247,0
WB_hacker,521.330762,0
mot,892.731832,0
satake,892.932288,0
sekiyn,666.011909,0
Molukhyyeh,711.126235,0
katand,1446.216449,0
tanba,1093.714047,0
Alt3,1649.415338,0
YIPG,1255.373667,0
skhiuk,691.126235,0
chuxuan,906.731832,0
BLAHBLAHBLAH,1303.812801,0
Umisyo,-52.846728,0
clacking,496.060403,0
luckyno9,764.663890,0
nuts,1423.429013,0
hitting1024,878.620761,0
vivek_zi,1126.731832,0
mathda1,1697.688314,0
kosuke1012,934.501442,0
Raguon,733.663890,0
piro77,704.013017,0
DarkYoshi,1051.900421,0
Sophie1234,421.238934,0
yurari29,326.448017,0
jianzhi,2125.832003,0
urumeiwashi,1298.280410,0
ryo111,585.399326,0
hide0903,526.098770,0
aqucialtpf,745.774825,0
lofu_imgkr,1126.046092,0
hhirai,1248.320227,0
ktateish,1238.663890,0
earlgray283,496.517276,0
tikictf,929.213033,0
copy,632.972154,0
Bake,1415.185816,0
conan_0,1396.136066,0
koshikura,1198.932288,0
honda0ko,950.932288,0
chachachiya,457.611868,0
bunstturnen,-84.963816,0
koffee,801.126235,0
minagi,888.579863,0
pit611kepo3054,809.916334,0
yoshiki1123,646.415338,0
konoLv1,374.289524,0
shioree,915.126235,0
masaemon,630.152922,0
sasakama2406,638.688314,0
himagineer,346.400017,0
flow_6852,329.668399,0
shimaw28,759.027256,0
tamreff3290,1154.501442,0
hachi88,1023.330762,0
Nalga,915.620761,0
ichgw,761.663890,0
Manyhomete,1238.452715,0
al1ce_nanka189r,1034.620761,0
Kenkoro,936.429013,0
mtakushi,1281.216449,0
avion,965.027256,0
kametaro,935.900421,0
teacat,674.126235,0
k0kubun,1351.344985,0
wm1777,860.126235,0
kento_kun,1070.812801,0
kyawa,739.520887,0
zaubermusik_i,809.812801,0
hanbeidayo,915.879232,0
ogy,671.879232,0
MtL,511.297935,0
klno,608.989028,0
gobou0516,326.939229,0
nao_2c4,1062.731832,0
ataronus,731.175069,0
calc,1076.344985,0
prnrg387,1040.126235,0
jam_game,1237.413209,0
Nightmare05,1750.812801,0
yoshrc,1291.501442,0
zrz_orz,1226.399326,0
ikazuya0201,1131.879232,0
Ashurnasirpal,1796.916334,0
kk09,1318.620761,0
penicillin0,904.399326,0
watason,699.213033,0
OvThAlmin,795.216449,0
mohuneko,1396.330762,0
yoku,582.632595,0
bucchi8,962.136066,0
s0fa,1193.731832,0
Walking400GB,751.485199,0
iwkjosec,1096.638159,0
bplain,922.879232,0
aixaxia,1146.126235,0
yosiiii,1110.330762,0
long_long_float,1417.413209,0
ryuboku,828.415338,0
torokon,1286.638159,0
yudedako,1983.216449,0
shidenvip,1291.399326,0
toshi17,964.501442,0
Aman_98,1118.731832,0
amezaki1007,915.663890,0
Lily0727K,790.871074,0
toto61,-142.137121,0
setsuna,635.083407,0
makkii,585.027256,0
yoshiki_shino,849.344985,0
hrbt,1261.979853,0
Rainin,1089.485199,0
wither,1255.027256,0
daikon0425,544.723282,0
kahuu,1778.413209,0
nishiki,402.441843,0
irxground,885.291229,0
kwfumou1242,1622.730468,0
kazurego7,297.605779,0
zda,381.189773,0
murata,1483.832003,0
numatanumanuma,780.083407,0
apigoflily,880.027256,0
ariku,605.377737,0
naosuke,124.448218,0
shouth,844.467412,0
kan_ki,580.606623,0
KEN_RP,998.027256,0
gdmiwasawa,1360.812801,0
myoshidq,550.213702,0
ysawai,457.707694,0
ryorikenkyuka,52.066006,0
Bloody_Yulii,1031.344985,0
ykskks,122.422272,0
ikea0064,1218.579863,0
arjun_9426,1322.688314,0
suicla,394.598454,0
tokageya,526.377811,0
new18,855.501442,0
ag_kirara,832.126235,0
syunsuke,1259.216449,0
nsht,879.812801,0
nuhunune,791.083407,0
mobtake,866.967415,0
seeker7200,845.731832,0
shizukacode,662.083407,0
Samejima00,810.620761,0
kappahouse,1480.413209,0
tks3141,736.832003,0
KumaTachiRen,944.620761,0
Mr_J,1413.731832,0
fujitsubo,1048.136066,0
paddy_ist,622.330762,0
s14ti028,1038.318592,0
yuiop,1837.132207,0
himyzk,294.987576,0
MineMine005,135.121751,0
k_kjm,280.283949,0
Casta46,1044.989028,0
YamaguchiT,1350.730468,0
ellio08,366.047897,0
licht0,493.461485,0
dudubao001,1153.989028,0
yuno_miyako,1144.330762,0
iaur64,716.213033,0
nagitaosu,803.146765,0
rk222,1050.126235,0
jyoti123,-519.326947,0
outs1de,588.421408,0
ruri_py,550.332513,0
mjt,1564.812801,0
uturyo27182,1249.812801,0
vraisamis,854.620761,0
OP24,883.620761,0
kxc01141,791.399326,0
keib,1123.141232,0
hy1004,1627.501442,0
bansakuaoi,951.193322,0
LeonJoel,979.078518,0
Gibson,215.602620,0
skn047,359.562884,0
wikrsh,1221.688314,0
reluka9339,1085.429013,0
denki_no_akiyama,492.330762,0
sktaro,275.100724,0
yasunarist,950.136066,0
ryok1107,444.803767,0
rarusun,349.111892,0
odz,1085.638159,0
Powerword,311.237946,0
koitan,914.429013,0
atchi_coder,860.638159,0
DongChengrong,1156.330762,0
Yamochi,745.000425,0
blackstone1,1109.812801,0
kinetock,214.252049,0
Kitaasaka46,792.399326,0
kibuna,1406.812801,0
kakeyamay,754.344985,0
mrtakosu,850.344985,0
penpen12,460.429013,0
chizuchizu,793.501442,0
goto_isyuku_dev,679.126235,0
yatuba,1546.098770,0
batayan,327.073477,0
Pine,557.394011,0
naru1,364.001519,0
dimorportheca47,464.045834,0
maru_de_,1568.057553,0
kitokun,421.678852,0
maron8676,1020.932288,0
mdstoy,813.126235,0
huas_lqy,1315.415338,0
mohi,1039.479721,0
k_t,448.043701,0
Tatsuyaaaa,799.399326,0
chomeyama,919.320658,0
Yama24,776.870535,0
yochan,956.731832,0
xml9shiki,1128.793473,0
Ice_in_juice,1556.078518,0
Johann,636.821757,0
Today,713.429013,0
lobsak,543.457581,0
turenar,1684.620761,0
toasa,537.289277,0
Alice_Claire,1261.812801,0
Jonki324,654.083407,0
luke8,1013.620761,0
sash,1368.083407,0
mikagi,895.126235,0
lduxiewenguang,683.340153,0
munazo,1124.832003,0
cplusplusonly,1497.812801,0
topaz13,972.429013,0
huma17,1243.200315,0
Custom74,-101.292613,0
Zu_rin,613.958391,0
smina,885.479721,0
koluku,611.222654,0
mofumofu1,214.252049,0
hocashi,315.734014,0
mochi_yassy,433.834099,0
R_R,602.017206,0
meciwo,720.885112,0
hidollara,1437.501442,0
rmizuta,1144.916334,0
ya38djr,457.611868,0
reitetsu,626.002978,0
howahowa,1387.213033,0
y_tsune,1020.200315,0
davi0015,1596.812801,0
koukyo1994,594.875597,0
pika53f,650.243056,0
marimoko,514.111092,0
LHYLHY,-18.221759,0
rikupin1105,282.578950,0
makishimutomato,353.907366,0
kotorigasatori,443.403203,0
osakanamaru,845.812801,0
rona_tombo,-180.228221,0
myanta,1398.534694,0
YDKK,793.379188,0
jabelic,342.374630,0
Shizuku,820.634688,0
oimo23,313.454806,0
mTetsu,656.832003,0
haruyaman,910.083407,0
strixuralensis,-152.810654,0
macho_uno,1204.344985,0
hato3617,300.305911,0
sbite,1480.415338,0
Internet,704.415338,0
oiuytr,-24.965832,0
sg08,858.485199,0
m_m,551.467976,0
socchi999,568.492650,0
aya_se,359.562884,0
tonyu0,558.083407,0
yoramu,610.399326,0
ryotaro,808.620761,0
LitingYuan,333.514719,0
moke,819.344985,0
sugibad1412,805.213033,0
usto,1085.989028,0
satory074,483.570702,0
P4co,985.731832,0
shion400,553.171193,0
yutanpo,1091.216449,0
h_16110s,582.104954,0
wakasa511,982.344985,0
daichi_0224,491.462651,0
JPnakamura,874.318592,0
kasu_miko,614.663890,0
uron5101,528.054203,0
mali_chn,438.369312,0
Harry325Kitajima,634.344985,0
LEE_0102,1267.098770,0
cistertail,512.103663,0
ryuNagai,809.688314,0
o_ologn,1389.620761,0
natsumikann,617.370070,0
so510,403.935586,0
iosink,1235.620761,0
butterfly1026,1435.663890,0
inlsea,689.639496,0
tnkm,439.831163,0
Monotrea,817.620761,0
HK_nnn,900.027256,0
penkuririn,1128.989028,0
kiryu,-242.068074,0
kaisei3,321.101141,0
huwenbo,1610.731832,0
morymory,751.083407,0
yuchiki,1323.330762,0
iPolyomino,866.620761,0
s8ita,535.190638,0
keserasera_77,567.330762,0
tmitanitky,1173.812801,0
keigow,1128.620761,0
lakiryt,656.027256,0
seijochan,910.344985,0
zer0,1.080736,0
WooCie,1080.620761,0
estis,517.098770,0
toropippi,1000.731832,0
agnyan,710.415338,0
tattaka,811.812801,0
koda_1017,668.832003,0
meu,390.618322,0
mski_iksm,658.448645,0
eita0368546,732.663890,0
readonly_true,197.376841,0
Tunelick,812.343134,0
shopper_3,99.900921,0
mod_poppo,1192.413209,0
fukki,1479.399326,0
backup_noob,1589.620761,0
momongaclub,584.182126,0
issei,992.731832,0
alextxu,1713.812801,0
muhi_,490.902233,0
awaracoder,1097.620761,0
glia269,1193.663890,0
gyuudonn1222,500.663890,0
Rikuya6,691.916334,0
hattarist,977.932288,0
shirasu,814.741780,0
lovehotel246,843.399326,0
Nankotsukan,982.136066,0
qsako6,865.126235,0
tomatine,287.902373,0
ppphas,788.832003,0
mkjiro,862.200315,0
papino,1012.620277,0
bababamizu,671.344985,0
mkawa2,747.712300,0
equal_l2,612.623706,0
miso_5_9,442.469992,0
PG_23,175.355826,0
IRcpjs,589.501442,0
kMotz,979.989028,0
moga,730.663890,0
frog2002,760.399326,0
ryuan71,716.764247,0
osamu329,992.932288,0
yakisobakue,644.855901,0
rohna,800.399326,0
nik7,1538.506360,0
Shirasu1212,81.709194,0
tsutaya,1013.485209,0
Easy_AI,1079.126235,0
gaudi08,990.318592,0
nyhuang,1358.083407,0
swallow1031,1131.126235,0
shirohevi,759.027256,0
onitakenoko,511.879232,0
nano7700,438.425348,0
phykmqqq,1252.817446,0
hemnath_d,1251.731832,0
Neco,-242.068074,0
tsuyoshi21,512.459379,0
Hikamyon,538.279515,0
yuyawk_0908,381.189773,0
Array_guma,596.855496,0
yishuhan,875.216449,0
netyo715,431.724535,0
Kiona1018,1408.785680,0
gengogo5,483.314499,0
takedarts,1195.731832,0
jurichhh8,1264.136066,0
reede,366.989265,0
GOI,545.452825,0
karmaninja,895.137470,0
Jumpaku,837.126235,0
autocodism,1722.731832,0
seema,1265.011909,0
asasan,542.482551,0
mnao305,474.907945,0
Arakoma,108.687250,0
SoRA_X7,359.562884,0
kurgm,1852.485199,0
poina,1159.932288,0
hrichii,312.449670,0
thishi,1128.731832,0
fastso,607.548038,0
Alpha_giraffe,939.812801,0
serisho911,1018.832003,0
mina2000gt,835.932288,0
hikko624,342.237170,0
crow31415,457.611868,0
tyataro,350.509978,0
tokotoko7777,889.688314,0
shahraaz,1097.399326,0
abh_u,1127.731832,0
momohara,558.102456,0
Wakamesky,537.011909,0
Khmer,640.966081,0
wysmm,1323.688314,0
yuta1402,1009.832003,0
ymduu,1319.485209,0
mouths,873.731832,0
Ruki,1039.812801,0
Tarara,1076.266672,0
gomatamago,873.200315,0
taketake1818,490.964511,0
TISparta,1630.413209,0
Christopher_Yan,1109.620761,0
fetburner,1602.131879,0
kno,137.220211,0
ankokumoyashi,673.701132,0
temu,297.605779,0
ganden,502.859433,0
montpetit,576.758775,0
drilldripper,894.832003,0
yuki1997,1509.027256,0
shoot16625,536.295985,0
sirokome19,756.126235,0
yoshinGO,-195.549678,0
ms5,414.193149,0
swimcamera,276.194220,0
shirakia,1179.620761,0
tktk_snsn,522.330559,0
noman,1166.083407,0
woyuki,711.730468,0
akibo567,545.083407,0
hamukichi,1256.979853,0
Cmer,1068.485209,0
naum,795.812801,0
bagpack,589.708542,0
rhincodon66,1227.900421,0
hm0088,1000.989028,0
tmiya0107,867.126235,0
mochi32,828.812801,0
KUMAWO,947.086735,0
FLT,669.872210,0
passer__,1176.126235,0
Tatsuemon,541.391877,0
fgnb,1193.620761,0
awk,595.747772,0
yotuha,631.501442,0
piyopiyo_hiyoko,989.674919,0
kou_7215,234.844791,0
T49E2,1381.011909,0
jupiro,1037.399326,0
io_voyage,526.844819,0
euphoria,899.644560,0
pseudo561,1294.200315,0
tk7110,134.103017,0
ugnom1121,1168.011909,0
hylian,1229.399326,0
masakun,884.932288,0
loongtail,935.730468,0
severrabaen,633.638159,0
yuma25689,533.193819,0
mathyuuugo,868.812801,0
yapoo,1363.501442,0
YutaCI,421.223156,0
mysk,668.838840,0
rentororo,36.213991,0
Chamaelenmu,480.211847,0
kamiyaowl,586.875330,0
ulan4,809.932288,0
tkj,1626.812801,0
orttm_comio,35.190798,0
faraday,875.620761,0
ddtkra,647.989028,0
cleveland0714,117.949095,0
OAsa,678.126235,0
ykmaku,1323.846007,0
BkcT,353.351580,0
okuni,960.136066,0
d_chan,762.812801,0
neetsdkasu,1212.096374,0
andooown,872.126235,0
OvO_3Pst,687.644749,0
aririri,1303.501442,0
harady,1259.579863,0
hmdtarako,642.200315,0
crame2,514.885403,0
yydoco,1567.688314,0
bostonzarigani,881.303238,0
fish0504,280.135138,0
Y_dev,1328.812801,0
Kandam,817.832003,0
simratbrar,359.562884,0
katsuda127,682.932288,0
tokachi23,788.126235,0
xish,1439.330762,0
nuigrm,508.989028,0
Lathu130,406.802982,0
fellp1,-152.810654,0
cot57,390.618322,0
oich,1357.212206,0
sewage,1342.083407,0
kaede,895.344985,0
kory271,1363.479721,0
instantkill,1420.832003,0
tncider,498.629177,0
krn,287.902373,0
e186jp,624.932288,0
yta_smh17,1738.485209,0
M_yuhki_,1069.485199,0
km1216jp,949.318592,0
pumpkin10,577.009063,0
crifux,412.380624,0
siiiii1107,1233.399326,0
Fugitsune,647.781346,0
morokko,677.071446,0
torikago,162.572290,0
hilenet,606.027256,0
poltol1,-18.221759,0
yukayama,643.306770,0
syutotyou,306.366633,0
ohyama,35.190798,0
masao96328,516.363633,0
cohey,809.344985,0
mikikusu,872.098770,0
ha22457098,908.509189,0
eQe,1246.485209,0
nemurin,402.186468,0
amaturi,550.332513,0
ryuichi1208,208.519504,0
Hecatia,-152.810654,0
Bookends,1117.638159,0
kaz68,1141.089016,0
Hasegawa_frog,475.822636,0
niszet,585.126446,0
ShibuShibu75,348.474115,0
masa6372,287.902373,0
hypergori,547.451559,0
te_ne5525,418.481577,0
Linus,1429.638159,0
statiolake,1427.330762,0
chahan69,1586.200315,0
ikasmith,1366.213033,0
hururu,1294.485199,0
tokumaru,725.517331,0
bereke,507.130112,0
dbftdiyoeywga,632.243056,0
yukipen,124.448218,0
YukiDaruma,1113.784591,0
siesta,162.572290,0
tatiuo,106.007910,0
okateim,1565.932288,0
UtopianF,636.045152,0
shoodagiri,486.349559,0
pest,343.389600,0
Jacopastorius,373.004595,0
rose_gold,761.501442,0
pierre,652.638159,0
tShun,177.997669,0
mikikun1959,1010.415338,0
YukiShiro,550.730266,0
shimataku,527.194066,0
ynobu,390.173553,0
ccppjsrb,812.126235,0
kara,345.142710,0
silky,607.330762,0
mtst1,790.879232,0
Autumn_A,1316.216449,0
sopurani885,886.714047,0
kinokino,441.759174,0
numnum,539.243744,0
txaik,344.004795,0
sw8iyla,1152.413209,0
yohm,1313.126235,0
Shephy,490.964511,0
BSC_exaltedorb,909.399326,0
ruia_prime,1072.731832,0
hktech,406.081281,0
x20,1821.030240,0
checche,197.376841,0
outk,288.886431,0
yniji,877.083407,0
kanpurin,759.364371,0
oonisi,124.625613,0
takayasu,374.070975,0
sakaki_tohru,974.501442,0
teacup,995.663890,0
ACCUP,1089.479721,0
Hyado,791.812801,0
matsuu,943.399326,0
cand,816.399326,0
tato,826.832003,0
ryotatake,439.831163,0
nt1010,584.182126,0
antontrygubO_o,2345.126235,0
xlxkazuki,889.932288,0
zlfp2018,924.126235,0
leaftommi,351.805505,0
nuaaaaaa,265.223679,0
gmmtea,820.634688,0
katom,1045.620761,0
TongXin,382.977409,0
komichia,1355.011909,0
fooractal,1955.916334,0
gott,1101.344985,0
Shunhattori2005,163.317464,0
cinnamon,747.688314,0
cellphonium,498.501442,0
motacapla,968.200315,0
circus7,498.258722,0
terafon,916.620761,0
ooharabucyou,819.027256,0
sirogane0j,267.745586,0
Cucumbergreen,1001.136066,0
anaimiyu,536.295985,0
mzthr78,450.985283,0
nojobcen,229.393924,0
idaten,1517.415338,0
youmts,1437.413209,0
Ringo0731,105.559543,0
kazyk,1139.367754,0
megafepsidarcq,612.274459,0
kokekoke10,869.620761,0
mini4141,1286.344985,0
keiiiiiii,-287.034925,0
AlphaBubble,-79.882031,0
developmaso,703.730468,0
kt_soup,635.208204,0
yakutou,716.126235,0
Neroldy,1134.415338,0
catoon,1731.216449,0
MUF,550.128770,0
sho0126hiro,113.359449,0
shinobe,484.415512,0
NaokiOsako,628.837750,0
Nanashino,99.633508,0
tonnnura172,807.620761,0
takahiro55555,352.894050,0
Ryoya_1053,259.037113,0
szk3y,1289.989028,0
asamas,1074.501442,0
jimmychen,1600.000000,0
shop_one,793.344985,0
hsawa0709,882.731832,0
killer_khan,1206.136066,0
naoyoshi777,636.226939,0
cowkami,417.095677,0
petit_sophia,317.545562,0
amata1219,714.932288,0
takahiro0224,572.212372,0
nilesh8757,1151.501442,0
shimon24,632.972154,0
dyuji,737.458517,0
Yumaski,696.932288,0
arkw,-472.808550,0
arknave,1684.932288,0
nyama,1311.832003,0
youenn98,1524.261531,0
tomu106,1051.663890,0
Shaketan,990.213033,0
tkdshi223,445.832968,0
jiisukekun,-225.192867,0
popunbom,124.448218,0
Sukegon,382.326476,0
kingofwhitestone,489.143804,0
NmaViv,338.419863,0
yoichiro,874.202460,0
kenchalros,773.083407,0
Itatatu,721.688314,0
nsasaki128,924.618748,0
nishitt,-7.082588,0
ate,803.200315,0
shakedan,312.449670,0
tnag,799.181366,0
miyaaki,-519.326947,0
exaMG,776.144434,0
yoko,991.429013,0
Dazzler,1323.638159,0
Rajib_119,1397.688314,0
Ravenoux,892.989028,0
rennkarasu,-222.935655,0
whisper0077,961.193843,0
sheerandai,725.344985,0
iemon777,955.731832,0
meooow,1991.932288,0
fipoasjp,-25.595814,0
orzhjz,1704.731832,0
cs_tree,1464.932288,0
xryuseix,930.083407,0
nekoder,894.415338,0
mistel1211,170.966615,0
kooozai,243.713451,0
akathil,1782.812801,0
hotiket,786.327471,0
kebus,1037.011909,0
koudai,876.932288,0
matsuren,707.638869,0
mickey321,1136.310414,0
mkmk,164.887433,0
vibage,1134.399326,0
noma0722,547.344985,0
hasamaku,651.330762,0
SAyanada,463.883049,0
tikirou,539.027256,0
ido,431.724535,0
nishiokun,644.248137,0
aru47,470.158665,0
fugutarou,262.503244,0
Dakuon,506.978413,0
nekoroko,707.989028,0
soygif,492.791659,0
norezark,762.083407,0
everydaynamake,24.102029,0
yeha3015,682.630726,0
hkrhashi,609.663890,0
rscodes,1252.501442,0
trasta,647.359876,0
pps,1161.501442,0
oldsgym,547.467943,0
KuroUron,547.435157,0
ar44denchi,256.944990,0
vivek_shah98,1208.083407,0
gashira9242,-79.882031,0
steam1523,605.399326,0
kyosuke0924,1006.663890,0
heisay,757.027256,0
omu58n,641.399326,0
capra314cabra,1252.213033,0
chanteur,891.217263,0
sakebook,453.225131,0
daira4000,1120.126235,0
hasesuns,229.393924,0
Pagliacci,590.514712,0
Alnus,760.126235,0
bluexleoxgreen,859.620761,0
kazuki2105,207.983342,0
goldenfishwolf,1104.136066,0
physalis,688.083407,0
near0401,992.485209,0
p_8ty,948.501442,0
uehznsuhxpjgy,340.661565,0
StoneDot,1422.663890,0
outline,701.330762,0
ldurg180120,291.039088,0
iteresa153,336.699519,0
sumou1011,554.868815,0
Fu_L,1294.216449,0
akizora,509.989028,0
kekke,411.361889,0
sakuraink,690.485199,0
Grasper,561.344985,0
noriwo7,435.093754,0
Tatsuya_san,707.620761,0
kaisei705,581.213033,0
nozma,829.932288,0
cn449,1203.932288,0
AtamaokaC,1252.663890,0
browndog9314,660.344985,0
int_tt,381.189773,0
benzenehat,681.637765,0
takuya032,427.284201,0
ciel0217,-12.035193,0
shugaku,62.226101,0
meee,214.252049,0
daini,511.027256,0
Bondo416,971.415338,0
enkdkn,381.189773,0
never9612,451.429013,0
iekimai,821.932288,0
krag,49.814604,0
river39,665.872177,0
renjyaku,312.449670,0
hedral,885.761091,0
tmhkmchd,915.267551,0
synic,291.233778,0
nyuki6616,457.611868,0
ban,360.821908,0
G_kenkun,399.681144,0
muscat,201.814226,0
unirt,503.688314,0
crom,882.210085,0
murnana,326.685073,0
koyamaso,882.501442,0
BOMB_08,287.902373,0
showyou41,688.330762,0
Tesla,427.280176,0
tanimanianima364,193.365716,0
khksmt1999,695.330762,0
k_6101,717.688314,0
NishiYuki,776.399326,0
masu1208,1113.078518,0
Clarisia,386.928149,0
heripiro,182.956667,0
sahdsg,1248.209296,0
ttyskg,1035.399326,0
Tap01P,514.299530,0
ju0ar,460.215539,0
tijooptvlf,486.225082,0
ishzat,739.399326,0
mintsu123,460.199644,0
valusun,674.126235,0
idon,779.057553,0
phos,720.083407,0
hidemaru,479.731605,0
kekke28,1570.731832,0
msfmfjt,728.331346,0
autumn617,268.543200,0
tanaka337,234.256217,0
Ashigaru012,-152.810654,0
timkaze,566.145303,0
Ruckt,446.523099,0
mio2,-192.059913,0
raoZ,536.475567,0
kurarrr,1657.870535,0
mello,477.474980,0
huyumi625,162.572290,0
akihiroy,826.010131,0
kinchan8434,688.843008,0
nuzpuz,866.330762,0
ak992,116.671950,0
Noyuhiru,407.341755,0
Ashishgup,2091.485209,0
takytank,453.899341,0
hntk03,638.832003,0
sigma17092,-52.879700,0
qwer789qwer,254.273401,0
beat7000,583.344985,0
Hum1060,404.290475,0
bin101,909.620761,0
MoSooN,532.660623,0
suzukisan_love,768.870535,0
lokpati_10,1022.399326,0
tacmasi,629.064377,0
agridrama,981.027256,0
iva7,629.875364,0
gltlr1003,308.874130,0
skaw,773.620761,0
harumakki,113.366953,0
datch,-18.221759,0
sunyryr,1006.620761,0
calcium,610.411530,0
Rasec,1600.000000,0
kaoru1012,143.709009,0
zybang,1914.000000,0
kosaka_nao,669.514797,0
lnsf,530.642364,0
gemmaro,1202.299091,0
hi120ki,26.088879,0
lukasanarski,860.073254,0
zakio_10,501.780510,0
TeruMiyake,457.611868,0
Rall,782.688314,0
oemon,543.457581,0
miler0528,754.812801,0
yash2406,1237.083407,0
hurts14,413.356906,0
nagakubo117,759.083407,0
kiyoshi0205,511.515089,0
ITNKA,382.537239,0
Ohata_Kenji,544.723282,0
codeforce1101,301.360901,0
hashitumo10to,260.030404,0
zero_kpr,392.255924,0
nogami_geo,138.083149,0
koheijp,813.554857,0
skchdr,707.963310,0
zhrrrr,1359.620761,0
SnowFairy,136.590230,0
cunitac,1136.832003,0
horubono,678.965963,0
soldout,-225.192867,0
leer,-457.487093,0
Fuyume,186.514322,0
txtb0kwrm,451.136353,0
madoka,268.531655,0
windbell,370.467605,0
yoyoino,646.126235,0
hwnrehwr,-95.023907,0
Beluuuuuuga,-33.363635,0
aman28rwt,1364.136066,0
Nero,2395.098770,0
kent4989,355.657062,0
nononaga,598.399326,0
napier2718,757.098770,0
kengo,474.635713,0
enip,804.620761,0
tota66,1262.330762,0
shinsuke9415,755.399326,0
tackman,167.544895,0
konan007,838.083407,0
noboru,247.610572,0
QS___,-519.326947,0
tm0000k,587.597032,0
motinadi,752.305582,0
itome,872.126235,0
TomA,981.479721,0
hetakan,518.007318,0
yumarimo,892.660975,0
y_z,646.800242,0
fastapple,524.344985,0
toushimi,955.731832,0
kokiy,1158.136066,0
bamotice,-227.633793,0
a0t5s0u1,470.092584,0
Styla912,1249.098770,0
hiroshun,754.812801,0
blackgiraffe,490.964511,0
n_tsumagari,490.964511,0
chor_nyan,334.913495,0
diskkid,413.925885,0
shirokumaA,385.835270,0
gasugesu,1172.485209,0
iiharu,934.638159,0
mobileOnion,554.027256,0
tacky0612,386.285664,0
TakeruAce,721.399326,0
T_Wakasugi,467.688337,0
tsutsutaku,543.427505,0
anpan_jinro,257.092625,0
yosh1,1068.789819,0
kaputte,313.017499,0
citrus,714.990408,0
kappa23,-330.138572,0
brijeshpanara24,2037.000000,0
zxc_identity,883.479721,0
jikei,667.877194,0
XekkoCrub,-519.326947,0
fukino,673.832639,0
nao_taka,214.252049,0
copasta,491.316708,0
kiskt,-79.882031,0
wataru86,902.932288,0
bismuth,387.338723,0
Cashimom,615.027256,0
HeV,951.620761,0
mamezou,186.514322,0
ysanopp,428.680742,0
celeus,879.620761,0
Bulbul_017,502.882284,0
rinlucky7,834.429159,0
tamamu,971.243056,0
seiritsu,464.045834,0
rubugeru,873.812801,0
Makano,1054.083407,0
otyamura,35.190798,0
gingi99,197.376841,0
you_f51,516.363633,0
cuthbert,1301.730468,0
riorio1174,648.708258,0
kudzu,957.620761,0
watafuji,172.727451,0
tanakanoko,545.802073,0
ogura01,1228.731832,0
kimono,938.344985,0
azuma,642.083407,0
kanadesanma,-419.395993,0
kaen,336.699519,0
hyperion_1724,1129.136066,0
asuku,197.376841,0
kaichooo,395.585143,0
CROTO,401.707091,0
bust726,-88.255434,0
toutatsu,727.011909,0
mitsusawa,524.722798,0
kikubc,359.562884,0
anz021,289.918606,0
ucro310,501.638044,0
Dante_Rits,121.280500,0
ktakashi0309,759.620761,0
shugo15,224.379172,0
esgsms,3.584711,0
k1090,436.448686,0
Bobby2007,367.244460,0
makoto_H,329.324878,0
kobe,44.058265,0
rono,-357.140903,0
shunkakinoki,124.448218,0
gaia,557.542821,0
gorohash,594.875597,0
memento,401.707091,0
hima_megane_,-319.052008,0
tk2019,-292.014501,0
tstof,170.966615,0
eikichi,224.379172,0
hmd,-519.326947,0
freecss0540,975.932288,0
Shirona_Takizaki,496.060403,0
ulz,-519.326947,0
gokosho,401.707091,0
sagoj0_,406.892405,0
puyopuyo,401.707091,0
Gragonith,336.699519,0
angelic_UOT,909.898343,0
rsklv,190.007794,0
hagemori,625.366543,0
yetian,833.731832,0
wolframotoya,203.123446,0
m1zu7k1t4n,572.780523,0
megamegane,582.774042,0
passion_ranran,-147.714762,0
koaji,524.485199,0
white02,369.346230,0
stkdev,850.812801,0
kaityaxn,443.115507,0
tamakonnyaku,773.865404,0
hana,1206.415338,0
chemistrae03,1007.501442,0
Antony,-152.810654,0
terunori,810.144028,0
yamamayumi9489,990.083407,0
KUSOAHIRU,305.555510,0
mochidan,571.048569,0
zenchan,229.709777,0
BerandaMegane,637.932288,0
x_zadfar,962.083407,0
Ulysses,689.293501,0
amida052103,162.572290,0
akikan,723.126235,0
takoagemat,877.399326,0
Takeru_56,540.876927,0
tenk9,-104.531421,0
tonaiaki,585.485199,0
uukosnubeyn,713.098770,0
T_taisyou,339.232467,0
flirtguru,978.620761,0
ahzong,395.022097,0
fog_878,585.243056,0
tamago0224,482.526357,0
Ice_teapoy,989.674919,0
JamPan,-330.138572,0
sugyan,623.658889,0
yuki255,993.688314,0
Nawta,288.886431,0
Bomuhishisu,-47.188991,0
MZKi,462.141232,0
m0lh0k0,423.185410,0
asoasoaso,1096.415338,0
dj_pebble,1137.083407,0
harumanachika,255.885290,0
autotaker,2074.731832,0
kunother1,657.101240,0
t29227801,803.892115,0
jamuojisan,442.146306,0
csnagu,402.931890,0
aki_sen,726.126235,0
gmond,301.587151,0
mochi999,1209.136066,0
bramth,-147.714762,0
Squid_qwq,-239.228808,0
mirachu,1184.213033,0
kwkm0429,1343.280410,0
doodle_do,299.120320,0
mmmmmmmmmmmmmmmm,1313.126235,0
r174,846.812801,0
hillpeople,577.330762,0
horosham,576.111928,0
takoyakimaster65,239.048723,0
Jazcarretao,602.344985,0
graythunder,1085.027256,0
yo2_yoshii,74.495559,0
sakesakana,-33.363635,0
tottokodaichans,406.081281,0
gomacocoa,1615.932288,0
mas_tai,1068.464452,0
okahama,359.562884,0
umao1800,122.422272,0
unitl,35.190798,0
tokuchi,82.304012,0
Cosinstein,33.802633,0
prm0130,-405.541252,0
Iwancof,382.537239,0
numberyo,-182.598232,0
terusan,316.086490,0
undermakingbook,124.448218,0
icacht,1026.200315,0
kiyu,962.620761,0
shunajchang,80.006806,0
kdy2000,1171.731832,0
remomon55,229.393924,0
Ta910,-152.810654,0
jaijai,622.296026,0
tun0a,-18.221759,0
takumiw,621.399326,0
hir35,638.622165,0
Reed,-79.882031,0
jack,7.670711,0
shihou,456.824097,0
ayosir,421.223156,0
no1zy,506.652796,0
myurariya,-673.085693,0
ano_note,-14.755628,0
azarashi,260.030404,0
jings27,344.004795,0
sak_Citrus,436.630472,0
ab021510105,-82.704676,0
ruu_413,1080.663890,0
tetsufe,411.361889,0
ForERstMAn,170.966615,0
sapphire15,784.812801,0
yari_circle,613.958391,0
pokotsun,378.434639,0
jun11,197.682256,0
kuyuri_iroha,344.421009,0
hiraku1997,381.189773,0
tebasakioisii,190.315710,0
mahbub_ndc,162.572290,0
acchan,639.753708,0
mlsfa,35.190798,0
satoshi_f,952.098770,0
k41t_,511.879232,0
tetsushiyamada,296.329388,0
yaaaaaaasu,250.900520,0
alumi,359.562884,0
LAKuEN,-79.882031,0
tida11,482.339512,0
kmdivi,466.262310,0
ayanofj,212.103481,0
dekopin,243.895238,0
lengthandditty,1219.620761,0
nzw,924.059114,0
pirop,573.337352,0
un_kk,748.663890,0
musyokugorira,116.671950,0
mymyyy,444.764994,0
TLE_MASTER,384.474117,0
Kgnkm,287.902373,0
Nari13,920.620761,0
yo_kanyukari,844.979853,0
totechite,313.636592,0
lynmisakura,431.724535,0
Qdo4nb,1007.757984,0
Nocks_on,893.989028,0
Vitamin,1139.126235,0
triangle_pascal,381.038085,0
matumoto,-164.344191,0
domeimedo,587.360951,0
hisas,439.831163,0
neko_nyaa,1651.027256,0
tsuzuki0083,157.141258,0
geshi_crep23,-334.370176,0
suzutaku_cse,1544.344985,0
inaba3,731.063228,0
nitumeta339,859.494528,0
Himi_Citrons,629.083407,0
mokamoto12,707.638869,0
HSC57,557.798939,0
Swift_Du,-152.810654,0
blue0552,465.011167,0
kuroneko9963,581.989028,0
dame,122.553702,0
kattyokaccho,286.634262,0
tough,415.588052,0
toshikish,874.399326,0
satackey,212.103481,0
aloeclair,889.330762,0
onoyik0515,-18.221759,0
nakamoo,1053.647943,0
quark_quark,-18.221759,0
Derek,1339.243056,0
Lawn,359.562884,0
elperry,259.543994,0
hippochang,492.475209,0
ga_IA_tas0,336.699519,0
windowchan,211.811122,0
klan,403.280806,0
ryunocchi,35.190798,0
kirikirijin,800.786876,0
tkc_,634.397789,0
rinky_atmk,-85.579592,0
Deepak17337,509.544826,0
nkgihir,-346.534403,0
lessoniana,203.861854,0
qya,823.730468,0
terrafarm,713.460157,0
mytensan,550.332513,0
bokuzin,382.317147,0
brightcat,467.266666,0
mi2,285.528576,0
tmentaiko,612.623706,0
rin_souma,359.562884,0
Torotoken,-519.326947,0
simkaren,1480.479721,0
celegans,448.997700,0
rtake,183.247943,0
yunak,785.098770,0
takamii228,429.030923,0
murakmii,591.792137,0
ga_su_,302.998504,0
ne280001a,286.634262,0
Kassin,475.822636,0
Tetlapot,495.700763,0
s4y4,1139.027256,0
akch,162.572290,0
Doremi,197.376841,0
kobataku,506.652796,0
kuranus96,726.063178,0
akatuki97,-215.032771,0
rareone0602,1974.057553,0
mai2192,474.635713,0
shuG,547.467943,0
NAG_TLE,308.857054,0
gunjou,-233.640778,0
ycneiciffeni,121.280500,0
Q2vfIbRZmz,233.574044,0
lkeix_,589.708542,0
kameisannn09,-5.423472,0
justya,813.515890,0
laft,1305.330762,0
nable,1150.620761,0
janomeS,457.611868,0
shoko0102,749.932288,0
Sawarnik123,643.127032,0
MtCli,399.812574,0
toshi919,483.314499,0
kekeho,508.263634,0
denji_mk2,408.449958,0
kaishitaeiichi,258.500832,0
hrm951227,282.578950,0
xlight789,1283.210085,0
sugishia,33.897225,0
Rio850,896.399326,0
miraie,550.332513,0
isoya,649.399326,0
thas,431.829657,0
hiroeisuke,170.966615,0
dendenkun,685.487881,0
gentlecrow,150.150850,0
amuyikam,668.838840,0
kinoren,736.011909,0
Kyuuri,401.707091,0
NoticeMeSenpai,-95.023907,0
wxz17120003,-357.140903,0
alphagocc,1141.989028,0
hotpepsi,1651.163225,0
haruka2003,172.227089,0
taufe,-97.824381,0
pao2pao2,706.884667,0
Shikinami,175.966259,0
huit,903.812801,0
mte3,452.977525,0
kkk096,-118.567949,0
TEWi_R,-242.068074,0
petite_prog,839.812801,0
iketyun08,578.501442,0
Siba,-167.952529,0
Oland,1325.429013,0
daito,-242.068074,0
katslow,561.296481,0
onojun,7.480873,0
MatsuTaku,1413.730468,0
dshin,379.876618,0
miyuki_y,77.222228,0
r1s4711,229.393924,0
hxydn,407.068264,0
hakuchan,1115.638159,0
ikarostech,1194.932288,0
stimhoo0829,508.161302,0
komite,230.069881,0
i_sei,336.944156,0
saikyan,302.998504,0
chitoro0010,536.501442,0
Roupika,907.731832,0
junijuni,278.260858,0
tabe,-257.209950,0
ikkunjyanaika,96.378745,0
kamkam,67.162137,0
ninja7,1965.132207,0
mozurain,321.101141,0
mizukurage,1332.579863,0
aisai,-696.654865,0
matsuyoshi,695.989028,0
Re_,-7.082588,0
Bitter,286.072416,0
potyama,-264.988535,0
tacha_ioiq,967.731832,0
toshikinnpo,247.463926,0
chibacchi,-395.826821,0
inutel,95.745722,0
zaki_yama,-321.670696,0
clvr113,229.393924,0
wakameziro,357.138917,0
tokio_at_tokyo,317.072956,0
ms0085,10.643500,0
oscar0225,645.249053,0
Hiro2019,271.492386,0
MKSA,351.754431,0
s0919,632.344985,0
AKmatrix,-152.810654,0
hanafuda,229.393924,0
penerte,1079.479721,0
masa7,-357.140903,0
m203h,124.448218,0
goldenrex,359.562884,0
shoshosho,365.617682,0
Naoto_E0,297.307795,0
YujiSoftware,1087.979853,0
robosithi,683.340153,0
duck,182.234966,0
tatsuhiro_h,47.366520,0
T45K,570.832003,0
ACLeo,1459.413209,0
Okapinosuke,81.709194,0
S_shady,197.376841,0
ringokuppa,232.768521,0
hope_ton94,1237.213033,0
Yukki,230.419128,0
Ha4hi0,901.620761,0
islet,1433.620761,0
Ribura,-253.156843,0
ntjmy,726.295483,0
Daniel_lele,806.347455,0
noth,506.607052,0
taiken,290.433866,0
azaika2098,1433.900421,0
berotti3,359.562884,0
Shiratama2,124.448218,0
tsatoshi703,813.734439,0
Charon,699.620761,0
tube_worm,1394.126235,0
Znfnxv,751.894586,0
s77495112,964.731832,0
saya_ann,969.083407,0
ghost002,576.501442,0
maki_glenscape,370.958119,0
nuekodory,780.083407,0
theivanyes,1594.968487,0
Go50,-242.068074,0
Bono_iPad,1185.485199,0
WHB,946.097712,0
ODYK,-147.714762,0
aiko,-119.848292,0
iwachanOrigin,43.869584,0
koron790,19.981890,0
AkkyOrz,963.688314,0
ei1711,82.969668,0
bluediamond,-95.023907,0
kintetsu5209,336.699519,0
takasu,958.620761,0
takashi_rits,-330.138572,0
Raimei,276.194220,0
ytakahashi,698.620761,0
MegaChikoritaX,489.362353,0
kt71079,667.143609,0
jumpeda,439.831163,0
shaula,525.027256,0
inushida,902.812278,0
nasunasu,1065.344985,0
DVD,323.388850,0
samraimarket,977.663890,0
N3RIN,340.920479,0
taichey1207,625.553406,0
mulgray,733.596859,0
qumali,-117.887272,0
sincerely2you,1081.330762,0
wb2027,286.634262,0
takax3,503.730764,0
RoboKota,-342.414264,0
Shiro_S,686.027256,0
Ryogaro,-104.429328,0
Leni,374.807612,0
herp_sy,452.884034,0
ido_kara_deru,709.621200,0
Taratara,989.126235,0
tengu_of_kurama,211.884932,0
noribentooooooh,1396.330762,0
smicle,-13.125868,0
comalpha,53.030294,0
Maluo,-357.140903,0
h1de,336.944156,0
mtmaru,753.921746,0
osyakana,336.944156,0
xanxus1204,97.030652,0
kyonsam,530.566309,0
homuyama,12.270337,0
hq8398,516.120316,0
JokerPoker,1753.083407,0
ourtake,1233.330762,0
woods44,528.054203,0
commy,1615.163225,0
tsux,525.207216,0
sazzadrume,-41.381092,0
ricald21,496.060403,0
ptolemy,335.015587,0
tomu28,3.025077,0
Daisuke323,436.619121,0
kazu1107,341.795410,0
takoyakiusagi,411.002366,0
yahagi_day,-197.252066,0
wakame1367,357.265678,0
swan0504,310.338159,0
takumi_bookmath,717.090035,0
Tlapesium,1226.415338,0
rokahikou,1025.688314,0
gggggg,1002.083407,0
inatatsu,43.618095,0
sonsuke,-318.164415,0
genma,81.709194,0
hilolih,572.305410,0
activepeace,280.283949,0
Ciruela,406.081281,0
imh,1617.832003,0
takuya_0301,124.448218,0
radiator,306.033643,0
cc599,629.832003,0
capybara,197.376841,0
raspi0124,-519.326947,0
FrevChuso,859.731832,0
h416,513.940474,0
Kimmy,897.056783,0
NAH2005,1232.200315,0
zaqi5678,582.330762,0
kumjin3141,676.832003,0
rat,-519.326947,0
FuruSho,-796.585819,0
namamono02,-94.302205,0
basan,891.461900,0
kenkensz9,-460.818498,0
Huah,1411.330762,0
matsato,409.649969,0
Cassin,253.622198,0
mwktk,197.682256,0
oyassan,574.011909,0
noisuf68raelcun,81.709194,0
nuwatan,1009.399326,0
iammarajul,200.192755,0
umezou,482.105499,0
SahikA,1191.413209,0
shore,393.930822,0
toto0121,1039.731832,0
aporo,538.279515,0
zawa1103,-142.137121,0
Zuc,-242.068074,0
pasyama,492.523898,0
aircon28,418.582298,0
BazaarHey2004,654.429013,0
glycerine_ggg,-295.301050,0
kiriyako,530.566309,0
pakapibara,336.944156,0
syobon,125.367063,0
kinya,-395.826821,0
knohkw,1330.344985,0
ekottyk,-225.192867,0
usiusi02,288.886431,0
Kaguya_sama,1237.136066,0
trantien2002,336.699519,0
Minamikawa,162.572290,0
ryochanuedasan,698.932288,0
iZuno,359.562884,0
kk0195736,657.989028,0
Stingray,-128.383410,0
areido,206.302318,0
suzuhane,-519.326947,0
WA_King,1600.000000,0
WrongAnswer,261.155555,0
aqua0631,767.200315,0
ymnk_kun,-97.182653,0
nii,1294.057553,0
Yukly,1568.481577,0
Cebu,123.995866,0
gt867ru,56.455217,0
atzou,-145.117843,0
glennando,127.732563,0
black_kitten092,-58.816982,0
chenchen,651.429013,0
Cer0un0,605.215670,0
ei1813,-79.882031,0
mikifms,497.406441,0
momasahrio,1370.812801,0
ktakamura,457.611868,0
Signal,595.501442,0
empty_fine,918.330762,0
KsVierergruppe,212.103481,0
Dshin_nuko,336.699519,0
hacca,550.332513,0
toricor,866.832003,0
muchomuchomuto,329.535023,0
jcy16080001,-350.091120,0
yui_o,-242.068074,0
cexen,1379.688314,0
bassy7403,421.223156,0
grvehomju,1429.812801,0
tym1101,122.422272,0
chiharu0405,-242.068074,0
kebabs,43.869584,0
O1O1,917.126235,0
klattimia,1105.731832,0
ttsalt,1112.060566,0
Uirou,-1.290284,0
noapython,-357.140903,0
goodknows,-33.363635,0
udonnokimi,271.492386,0
caribou,1381.136066,0
g_kun,-152.810654,0
bhupixb,966.101880,0
fjhr,951.485199,0
sorakaihana,935.008943,0
Rize,-86.943162,0
ikapyan,35.190798,0
atoraku,-169.998908,0
Shochng,109.306343,0
zlung,360.821908,0
hashimotojihe,-419.395993,0
kirosingo,-796.585819,0
mofumofu_land,-395.826821,0
elehs,-425.470010,0
omatcha,-519.326947,0
cactoid,989.083407,0
ShiawaseYoshi,-195.549678,0
yoshi1378,492.538227,0
Unosuke,-14.755628,0
akkiy93,-519.326947,0
Ryuichirou,483.063010,0
hukahire,-77.066117,0
tanashou1,359.562884,0
nsn,-2.893107,0
zxz666,418.420580,0
soilwing,-95.023907,0
yoch0906,-530.415716,0
impri,-357.140903,0
rx5375,-111.974564,0
RedSpica,-242.068074,0
ine0056,-152.810654,0
kottan38,-492.291644,0
atkrym,1058.638159,0
mizakahk,-54.179399,0
h1192,-357.140903,0
ichi_mt,-372.282779,0
matsu57,-357.140903,0
joydip007x,359.562884,0
kenichirou_nakay,-152.810654,0
motu84834,247.948344,0
dilatancy,67.162137,0
lwl2006,628.817446,0
onon,994.348907,0
Khaled_Mahmoud,-796.585819,0
shuured,-372.282779,0
retch,35.190798,0
fadi57,349.111892,0
tantakatanmen,1442.485199,0
rarun0705,-292.014501,0
solasola,-796.585819,0
koji022,-673.085693,0
hanzz,-249.361735,0
n4g1,-429.209606,0
dynamicI,808.200315,0
dousf,432.362328,0
zengzk,954.620761,0
DenDenDe,-796.585819,0
tata,1289.730468,0
