LayCurse,2153.817446,1
Geothermal,2347.731832,1
kmjp,2767.520399,1
kort0n,2593.243056,1
rickytheta,2866.086735,1
socketnaut,2707.027256,1
catupper,2693.280410,1
droidlyx86,2119.136066,1
satanic0258,2382.014464,1
risujiroh,2337.078518,1
tempura0224,2570.481577,1
hitonanode,2679.415338,1
BigBag,2555.485199,1
wygz,1928.141232,1
tatyam,2334.131879,1
FMota,2038.534694,1
kotamanegi,2413.024494,1
Linkus,1353.126235,1
acraider,1626.413209,1
beet,2689.016071,1
popovicirobert,2030.098770,1
gxy,2116.126235,1
bira37,1719.344985,1
betrue12,2467.216449,1
smiken,2578.276467,1
vivek_1998299,1939.932288,1
rumblefool,1467.136066,1
BaGaJong,2155.620761,1
Vax,2204.663890,1
noshi91,2562.660975,1
pekempey,2520.107084,1
abisheka,2022.846007,1
tubuann,2286.213033,1
wasa855,1134.739676,1
chenyanbo1111,1918.501442,1
sekiya9311,1652.027216,1
veqcc,1916.481577,1
primenumber,2178.485209,1
shubham__36,2126.399326,1
EndRay,2165.136066,1
chocorusk,2409.216449,1
Paliukh,1851.638159,1
kasahara2000,1791.098770,1
shanin,1993.832003,1
TangentDay,2668.016071,1
user14767553,1946.126235,1
wertzu,1614.731832,1
sansen,2127.479721,1
rsk0315,1892.468325,1
aniks2645,777.411860,1
Yang33,1949.579863,1
IgorI,2016.832003,1
anmoliiitd,1765.098770,1
Shun_PI,1865.318592,1
fine,2046.096374,1
mathlegosuke,1841.881746,1
shot,1653.341348,1
maspy,2283.083407,1
claw88,2023.046092,1
minaminao,1986.817446,1
tsukasa_diary,1851.320227,1
ei13333,2264.013017,1
noimi,2170.485209,1
lisifu,1968.083407,1
sansaqua,1908.415338,1
liouzhou_101,2238.243056,1
Nyaan,1968.989028,1
keymoon,1932.088892,1
almogwald,2536.136066,1
mechanicalpenciI,2477.730468,1
Kiri8128,2174.638159,1
ogingin,2062.078518,1
rabbit_TR,1898.429013,1
seica,2075.276467,1
rstoick,1938.415338,1
MMNMM,2245.096374,1
mtsd,2310.341348,1
tomerun,2822.879232,1
keima915,1901.485199,1
nikutto,2374.341348,1
etonagisa,2053.096374,1
monolith,2307.916334,1
heno239,2605.870535,1
Cirno_9baka,2549.136066,1
arkark,1942.303214,1
autumn_eel,2129.013017,1
kenken714,1696.415338,1
ninja7,1917.041483,1
mamekin,2436.481577,1
potoooooooo,2170.318592,1
startcpp,2078.017856,1
face4,1916.579863,1
kusano,2061.341348,1
Div9851,1979.900421,1
c7c7,1815.019840,1
xumingyang,1815.620761,1
applist,2461.000000,1
cinnamoroll,2069.481577,1
June_boy,2423.714047,1
kcvlex,2049.248811,1
addeight,2026.141232,1
ecasdqina,1866.276467,1
nickluo,1585.688314,1
jbyxm,1351.046092,1
sune2,2136.932288,1
SugarDragon5,1834.578268,1
Tsuta_J,1985.276467,1
Endered,1671.485199,1
hirokazu1020,1969.063228,1
clavis1107,1714.916334,1
Ryo2016,1908.051214,1
ganmodokix,1648.057553,1
harmokey,1760.201523,1
StarCuriosity,2175.663890,1
Extazy,1537.812801,1
chocopuu,1569.481577,1
koikotya,1967.131879,1
ixmel_rd,2439.870535,1
cympfh,1735.057553,1
hamzqq9,1949.485199,1
Motsu_xe,2070.243056,1
idsigma,1928.578268,1
Markomafko972,1457.027256,1
torus711,1741.046092,1
kotatsugame,2307.642578,1
BiteTheDust,1896.136066,1
T1610,1852.010544,1
QuartZ_Z,1979.900421,1
Shuzaei,1463.141232,1
Aquarius,2702.088892,1
kaage,1799.817446,1
hide1214,1860.344793,1
baito,1625.303214,1
nanae,1840.146899,1
tancahn2380,1439.421465,1
artsin6,1557.832003,1
naoya_t,1784.846007,1
ttttan,1892.579863,1
torisasami,1860.534694,1
pngn,1907.916334,1
Yukly,1658.881746,1
NASU41,2012.642578,1
leaf1415,2310.979853,1
hiratai,1891.078518,1
kakira,1601.303214,1
Celestine,1527.870578,1
uzzy,1882.900421,1
vivek_shah98,1552.638159,1
nmnmnmnmnmnmnm,1721.041483,1
rika0384,1643.181366,1
hrynb,1504.731832,1
futanaristic,1470.812801,1
kenkoooo,1874.642578,1
snow39,1888.793473,1
syarai,1707.344985,1
grvehomju,1682.429013,1
cs71107,1824.989028,1
KoD,1652.879232,1
iwashisnake,1974.714047,1
wery0,1646.932288,1
blue_jam,1858.098770,1
hamko,1857.578268,1
you070707,1820.479721,1
k111111,1830.057553,1
choo_s,1508.485199,1
hs484,2090.210085,1
kzyKT,1990.013017,1
Hashimoto_Kanna,1355.413209,1
Oland,1391.879232,1
tatsumack,1597.131879,1
thidailoc,1451.098770,1
zeyad49,1486.083407,1
mban,1573.520399,1
yuma220284,1602.730468,1
minus3theta,1772.534694,1
physics0523,2138.033600,1
Faruk372742,1586.136066,1
paulzrm,1316.213033,1
TheSawan,1841.000000,1
penguinshunya,1592.638159,1
Rubikun,1973.027256,1
knk,1981.210085,1
AkshajK,2391.812801,1
spica314,2014.223922,1
phyllo,1617.248811,1
Gene_Liu,1240.914261,1
TumoiYorozu,1916.714047,1
TAISA_,1972.534694,1
set0gut1,1846.200315,1
TKO,1429.200315,1
devarshi09,1402.243056,1
tzc_wk,1709.413209,1
MennaFadali,1371.628181,1
stone725,1286.318592,1
ryoryoryo111,1649.916334,1
TanakaTaroh,1775.318592,1
cvele,1404.027256,1
homesentinel,1792.041483,1
m_tsubasa,1976.817446,1
samarth491,1774.344985,1
catoon,1644.534694,1
obakyan,1856.688314,1
firiexp,2020.057553,1
Thistle,1991.276467,1
kurenai3110,1841.307199,1
yaketake08,2261.534694,1
leashptntl,1837.243056,1
cirno3153,1810.181366,1
DGC,1722.832003,1
hai,1983.663890,1
enjapma,1993.051711,1
monkukui,1690.379296,1
shahraaz,1281.200315,1
ngtkana,2117.730468,1
TISparta,1367.812801,1
kazunetakahashi,1967.027216,1
Salmonize,1366.011909,1
hoabinh,1190.126235,1
mikit,2076.057553,1
SOIVIEONE,1317.429013,1
kusomushi,1673.078518,1
drogskol,2034.916334,1
unsre,1772.146899,1
hoke_t,1108.283755,1
jaaguptamme,1702.000000,1
rareone0602,1947.784591,1
m_99,1711.141232,1
tarattata,1880.638159,1
klimmek55,1599.812801,1
iehn,2197.051711,1
Ricky_pon,1462.057553,1
RMQ,1699.344793,1
HNN_8127,1697.011909,1
sidebook37,1684.817446,1
moku,1733.330762,1
ningenMe,1733.881746,1
arknave,2106.663890,1
kumalimak,1502.200315,1
recurze,1441.932288,1
heon,1259.415338,1
cm43punk,1255.663890,1
Aotsuki_,1305.485209,1
liqing,1411.136066,1
hahho,1724.817446,1
bennettz,1956.812801,1
zurukumo,1386.344985,1
SoGood,701.948159,1
benl,1595.344985,1
ikd,1475.009489,1
sensaur,1405.083407,1
yuji9511,1810.870535,1
Respect2D,1533.989028,1
nadeshino,1545.481577,1
remin,1892.046092,1
edamame88,1325.303214,1
yuki1997,1840.638159,1
grand_zeno,2339.000000,1
JoseSoto,1627.000000,1
Johniel,1578.088892,1
arthurconmy,1601.663890,1
FF256grhy,2069.013017,1
makecir,1838.320227,1
schwarzahl,1825.660975,1
youjotape,1872.415338,1
aquaCpp,1795.415338,1
kr,1394.303214,1
convexineq,1889.846007,1
aryanc403,2085.989028,1
mod_poppo,1837.330762,1
nishionyama,1585.900421,1
ejq,2060.136066,1
Chanyuh,1752.027256,1
ha15,2008.479721,1
hibatibati,1456.141232,1
Evlampiy,1291.126235,1
ZollingerPython3,1597.520399,1
kibuna,1571.200315,1
tayama0324,1716.344985,1
yuiop,1784.024494,1
umezawatakeshi,1687.011909,1
BlahDuckling747,1443.481577,1
yassin,1829.379296,1
iica,2015.088892,1
arjitkansal,1530.399326,1
infrub,1783.989028,1
Mahotsukai,1666.413209,1
ganariya2525,1624.846007,1
Nachia,1646.083407,1
yumsiim,1717.916334,1
tomo0608,1411.900421,1
gratan,1720.098770,1
shioshiota,1629.098770,1
ChiyosBigDragon,1522.210085,1
algmyr,1694.812801,1
rinzu,1474.481577,1
Lucina,1418.413209,1
ponpon05,1477.210085,1
Tallfall,1866.200315,1
xuxuxuxuxu,1612.399326,1
viSkey,1433.344985,1
n4o847,1828.481577,1
X12345,1416.769977,1
yudedako,1962.280410,1
srv_twry,1269.413209,1
obata0430,1337.216449,1
j_gui0121,2303.870535,1
lichlzh,1427.686834,1
x0214sh7,1607.078061,1
Bubbles,1271.731832,1
rikein12,1717.638159,1
you8zl,1421.011909,1
yosss,2333.501442,1
kotobuki,1564.881746,1
tokumini,1925.009489,1
rohan_088,1366.620761,1
jessepinkmann,939.731832,1
plasmaeffect,1830.006918,1
Kevinrobot34,1438.989028,1
kagasan,1957.900421,1
YDK_NK,1297.303214,1
myun,1525.638159,1
otera,1403.330762,1
zaneyu,1397.932288,1
omikad,1444.812801,1
knshnb,2071.579863,1
kmatsunaga,1536.870535,1
hiddentexture,1542.932288,1
tRue,1371.141232,1
cwz13958806684,2037.620761,1
kurenaif,1753.534694,1
Julian,1478.083407,1
izumo,1533.494528,1
mohudrum,1583.638159,1
AryaKnight,1325.832003,1
kartica,1530.011909,1
arounderstand,1372.057553,1
dn154,1299.320227,1
mir003,1441.298733,1
define,1708.131879,1
Imperi,1253.688314,1
maze1230,2302.078061,1
pubgoso,1298.832003,1
m_buyoh,1690.002978,1
kubo_nits,1667.660975,1
TLE,1247.620761,1
toof,1284.817446,1
meruru,1372.832003,1
neterukun,1554.415338,1
Kevin090228,1144.399326,1
dxyinme,1561.429013,1
schwarznecken,1471.429013,1
Sawarnik123,1433.663890,1
shakayami,1849.088892,1
wizist,1551.027256,1
MarioYC,2070.413209,1
toshihoge,1798.730468,1
siotouto,1908.485209,1
merom686,1943.037334,1
Shibuyap,1648.027256,1
xsd,1313.832003,1
Qz,1111.083407,1
ano0406,1330.083407,1
apoorv,1348.879232,1
pengin,1539.088892,1
saiton03,1390.688314,1
shogier,1509.730468,1
en30,1165.083407,1
o948,1791.413209,1
cyan,1765.051711,1
nyama,1413.485199,1
Dicer_,1235.975927,1
kenkyu46,1206.200315,1
syawacha,1592.730468,1
commy,1673.051214,1
sharmajatin741,1526.501442,1
HTC001,1334.027256,1
lkj18,1828.399326,1
A_N_M,1118.529709,1
Tomii9273,1436.879232,1
oevl,1247.320227,1
batsumaru,1292.989028,1
cuiaoxiang,2468.200315,1
amyu,1762.485209,1
sumoooru,1958.010544,1
ttsuki,1700.485199,1
lucky3977,1444.088892,1
Mojumbo,1633.784591,1
YamaguchiT,1538.318592,1
tkmtSo,1798.932288,1
fortoobye,1716.088892,1
hiroaki0615,1394.201523,1
tute7627,1703.485199,1
AJ47,1597.126235,1
syak,1495.243056,1
yuruhiya,1442.479721,1
mjtai,1513.501442,1
yutake2000,1482.429013,1
dsingh_24,1344.429013,1
morio__,1693.579863,1
alphagocc,1061.429013,1
praveenojha33,802.126235,1
sogapalag,1650.399326,1
theivanyes,1387.731832,1
hir35,1415.730468,1
NightRaven,1262.832003,1
tonegawa,1233.879232,1
cuthbert,1541.579863,1
qisnotnq,1724.415338,1
myanta,1299.979853,1
SahikA,1567.663890,1
FlyInTheSky,1478.027256,1
yuya178,1765.979853,1
FlatHarvest,1220.663890,1
mmmmmmmmmmmmmmmm,1412.330762,1
Evantry,1722.812801,1
parsley69,1263.126235,1
npz35,1357.011715,1
tabr,1510.318592,1
suikameron,1596.485209,1
Hora,1692.011909,1
yuzupom,1585.318592,1
o_ologn,1478.989028,1
sako0384,1666.730468,1
digcboy,1169.429013,1
bombra108,1262.088892,1
masayoshi64,1486.663890,1
iaz1607,1536.832003,1
DFNasutarou,1725.415338,1
stretchybox,1509.870535,1
C20192413,1346.011909,1
Cmer,1090.784591,1
nohtaray,1562.330762,1
kshitij_07,1386.399326,1
brainfxxk,1678.688314,1
ultramanzero,1298.413209,1
shun0923,1719.429013,1
sash,1581.200315,1
minus9d,1813.033600,1
kuuso,1827.041483,1
kenta2997,1584.578268,1
dush1729,1410.731832,1
nimon,1532.479721,1
ktr216,1669.638159,1
mnrskym0227,1154.870535,1
koga,1307.688314,1
technophile,1524.261531,1
rezaulhsagar,1110.136066,1
yanagi3150,1382.501442,1
GYLin,1606.413209,1
toame,1569.276467,1
predator21,1362.501442,1
lukamosiashvili,1355.126235,1
Dreeeemoooon,1035.136066,1
kaihr,1510.812801,1
zln139,2053.812801,1
mo3tthi,1362.916334,1
murata,1500.330762,1
roto_37,1702.037334,1
rrrccc,1038.399326,1
cs_tree,1454.688314,1
daiwakun,1531.534694,1
nagiss,1959.318592,1
CSXiang,933.981985,1
tac_,1091.078518,1
plcherrim,1766.280410,1
ikasashi,1580.494528,1
nik7,1283.989028,1
petite_prog,1200.011909,1
hig98ingro,1582.057553,1
hotpepsi,1526.046092,1
Powerword,1210.429013,1
fukubutyo,1589.320227,1
spihill,1787.579863,1
latter0206,1484.501442,1
njha1999,1269.688314,1
iry,1424.344793,1
xuziyuan,1667.916334,1
fujidig,1204.098770,1
honyacho,1398.688314,1
Morifo,1472.051711,1
ruterute1,1798.415338,1
Bloody_Yulii,1387.213033,1
misora192,1348.534694,1
mblazev,1654.832003,1
hana,1489.320227,1
Phoenix1369,1424.083407,1
phocom,1646.846007,1
sykwer,1610.916334,1
jdh,1570.485199,1
betit0919,1536.415338,1
phyphy,1213.083407,1
plin,1389.688314,1
Adson_S,1477.731832,1
simratbrar,1175.932288,1
CHOHCOOH2,1367.501442,1
miku,1544.131879,1
Naoki_M_,1436.107084,1
masterstroke,1912.688314,1
fgwiebfaoish,1410.280410,1
karakasa,1545.243056,1
monochro,1265.131879,1
yyyh,1859.000000,1
patahene,1347.131879,1
zarathu,1308.413209,1
ororog,1230.136066,1
enookckor,1406.330762,1
cojna,1553.051711,1
kfukuta,1514.989028,1
AmEr_Tinsley,1423.136066,1
anomuno,1440.485199,1
MrDoap,866.731832,1
muuchan,1601.989028,1
long_long_long,1475.688314,1
toropippi,1352.011909,1
Derek,1339.784591,1
arjun_9426,1305.429013,1
kk09,1515.485199,1
Bojack,1085.084053,1
idaten,1734.579863,1
phystak,1542.879232,1
stkz_uq,1329.057553,1
shino_sky,1308.989028,1
husong,1305.812801,1
VTR,1485.088892,1
nu4nu,2021.731832,1
Ruki,1233.663890,1
sourav54,1751.413209,1
Lily0727K,1642.663890,1
aro1,1212.136066,1
youx,1539.200315,1
tsuinatomikku,1300.141232,1
atsumumiya,1523.083407,1
AmanGupta_,1435.126235,1
Yu_212,1374.879232,1
AnchorCat,1455.812801,1
tmsausa,1548.415338,1
sagsango,1240.832003,1
EnEm,1961.000000,1
a5ua,1452.276467,1
Arthur_Lugh,1212.280410,1
Ronic,1505.711067,1
gksato,1811.485209,1
yoshrc,1576.900421,1
lapis_Lazuri,1448.078518,1
g_abilash,1265.731832,1
yatuba,1651.141232,1
yokofudori,1166.027256,1
ose20,1387.900421,1
BSer,1242.479721,1
qxa,1493.011909,1
testes89,1483.731832,1
sdssudhu,2175.812801,1
Muhammad,625.366543,1
shyyhs,1749.429013,1
se1ka2,1630.200315,1
hoxosh,2013.421465,1
swapnil07,1395.136066,1
ceass20xx,1587.399326,1
kazuhitot,1382.900421,1
nagitaosu,1547.011909,1
Tarun_,1342.730468,1
gojira_ku,1807.141232,1
qLethon,1647.660975,1
shpvb,1378.932288,1
khir,1731.243056,1
shan61916,961.193843,1
nikeeshi,1554.344985,1
ryna4c2e,1310.344985,1
Chl__minchang,1008.989028,1
toot_tatsuhiro,1329.730468,1
yadavrohit,1441.298733,1
Zeyu,1342.413209,1
akathil,1589.126235,1
yuhei,1517.421465,1
yakamoto,1640.485209,1
bugged_up,1508.136066,1
Darnze,1214.413209,1
season,1294.318592,1
winners,1525.136066,1
vain0,1795.468325,1
kanpurin,1467.501442,1
V_Melville,1239.846007,1
Lafolia,1520.714047,1
kema,1648.303214,1
canonind,1282.126235,1
tanon710,1456.027256,1
sewage,1262.663890,1
prd_xxx,1614.223922,1
kkktym,1497.216449,1
sapphire15,1320.011909,1
frog2002,976.098770,1
huas_dengyin,1236.011909,1
dn6049949,1693.141232,1
nadare881,1545.276467,1
devACE,962.183186,1
zxz666,1148.011909,1
luncasuvictor,1214.413209,1
lunga,997.027256,1
dec12_kaz,1155.663890,1
tnyo43,1740.900421,1
skarlord,1780.126235,1
code_name123,1312.429013,1
tonyu0,1006.415338,1
Trineutron,1419.832003,1
mukku,1529.320227,1
ue1221,1389.479721,1
zipdang04,753.921746,1
YaoYaoLe,1068.789819,1
c1729,1497.663890,1
graythunder,1313.213033,1
Jeanette,1448.812801,1
merr,1055.731832,1
ritick,1909.011909,1
jupiter_9,1453.126235,1
theory_and_me,1807.916334,1
itigo,1246.501442,1
yogeshk972,1336.136066,1
vitte,1045.482256,1
nesya,1473.817446,1
jam_game,1481.330762,1
jupiro,1418.415338,1
eikani,1533.494528,1
naminodarie,1296.083407,1
horiso0921,1245.485199,1
kouylan,914.080629,1
codancer2000,1224.663890,1
dhgrs,1341.479721,1
cn449,1732.415338,1
shahidul_brur,921.812801,1
mizinnkotaisa11,1469.200315,1
QIQ,1936.000000,1
zxz520,1150.620761,1
forneus,1068.789819,1
nakaken88,1230.011909,1
Nodir_Bobiev,1418.620761,1
faresbasbs,753.921746,1
huas_wake,982.027256,1
frozenlib,1625.303214,1
AtamaokaC,1474.216449,1
alexwice,1779.399326,1
sharma235,1484.136066,1
polarbear08,1584.660975,1
Keno42,1208.932288,1
tanao_,1518.173134,1
takkyu,1294.344985,1
wushuhan,1408.126235,1
Mastre,1513.413209,1
ward1302,1981.200315,1
yy4,1192.051711,1
kamojiro,1479.318592,1
syangxhs,1130.399326,1
amstan,1097.893561,1
CatDog456,1064.429013,1
t1234,1235.415338,1
huas_dd,1212.413209,1
madhur4127,1129.688314,1
sy9351,1058.812801,1
Hyado,1164.200315,1
keroru,1191.429013,1
killer_khan,1296.663890,1
xzt220,891.688314,1
toku,1597.481577,1
Kircheis,1673.413209,1
asdf1,1371.793473,1
Apple_Boy,1014.501442,1
titia,1874.051711,1
null_null,1286.318592,1
megamegane,968.485199,1
masafumi,1429.070254,1
tomboftime,1642.916334,1
dknguyen176,1910.413209,1
imulan,2166.057553,1
jiit_rishabh,1194.126235,1
raywang,1652.413209,1
tanyangying,1116.027256,1
kanican,1522.731832,1
Urlieonthe4,1242.578268,1
intnincrement,1309.344985,1
digu_J,1309.126235,1
preeyadarshee,1176.620761,1
hi_watana,1415.784591,1
damekamo,1133.008540,1
saitaman,1063.318592,1
YamagenSakam,1196.107084,1
waccho,1477.243056,1
TiK27,1382.330762,1
syunsuke,1137.817446,1
Gobi,1541.131879,1
IVIosab,1449.731832,1
wanghaoze,854.429013,1
knom,1437.027256,1
ready_player074,1204.879232,1
Policarpo,1409.399326,1
ndifix,1271.846007,1
mizukurage,1471.846007,1
SIGSEGV,1304.399326,1
jebouin,1628.429013,1
ussef_abdallah,848.812801,1
new18,953.078518,1
minmin408,1004.481577,1
LEE_0102,1335.579863,1
malviyanshiv,1121.730399,1
henoc,1162.027256,1
irxground,1270.663890,1
erkam,381.189773,1
xiaoh,1139.011909,1
ikom,1579.916334,1
huas_wlalala,1412.136066,1
HUAS_FHC,1058.027256,1
ishitakaul07,1425.413209,1
miscalculation53,1113.730468,1
zundamochi_1117,1952.216449,1
hjmkt,1453.501442,1
White_Green,1242.429013,1
Marutai,1042.027256,1
Tendaysago,1231.578268,1
skaw,1197.730468,1
szk3y,1451.415338,1
kikage,1122.011909,1
waffoo,1476.730468,1
rajyan,1145.663890,1
hcr,1199.688314,1
Knupamon,1398.989272,1
daira4000,1070.429013,1
cplusplusonly,1657.501442,1
cobalt1024,1042.429013,1
fancy_lettuce,1059.832003,1
SpaceDog,1364.399326,1
playertwo,668.838840,1
umisan,1289.210085,1
grayf,1604.481577,1
dao3,1258.485199,1
fujioka_1115,997.136066,1
yaminote,998.989028,1
gjh,1215.589350,1
m44,1293.501442,1
k_______,1522.136066,1
ASTR1104,1290.344985,1
jp3bgy,1605.216449,1
dff9th,1374.216449,1
tnaito,961.083407,1
Raichu0419,1304.126235,1
tomozow,1096.832003,1
sbite,1350.870535,1
hotman78,1549.688314,1
ykmaku,1337.520399,1
aajisaka,2108.730468,1
arpan_14,1750.000000,1
eye_engine,1505.399326,1
xqxqxq,1212.731832,1
divinediscon10t,1379.579863,1
sarthakag,-79.882031,1
kaushalesh,925.620761,1
yusuke0710,1121.415338,1
harady,1485.344793,1
marble0117,1231.989028,1
WW228,1200.011909,1
akiradeveloper,370.101004,1
hrbt,1250.248811,1
senritsuki,1262.663890,1
mori08,1662.916334,1
zenrosai,1289.011909,1
akariki,1216.485209,1
Kuri174,1202.485209,1
neetsdkasu,1190.022045,1
matsukin1111,1286.429013,1
KharYusuf,1591.731832,1
octo,1413.900421,1
zylzyl,1517.812801,1
mikagi,1160.011909,1
penpenpen,1780.141232,1
maron8676,1245.730468,1
stan255,1341.213033,1
yssh,1351.083407,1
blackstone1,923.344985,1
Shizuku,1194.688314,1
miotsukushi,1086.083407,1
chomeyama,1084.663890,1
Scissors_Ss,956.224835,1
outline,759.216449,1
KouMikage,1067.916334,1
yoichiro,1377.011909,1
eeryi,1263.083407,1
p4sobaya,1177.663890,1
tsjmt,1582.216449,1
tat3,1322.620761,1
ecto0310,1301.051711,1
IvanJ,737.458517,1
ccppjsrb,1131.485199,1
jx6,1286.027256,1
machida_k,1319.989028,1
DMCS,602.017206,1
kiyoshi0205,1234.663890,1
takuchibin,1169.078518,1
Gary,1286.344985,1
fjordy,1160.812801,1
keno_ss,943.083407,1
q17770027225,1370.812801,1
DNA1980,1184.429013,1
shinya1999,911.638159,1
tk555,1302.280410,1
Kiterai,1105.638159,1
okkuu2,1646.429013,1
rafaelcs,1766.485209,1
x_zadfar,1084.011909,1
xiaohejun,1175.098770,1
nijnin,1199.501442,1
Okay,1426.784591,1
c_utkarsh,1403.663890,1
yuki2006,1186.307199,1
katryo,913.951449,1
abdullahalwani,475.822636,1
Bantako,1530.344793,1
packer_jp,1753.579863,1
tokubi_ayato,1339.413209,1
rodea_0952,1463.916334,1
emre,436.630472,1
Qdo4nb,1088.027256,1
Ruloch,1512.730468,1
toyama,1379.341348,1
ugnom1121,1261.078518,1
maguroguma,1305.900421,1
dinesh_12345,1428.083407,1
MaC,1369.932288,1
konoha4303,951.193322,1
noriok,1089.341348,1
wikrsh,1252.213033,1
AK141,1201.730468,1
gupta_samarth,1299.812801,1
Tqk,1651.784591,1
hirodesign,881.914908,1
tomarint,1470.879232,1
sash0,1626.879232,1
phanta_stick,1233.481577,1
sjc_fan,2242.000000,1
traymihael,1489.098770,1
liptonmilktea,942.620761,1
NTargon,1344.989028,1
daiAtCoder,1134.344985,1
shi,1618.163225,1
gakugaku23,1022.812801,1
sekaruru,1376.027256,1
Fu_L,1429.131879,1
laft,1457.078518,1
david,1072.344793,1
erbowl,1398.817446,1
tokio_at_tokyo,1007.663890,1
ice_heart,1092.812801,1
dAi00,1662.479721,1
theta,1585.749129,1
one0803,1045.083407,1
TakaakiUmedu,1492.088892,1
sasakuna,1622.200315,1
fly20040720,1410.395340,1
numberes,1188.832003,1
QDSN,1051.429013,1
hakatashi,1706.620761,1
taxi1729,1186.213033,1
iamaneet,1119.399326,1
Rasec,978.731832,1
ttyskg,1115.213033,1
nfaraday,1257.812801,1
wlalala,1307.330762,1
huma17,1454.078518,1
glia269,1406.900421,1
Doremi,1035.501442,1
pod,995.213033,1
masutech16,1368.057553,1
zukash,1009.932288,1
rob_in_1,1055.344985,1
holeguma,1931.916334,1
tomsyd,1109.057553,1
Chinese_zjc_,1209.413209,1
qython,1164.083407,1
mini4141,1288.730468,1
koyamaso,1080.485209,1
totori_nyaa,1397.870535,1
ryoma_k,717.090035,1
zln,1299.501442,1
kshinya,2024.881746,1
mosamosa,1101.216449,1
kyaco,1046.011909,1
Jazztarou,1140.620761,1
anmt,935.989028,1
cygnus,1163.399326,1
Noimin,1585.078061,1
tomomo2b2,734.870740,1
redultimate,1242.057553,1
lemon_,1349.098770,1
hamamu,1247.136066,1
sonuma,1032.027256,1
anmichi,1518.817446,1
ojiso,1012.832003,1
T45K,905.200315,1
VOVU,1041.083407,1
babumi,1265.126235,1
tsuba3,1161.620761,1
espressivosubito,1703.468325,1
nipun753,1030.027256,1
kinta122,1197.485199,1
hibitomo,953.136066,1
glucose,1644.098770,1
ykaicho,902.991860,1
edamat,1355.413209,1
yutasth,1196.413209,1
noribentooooooh,1480.216449,1
youth,1293.429013,1
amiralisalimi,1007.757984,1
tyahan3278,1058.638159,1
mencotton,1632.421465,1
takakin,1424.663890,1
CHENRUIJIE,1021.429013,1
zvonimir11,1263.413209,1
ir_1st_vil,1035.879232,1
mik76,626.344985,1
kalevala,1294.663890,1
fuppy0716,2391.131879,1
GidroOttenok3797,2195.027256,0
yvt,1460.136066,0
Venkat_Nikhil,1635.620761,0
KIT_,1074.832003,1
katom,1276.098770,0
koshikura,1146.501442,0
watason,1003.817446,0
bansakuaoi,1210.344985,0
ygsldr,1364.413209,0
socha,1561.485209,0
gasugesu,1190.784591,0
yuyawk_0908,1346.330762,0
nloglogn,625.366543,0
GunseiKPaseri,930.083407,0
emthrm,2049.479721,1
ikatakos,1995.578268,1
mkan_0141,1303.046092,1
wotsushi,1932.429013,1
Bwambocos,1480.163225,1
jj_,973.501442,1
Sashiming,1382.793473,1
moritaoy1128,1720.098770,1
seriru,1115.210085,1
Cyber_Wizard,1241.932288,1
mukakego,1004.479721,1
taka_katsu0411,1315.415338,1
nanatoday,1163.330762,1
Vlad1k,1248.812801,1
tsugitta,1144.126235,1
harsaka,1217.916334,1
Fabio99,1072.136066,1
earlgrey_yh,1404.870535,1
ttm8761,1415.429013,1
smail88,1110.663890,1
macaroni,1639.638159,1
saku630,1300.881746,1
akun0716,1136.481577,1
PyAlpha,1619.932288,1
hamuhei4869,1564.379296,1
slimepettan,1112.730468,1
ate,1056.318592,1
agw,1379.468325,1
ohshige,1132.832003,1
Valkyrja,1168.320227,1
m0bec,1125.817446,1
tetora1011,1011.083407,1
yutas,1056.399326,1
otamay,1240.027256,1
natsugiri,2846.216449,0
hati,1603.011909,1
psmf1,1493.638159,1
doradorasuki,1133.979853,1
tonnnura172,1224.098770,1
ishibashijun,1096.078061,1
yosswi414,1357.660975,1
Mukundan314,1190.932288,1
Altair626,1352.578268,1
T_Stream,1360.485199,1
nrhr884,1111.832003,1
haragumi,847.989028,1
k_k_hiroki,1522.011909,1
hiJimmy,1471.027256,1
soto800,1310.243056,1
kichi2004,1232.280410,1
Jaydeep999997,1590.413209,1
keitanxkeitan,1410.429013,1
r_mita,1220.330762,1
ibuki2003,1355.714047,1
zwu_2017010377,589.688314,1
venkat2000,1426.413209,1
ymtz03,1392.330762,1
ayatosuzuki,1241.330762,1
xryuseix,1070.415338,1
KumaTachiRen,1247.098770,1
riocloud,920.501442,1
ks2m,1603.479721,1
sunio,763.608431,1
Anmolgup,1009.136066,1
kitsan,1414.832003,1
tyawanmusi,1167.415338,1
nutaro,857.027256,1
gktni,1087.900421,1
buna,704.668595,1
saky0080,1021.027256,1
mochiii,1093.131879,1
arfz,1266.900421,1
mame_pato,1334.812801,1
stealthmate1233,860.620761,1
kaz1988,1380.534694,1
piyopiyo_hiyoko,839.688314,1
y_kawano,1567.051711,1
mmnk_atcoder,1090.638159,1
Kiona1018,1096.011909,1
ukohank517,1568.303214,1
muras,1127.429013,1
mutuhuhihusenonu,1606.481577,1
DarkAvengerr,962.731832,1
TsumikiMiniwa,1177.203754,1
AuglyGlnt,1059.832003,1
shiba6v,1105.078518,1
straycat,1353.083407,1
Jillclaire,906.688314,1
AileenBQL,689.639496,1
moxn_nxom,1478.481577,1
threepipes_s,2126.730468,1
senbeiman,1096.126235,1
shugo256,1689.879232,1
nanika,1434.320227,1
ta7uw,1232.817446,1
reverd,1202.118984,1
tada72,822.485209,1
fshuto,1003.485199,1
takecian,1308.057553,1
Squirtle,1064.057553,1
Tonyy,658.448645,1
wanidon,879.688314,1
coderanant,1140.399326,1
penerte,1113.916334,1
CleyL,1119.303214,1
st2d,1258.730468,1
Whatever,1114.228593,1
gax,1357.344985,1
ymat,636.692577,1
tsuka05,906.083407,1
minusj,1016.579863,1
p50p100,1135.989028,1
mugen1337,941.200315,1
kkkohhn,1007.832003,1
tokizo,954.979853,1
okaryo,1016.784591,1
okitz,1389.057553,1
jgy002,991.330762,1
Osmium_1008,1232.817446,1
mint,1347.320227,1
yftv6203,911.096374,1
tsutaya,1026.131879,1
ShadowX,980.719321,1
Micc,1170.485199,1
Owmicron,1488.126235,1
gmmtea,1207.501442,1
KowerKoint,1184.098770,1
arc,1415.534694,1
Hikobae,1292.136066,1
kawaikochan,1263.688314,1
hiroebe,1293.027256,1
skjmp,1189.037334,1
yamate11,1672.730468,1
cedretaber,1576.870535,1
DM7PvTyc,1367.879232,1
kyawa,1179.330762,1
ChthollyForever,999.875836,1
Index197511,943.916334,1
tsb2b,1134.259128,1
ya_kki,953.663890,1
qianzhengjie,1497.832003,1
huangda,1110.213033,1
warachia,1482.011909,1
i0i,970.731832,1
SPD_9X2,1063.083407,1
boutarou,1311.415338,1
BurnEtz,1161.494528,1
abaab,1128.041386,1
Y6I,1215.485199,1
BARISU,1022.730468,1
Haa,958.027256,1
onigawara,1192.481577,1
k0gane,675.083407,1
adityapareek,1237.136066,1
r_k,933.429013,1
flyio,1255.663890,1
kilattoeruru,1395.784591,1
hamukichi,1164.341348,1
hagi,1182.620761,1
nake,906.688314,1
zaki1236,894.479721,1
NKudryavka,1255.812801,1
toyocchi,1122.731832,1
yama2019,1116.688314,1
jellyfish,1162.642578,1
Bondo416,1075.303214,1
d6ms,750.832003,1
imharshit,1112.812801,1
sarf,1120.011909,1
dicecu,942.083407,1
hyahoitaro,949.083407,1
hase,894.663890,1
Kanaya,870.730468,1
dannygo,1277.429013,1
renoyu,1179.520399,1
kkiriyama,1116.098770,1
seeking,748.399326,1
tako0218,1174.051711,1
hpp,1070.344985,1
ha4gu,1024.011909,1
tunehira,1061.011909,1
Ken_Sumi1019,1074.784591,1
matsu0112,885.027256,1
Amamori,1243.932288,1
Systa,883.731832,1
Risen,1368.210085,1
kouma1990,1351.688314,1
university,1215.881746,1
tishibas,859.832003,1
kourii,507.678001,1
shop_one,956.243056,1
fxhfxh55555,1371.136066,1
takytank,1240.663890,1
youssefbou62,1581.582425,1
petit_sophia,881.200315,1
Domnack,475.853421,1
G_bg,1027.136066,1
nikesh04,1076.266672,1
yochan,1347.011909,1
ken_oz,1179.429013,1
letranger,1370.421465,1
edodo2,891.832003,1
Iceman0,841.663890,1
aqua0631,882.916334,1
solzard,824.126235,1
mkawa2,1060.330762,1
shinchan,1248.846007,1
nakario,1381.243056,1
Freddy_me_me2,972.501442,1
rzaba,1308.413209,1
ysfk,959.485209,1
ngs,1123.479721,1
daut,1171.318592,1
CDZSC_ZhangShen,677.071446,1
dbftdiyoeywga,745.817446,1
mk10,889.989028,1
oooooba,1019.303214,1
alumi,965.989028,1
CleanerBot358,773.932288,1
nh11092,733.832003,1
kw_923,855.812801,1
mo2,1331.213033,1
kaito72,398.599352,1
Dente,1040.688314,1
shimarut,1136.485199,1
ag_kirara,1050.027256,1
HynDuf,1285.731832,1
torimy,1459.932288,1
ringo9971,1080.501442,1
qqr_i,1139.817446,1
recess,1118.126235,1
noamoa16,1111.879232,1
ygumaan,875.620761,1
qiuzx,1049.620761,1
ymduu,1256.870535,1
Skuthuru,1000.731832,1
rennanrocha,859.083407,1
Saza,505.719175,1
mdstoy,1169.879232,1
side,1077.163225,1
hanyu,1104.501442,1
Gajumaru,1050.620761,1
akikan0,1078.812801,1
KaigyakuRoushi,1272.083407,1
Goagle,962.027256,1
lynmisakura,1156.200315,1
kzhrz,874.344985,1
JokerPoker,1831.429013,1
TaKO8Ki,625.399326,1
jerrydream,951.193322,1
yoshi1378,754.330762,1
tadaren,1007.078518,1
ichigaya_arisa,647.586126,1
kohdai,1120.243056,1
manta1130,992.485199,1
chenchen,947.216449,1
reud,959.141232,1
modiji,1410.399326,1
hiramekun,1304.051711,1
LiEat_D,1193.932288,1
ckw,975.344985,1
hibari2357,1223.320227,1
funa27,995.688314,1
stmtk,848.078518,1
Ebishu0309,1154.318592,1
numatanumanuma,919.098770,1
denkimisoshiru,1038.027256,1
enderman,379.946601,1
aguroshou,1146.846007,1
Ldwic03,932.027256,1
m1k__,1061.200315,1
taketake1818,413.193207,1
readonly_true,1150.989028,1
dudubao001,1188.011909,1
dolittle,733.663890,1
tmato,836.989028,1
mitsu333,857.485209,1
partender,381.189773,1
spookywooky,1103.083407,1
zenithian,1123.731832,1
pps,1179.479721,1
yahoobb,1181.027256,1
nhara551,1157.098770,1
itopost,757.989028,1
iwata,1213.027256,1
tamihuru,1086.900421,1
unyacat,594.344985,1
toshikish,1019.200315,1
fellp1,819.688314,1
tmsick,990.832003,1
pz1971,799.007800,1
myau,413.925885,1
yosiiii,1121.057553,1
crize,619.141232,1
Tetsuyamin,1055.932288,1
ksd,484.842563,1
fuyutsubaki,519.343733,1
Pine,729.663890,1
musaprg,909.494528,1
islingr,1679.000000,1
ankys,1337.812801,1
shimbotch,999.027256,1
hiraokatmp,900.083407,1
Byakko,1053.403306,1
amezaki1007,1116.415338,1
bayashiko,723.832003,1
motacapla,993.078518,1
kyo1,1037.485209,1
gomatamago,1062.916334,1
asanuma,893.083407,1
shar18,1052.916334,1
nksymsym,1328.126235,1
UtopianF,823.501442,1
sosuke115,1019.638159,1
maguchi,1145.900421,1
catchharsh,791.205580,1
aporo,910.027256,1
tata,1174.216449,1
Maaddy,944.402481,1
shima755,988.501442,1
telamath,555.649165,1
yuta1402,968.501442,1
osamu329,1096.429013,1
tmitanitky,1558.200315,1
eijit,915.989028,1
lemty,1262.479721,1
sunsy,850.057553,1
Little_Prayer,994.688314,1
karasuex54,1032.320227,1
silbul,1022.812801,1
matsushun,951.731832,1
sheetalg9,802.126235,1
lowking,896.812801,1
hakoshie,1115.320227,1
spellstaker,1433.011909,1
shoheihoh,614.399326,1
j4zib,791.530947,1
MizukiHashimoto,1374.879232,1
gotosahara,1053.403306,1
obsproth,1232.870535,1
akurorein,1167.320227,1
Ichijyo,1047.051711,1
the_fireswan,842.620761,1
Kenkoro,1121.141232,1
FDdwmk,914.663890,1
mmck328,1213.485199,1
nikuroll,982.932288,1
baku1101,1373.243056,1
lice666,847.730468,1
pyonsu,767.989028,1
tamaron,755.812801,1
flyingbag65,1014.620761,1
strawhare,954.832003,1
emiliano,657.989028,1
theMurai,998.083407,1
sekitaku,929.832003,1
strangerxxx,513.940474,1
ajioka,854.399326,1
zwu_2017010426,473.663890,1
streep,909.620761,1
hnust_guanzixiao,427.234328,1
kanade2001,1060.663890,1
seven_triple,578.401224,1
k_t,804.879232,1
Engelcat,948.688314,1
LeonJoel,1125.784591,1
m_meles,840.832003,1
EasonTao,663.501442,1
maple116,1597.320227,1
yotsutose,803.989028,1
kosuke1012,972.243056,1
itsutei,860.073254,1
yamakasa,1202.870535,1
kazu1,1133.932288,1
skid,614.027256,1
masakam1,1235.534694,1
takestoone,1022.011909,1
b_a_b_y,1212.731832,1
satoshi_f,1055.318592,1
NaokiOsako,1001.098770,1
prateek2112,1004.832003,1
nakajiy,1087.216449,1
lengthandditty,1424.098770,1
tami,783.344985,1
miguell,1246.126235,1
taka256,1160.730468,1
ysk928,867.731832,1
C01L,1629.663890,1
fysszlr,809.545919,1
fe8r,1296.989028,1
SimonSu,1291.556511,1
vivek_ghosh,1178.731832,1
jason53415,1366.126235,1
maleic,1208.136066,1
takumiw,881.485199,1
akio_utsuroido,1034.126235,1
butanokakuni,1089.817446,1
AnyOneCrushMe,1744.663890,1
programmer3,584.074856,1
Sho10,691.501442,1
taken,585.344985,1
tmyksj,1258.136066,1
cleantted,1357.280410,1
shogokatsui,1154.989028,1
yougaindra,1061.812801,1
ken1,814.989028,1
Apoorv17,1375.413209,1
coffee_beans,1329.638159,1
calei,674.027256,1
noma0722,786.879232,1
yukoku,1219.413209,1
Kobalt,959.429013,1
Megane_88,911.243056,1
NoneVoid,412.380624,1
redri,945.485199,1
ill,1350.879232,1
koneco,1342.413209,1
ouermaoo,920.385905,1
sleeper,598.360013,1
yukke714,878.330762,1
wattaihei,1062.399326,1
gas_o_line,927.832003,1
kajyuuen,995.730468,1
sugiura36,994.663890,1
kuzumin,1083.663890,1
sioiyan,966.399326,1
oykn,1100.501442,1
AT274,1490.181366,1
crom,1073.181366,1
kwkt,805.160495,1
jimmyeaaaaah,719.126235,1
ruu_413,1054.900421,1
zeus_iitg,1072.545715,1
suzieQ,803.027256,1
pollyanna,878.083407,1
berry,1058.429013,1
kiseichu,1137.344985,1
MatsuTaku,1301.141232,1
poposhang,1248.399326,1
kg1,668.027256,1
edgelord,938.074092,1
Tisuama,1154.136066,1
kyoto,997.078518,1
mpkato,886.731832,1
acchan,981.011909,1
Tatsuyaaaa,1012.415338,1
kkr,888.330762,1
swust5120170583,1004.169258,1
aya_se,997.663890,1
kebus,1132.078518,1
nrvft,1369.989028,1
neku,987.344985,1
xlight789,1322.276467,1
Deji,657.083407,1
mb1te,976.126235,1
skhiuk,971.429013,1
changmaru,561.981751,1
zero_kpr,799.501442,1
sanopi,602.869622,1
itomomoti,1292.136066,1
OKCH3COOH,972.344985,1
keyi,706.001266,1
rainy2041,1183.638159,1
shionhonda,1110.429013,1
hkawaguc,1087.663890,1
EikiSiki,663.824087,1
plus_kyoto,1001.429013,1
norippy,838.812801,1
yabea,553.453092,1
bamps53,659.932288,1
molchiro,1017.399326,1
ryota717,1229.485209,1
fastso,598.083407,1
kenseiQ,1123.714047,1
masaemon,878.989028,1
atchi_coder,770.784591,1
IL360,727.932288,1
Amelia10007,955.812801,1
chouxcreams,784.620761,1
gokosho,900.989028,1
nishin,470.729891,1
luma,2209.979853,0
xylo_nt,633.901348,1
inu_tanuki,1211.344985,1
monta__,1011.136066,1
keigow,1368.098770,1
suma,640.399326,1
qavion,1039.344985,1
ZWU_2017010550,590.663890,1
Taichicchi,703.989028,1
lisbun,1306.303214,1
sononamotom,1108.688314,1
runtalos,769.932288,1
paris2007,699.638159,1
yoshizou,603.634814,1
bells,1005.344985,1
hishigam,829.027256,1
jiangyue,529.501442,1
darshimo,986.485199,1
nejiyoshida,913.832003,1
iroha168,942.784591,1
shotat,1385.344985,1
okapin,366.989265,1
munin,516.363633,1
MintChoco,1403.330762,1
Nils_Olav,1030.688314,1
hayamari,975.740901,1
p66c206p,835.344985,1
w80707,912.579863,1
ponponpainful,1278.415338,1
pappagukun,1429.078518,1
ysenoh,1485.083407,1
kafZZZ,756.812801,1
tez,1047.812801,1
poon,714.620761,1
TeruMiyake,956.011909,1
Jabvara,427.050174,1
HIROSHI0635,487.609680,1
hattarist,983.832003,1
tato,1057.200315,1
fish0504,649.330762,1
Rhunosuke,847.330762,1
satosansato3,691.083407,1
SWAco,1005.784591,1
addy1234,1206.932288,1
yupiteru,1405.989028,1
Shinra,801.479721,1
adyyy,147.430415,1
Kay_Shirasawa,1003.011909,1
XgaraIV,709.620761,1
ngard,1090.078518,1
norachro,643.784591,1
pettanko,659.399326,1
repenguin,637.487413,1
rxoxixyxd,1034.399326,1
tyauykai,893.832003,1
Meshi,787.688314,1
koitan,919.243056,1
AS82,1511.990630,1
tomiik,1004.731832,1
mrtakosu,828.485199,1
wakamasa,587.952107,1
AviPatel_1_4_7,871.812801,1
ya38djr,898.663890,1
kanzakihikaru,989.731832,1
hgmogi,1256.413209,1
urachi0826,915.494528,1
kousuru,1088.731832,1
ansu2678,1196.126235,1
nt1010,839.429013,1
scat,1050.083407,1
takechan,704.730468,1
advgr1997,1384.413209,1
kingofwhitestone,687.688314,1
planque,637.487413,1
wesker27,583.588781,1
yugataka,902.083407,1
shomu36,1196.141232,1
bustle0309,1045.485199,1
nullnuushi,926.989028,1
mufaddalnaya,1237.413209,1
cptdeka10,773.620761,1
mikikun1959,942.817446,1
haruo,843.404175,1
yifa,1084.126235,1
hexa0611,810.126235,1
ktn9,785.579863,1
Parag_AP,354.683680,1
myoi0905,1307.051711,1
Kanao,539.027256,1
kitagry,941.115932,1
deemouma,1158.027256,1
vss16996,1042.832003,1
allegrogiken,654.989028,1
ulan4,928.485199,1
bugdone,1020.932288,1
yonkoamit,706.884667,1
ntk,469.715947,1
shenqihao,1162.731832,1
Code_X,750.688314,1
motooka,1263.832003,1
mirachu,1140.579863,1
godotmulfunc,1151.663890,1
daniel_huang,996.987737,1
SteinGateAmadeus,847.731832,1
wakimiko,934.421465,1
takumat,873.330762,1
zwu_2017010687,514.200315,1
lilium,1077.415338,1
miichan,487.160683,1
sup,1070.812801,1
eddysboy,1120.027256,1
kinoren,842.485209,1
tattaka,830.501442,1
hanon,885.429013,1
toshiba66,645.688314,1
jun__,1177.688314,1
shan98,1049.462388,1
yamake,411.294629,1
yamatoumi,1139.078518,1
zume,1019.989028,1
hiraku1997,618.663890,1
kzk_5124,757.832003,1
heysan,1370.481577,1
koheijp,957.011909,1
ogura01,1423.429013,1
sonotaro99,1151.501442,1
Suu0313,718.932288,1
takurada,899.501442,1
riverstone,420.686875,1
shimisho,1556.320227,1
kotorigasatori,611.098770,1
Taowenxiang,541.543518,1
topaz13,1126.216449,1
eSeF,622.832003,1
tasogare66,1066.688314,1
rutilicus,989.932288,1
kakujiro,1107.027256,1
rogi,846.083407,1
ikkunjyanaika,825.730468,1
kanade9,535.429013,1
ark27,1255.303214,1
Benzene,955.989028,1
Example,579.989028,1
tacchan7412,1167.688314,1
edge555,946.731832,1
zhangkai,735.429013,1
seeker7200,883.344985,1
bluediamond,346.682216,1
hiro5051,1265.620761,1
penicillin0,1097.200315,1
chanteur,748.932288,1
OpenTheWindow,597.399326,1
Kouch,1075.688314,1
tails1434,683.083407,1
monja,1295.485199,1
temp_name,1430.200315,1
rkouhei,215.602620,1
ankrypt,815.200315,1
os_blue,1051.083407,1
machikane,846.011909,1
gaidash,918.027256,1
patrick_psq,1457.330022,1
Coki628,1176.303214,1
mello,745.989028,1
t_tomo,806.730468,1
shikame,1000.900421,1
rds_98,695.841171,1
axikon,1015.688314,1
asapiki,779.027256,1
nuts,1584.141232,1
renjyaku,995.330762,1
satoooh,1060.027256,1
matsuge,857.083407,1
delfin,840.200315,1
nrkt,719.688314,1
yyoshi,615.678735,1
masa21kik,1077.344985,1
yudegaki,1149.485209,1
Koreander,1067.879232,1
kakiryo,938.344985,1
atsushi015,1307.200315,1
yokun,375.264995,1
suicla,823.330762,1
momenneko,435.949796,1
naru1,707.485199,1
is0292hx,470.453428,1
swkfn,1062.481577,1
colorbox,833.663890,1
u271969h,1055.485209,1
mochi999,1078.011909,1
ywak,935.399326,1
zwu2018010337,219.358516,1
kkoonn,743.676086,1
kuhaku,873.832003,1
nishit5,869.620761,1
T_Wakasugi,575.429013,1
Naco,807.344985,1
YIN,906.688314,1
toycode,898.344985,1
Scorabe,573.337352,1
kuroneko1259,544.281938,1
lvchabing,415.525595,1
yhay81,1077.083407,1
zwu_2018010621,-357.140903,1
wakahiro,571.048569,1
Ta910,881.011909,1
junjunjunk,1000.216449,1
doorgod,993.731832,1
yoshimasa_tk,1028.832003,1
sbs20190501,951.688314,1
useless,808.832003,1
Haju,378.690884,1
NagaR,599.363341,1
hoshito,1100.083407,1
emergent,814.344985,1
tkbtkysms,1065.663890,1
yoiti1185,775.620761,1
KKT89,1204.098770,1
yfujita,332.068719,1
kerotan,1318.344985,1
nabefuta,514.643354,1
prachi_birla,911.696099,1
StoneDot,1314.098770,1
Neroldy,1221.141232,1
elaina,811.280410,1
guess,515.663890,1
dmdd,879.276078,1
konngoma,1037.399326,1
yasunori,528.921931,1
nakamotoo,908.832003,1
sanket,1551.620761,1
myabu,623.501442,1
R_R,872.330762,1
sanadayukimura73,1095.784591,1
chanko1219,623.504570,1
rahulroy_1999,474.635713,1
lessoniana,635.501442,1
her0,809.360009,1
m_9719,1005.098770,1
hryshtk,800.415338,1
mozaic,832.989028,1
ice112358,573.588260,1
bikkle,1064.485199,1
buchy,655.693511,1
tonbi,696.399326,1
uytrewq12345,1130.501442,1
Raizu,852.344985,1
showyou41,664.213033,1
PARTH_4399,348.462231,1
nakashimanezumi,920.098770,1
tythen,751.894586,1
dyzl,1041.136066,1
aloeclair,809.879232,1
uoos,469.553929,1
kamkam,435.126507,1
Germanpoteto,1009.501442,1
kakeyamay,986.243056,1
macaco1101,679.932288,1
BOZWXJ,783.449711,1
koujiya201712,949.344985,1
dhreeze,827.591385,1
kuroku_969,760.784591,1
kokubun0293,1272.979853,1
tri_ephemeral,726.620761,1
Today,835.485209,1
Anonymouse,1023.932288,1
niodachi,799.598693,1
cloudy_happy,336.699519,1
H4Wk3ye,1582.812801,1
scol,1168.989028,1
chudanu,1244.098770,1
nadayan,474.552607,1
RavenclawOIer,1475.413209,1
seele,820.126235,1
parsee1053,884.900421,1
jacob327,356.863335,1
gaurav2k1,381.189773,1
rynnchan,793.801490,1
Tritama,500.619310,1
redriver,891.217263,1
shiraishi,377.159793,1
sasha,1015.398066,1
reede,515.429013,1
soldout,647.344985,1
kobo,35.190798,1
SDESTINY,565.330762,1
gifmr,641.344985,1
yky4n4g1,658.688314,1
mai2192,629.875364,1
matsuu,882.098770,1
luckyno9,562.485209,1
Phycook,602.688314,1
glycine,1303.534694,1
tdkhoa2018,800.126235,1
hild,920.989028,1
phoro3,742.011909,1
monariz,931.485199,1
sakuyaizayoi,1083.136066,1
s496t,1362.793473,1
Noze,839.399326,1
esio_trot,864.107084,1
BoZkR,1171.126235,1
hornistyf,1208.318592,1
yoyomion,1020.501442,1
take000,865.200315,1
porin,999.098770,1
moc,1249.485199,1
lemontea547,473.250579,1
maruuuui,1294.413209,1
dakasuga,456.163349,1
minarin0179,287.902373,1
fp563,986.141232,1
kenntin,459.426806,1
echikawa,675.344985,1
mamime19,1089.132207,1
itome,898.501442,1
color_kurenawi,936.213033,1
Ihave4fish,-40.905543,1
nyashiki,1170.579863,1
estis,753.784591,1
aki1502,765.932288,1
electrocute,1333.083407,1
wkkautas,1315.688314,1
takedaryu,777.501442,1
seikei135do,1025.429013,1
tmatsu,725.126235,1
tamazoo,603.095872,1
pointN,1005.429013,1
osushi5,891.330762,1
kasumi76,522.589460,1
lakiryt,944.879232,1
kussy_tessy,669.989028,1
ryoo14,697.200315,1
qrrakakh,1045.415338,1
Libra2924,616.797657,1
white_horseman,1454.136066,1
inonoa,1021.688314,1
mamezou,314.344587,1
dashiishida,794.027256,1
high_moctane,1058.027256,1
benqiXu,1544.295173,1
tea437354,996.485209,1
Rmarron,594.875597,1
rat,844.011909,1
entcat,857.126696,1
tter4,594.083407,1
komoyan,747.688314,1
yamamayumi9489,1106.638159,1
sparrowtail,472.116977,1
s11i,658.448645,1
kouyo,664.663890,1
utahta,591.792137,1
l8tot8kiibreak,756.663890,1
imaichi1191,824.485199,1
nuekodory,805.429013,1
motchi,299.759004,1
Sakkrai,563.893134,1
pokotsun,690.989028,1
hayao,835.399326,1
celeus,1095.429013,1
microkim,617.399326,1
Nenetti,780.027256,1
Saurabh66,942.746164,1
FlutCla,629.399326,1
aochan,889.485209,1
itsumiryu,503.450569,1
Delphinidae,-431.964043,1
notenoughmana,751.534694,1
kaz130,917.027256,1
mutaito,939.832003,1
kemingsurface,1494.213033,1
phos,724.098770,1
hasesuns,502.882284,1
k_k_dubey_,875.731832,1
MinBabu,787.083407,1
zin9,779.620761,1
popnpn,583.688314,1
AndrewK,601.083407,1
haruki57,1119.812801,1
kanishk779,849.736762,1
Yorstar,890.932288,1
jimacs,951.193322,1
deville,451.136353,1
ponu,1001.832003,1
Syuzue,1307.832003,1
rokabo_nutttsu,742.027256,1
Nakamoto17,1218.501442,1
kazuneet,699.027256,1
watlecracker,1061.124797,1
akshaykumar99,544.281938,1
medhruv7,815.399326,1
kkota,467.688337,1
mkyou,942.330762,1
iva7,883.730468,1
mysk,822.083407,1
kingyo,1228.479721,1
exion,1145.989028,1
dlmasa,997.916334,1
kusarimodoki,1285.638159,1
peace_of_junk,961.201523,1
colliec,785.126235,1
zeke,646.083407,1
chasohamaoka,763.932288,1
paotan,483.670850,1
tmiya0107,1086.989028,1
tsukimidanngo,798.501442,1
c_cucumber,693.083407,1
fjhr,934.216449,1
kdaira,907.344985,1
tetsurom,1079.051711,1
nehan,592.399326,1
sakashitatk,786.620761,1
aman14111998,615.932288,1
KouCuriosity,669.344985,1
dsrkuym,739.126235,1
retaliatorElite,324.739207,1
rk221,366.047897,1
kagami,723.330762,1
hanbeidayo,1034.141232,1
chanchii,857.330762,1
masamasa_42,944.731832,1
Nalga,992.730468,1
tokumaru,664.027256,1
toefl999,679.027256,1
soni_shrey,704.832003,1
Ayushi,439.831163,1
loquat01,542.581132,1
kametaro,1107.131879,1
fly,374.788414,1
Nocks_on,888.011909,1
Faisal_Al_Mamun,430.376311,1
Saber,842.344985,1
hiroeisuke,621.344985,1
takase,679.445340,1
keroron_yat,647.781346,1
Hatsujime487,1030.879232,1
catopy,663.544537,1
niijima,758.832003,1
yeye,1190.330762,1
yatabis,859.731832,1
the_zeng,1298.932288,1
verbatim,480.298838,1
oyl1998,82.304012,1
s14ti028,1073.870535,1
Aabhas99,917.812801,1
zwu_2018010502,-152.810654,1
nisshimo,890.663890,1
mokamoto12,589.466219,1
h_izu,752.485199,1
YukiMiyazaki,562.663890,1
hm00,750.083407,1
sugyan,1175.485199,1
ashu0404,470.092584,1
moosan63,673.688314,1
kiruto398,612.623706,1
Lee2004,744.870535,1
MotoAtcoder,1050.534694,1
m0ri0,807.399326,1
kirk3110,387.727062,1
jjjjjjjtgpptmjj,1021.318592,1
nayuta13,1104.879232,1
golions,1726.000000,1
yk356,712.730468,1
SoltyDragon,687.027256,1
penkuririn,1109.730468,1
rarapoyoyo,369.217683,1
rsypoz,692.620761,1
yvay5cqe,836.832003,1
eugalt,925.688314,1
nayuta_noname,730.243056,1
agw02010,795.000264,1
dgkyoro,412.380624,1
osushi,906.126235,1
tkg,810.403034,1
inaty,615.688314,1
prdot,959.731832,1
recososo,605.565015,1
nerovous,326.883951,1
hirotaku,960.083407,1
kotaronakagawa,690.932288,1
mumeiDoe,1312.083407,1
aratobi,921.663890,1
hy1111,1079.953334,1
takamii228,926.011909,1
shisama,624.485199,1
KuroUron,1296.485199,1
A1977747,917.027256,1
jotp,621.253301,1
nyon,956.088892,1
yyyy52,398.676347,1
tt829,775.832003,1
leeryuki76,612.274459,1
k97037171,798.688314,1
copasta,544.663890,1
keiouok,649.098770,1
inaba3,798.010544,1
Flandre25,1421.136066,1
llzzxx,911.688314,1
poripurin,962.399326,1
makotocpp,498.588862,1
litelightlite,579.904011,1
Shairys,834.043369,1
Teaki,527.216449,1
zda,673.832003,1
hiro_hiro,807.870535,1
mystile,1181.136066,1
codeforcess,1024.812801,1
nnapapa,748.620761,1
teacha,822.620761,1
zwu_2017010440,926.663890,1
pei166,905.817446,1
horitatrygle,381.189773,1
soitakahashi,843.330762,1
pjy17,677.466680,1
shore,696.011909,1
hatsumi3,571.048569,1
moueel,1094.369309,1
Easyface,541.391877,1
bocari,392.761850,1
Ribura,503.989028,1
ssjb,692.663890,1
Hello244,887.989028,1
huuchitaro,761.002559,1
kta0223,145.681530,1
tsuyoshi21,900.415338,1
noramike,359.779190,1
saba,1185.916334,1
kiyu,977.200315,1
ashraful,462.707759,1
LYC_juruo,1402.413209,1
mtgme,587.027256,1
zwu_2018010560,224.379172,1
m0lh0k0,467.200315,1
Nyla,123.788615,1
Shephy,533.063273,1
Futatsugi,1099.399326,1
kojiyasuda,676.854452,1
tosainu,774.083407,1
intst30,316.014736,1
Nifuji,1008.027256,1
fmp,927.429013,1
popunbom,681.194459,1
chai_tea_13,744.330762,1
g2k,259.037113,1
AislinnWishart,842.832003,1
masayukikubo,235.465736,1
RGL,1110.344985,1
aoba_sh,990.126235,1
peroxyacyl,1310.663890,1
Dee_ghost,940.936350,1
opfer,815.344985,1
amasaki,423.588662,1
mas_tai,961.688314,1
hrs,817.688314,1
kenichiice,974.083407,1
wald_14,662.011909,1
matchapy,1167.501442,1
kirisakku,507.070504,1
llkkaiopr,1304.323552,1
m203h,618.027256,1
Soeki,846.098770,1
l_h_e,892.243056,1
komo_fr,229.393924,1
yashima,735.658720,1
tk7110,817.663890,1
ciws009,411.717236,1
FrostMonarch,835.083407,1
aytkdk,807.688314,1
molety,803.663890,1
srobin,930.409427,1
kanjin,418.576386,1
arekoresore,601.870314,1
white_sunday,624.399326,1
rsato,516.667143,1
chihiron,299.089196,1
rei_k,1185.141232,1
ohtacaesar,1022.399326,1
gomimap,783.243056,1
venusb,1110.399326,1
ktakamura,657.688314,1
Koryan,1059.136066,1
ayana19,917.832003,1
hir810,832.011909,1
spARrow021,370.169385,1
beni_Fl,586.399326,1
saltboy,74.495559,1
kt0221kk,577.388020,1
i8nd5t,643.832003,1
masayuki,135.121751,1
ahskd,1346.812801,1
tatsu,870.011909,1
moorii,555.462182,1
toutatsu,1052.057553,1
kebayashi,522.330762,1
hiroshi128,1074.078518,1
hnustxiaojiachao,439.505375,1
amtgjw,958.916334,1
chirimen,128.013284,1
Nanami0634,654.027256,1
mizuki,1461.916334,1
keserasera_77,939.141232,1
cross32768,1072.638159,1
tomo61743,593.399326,1
km1216jp,998.846007,1
VolgaKurvar,860.832003,1
pine_tree,226.471891,1
BetterMyGame,559.027256,1
cinnamon,759.213033,1
hukuti145,646.144147,1
dispyaa,778.126235,1
osushi765,953.083407,1
eguchim,1126.126235,1
chobichobi,530.769569,1
xy170946,497.406441,1
calc,1327.879232,1
zxc_identity,913.131879,1
SYHNE,1030.083407,1
mochizukikotaro,683.340153,1
Roughcut,478.072805,1
BPM390,1095.812801,1
liusuHeart,1566.647356,1
kuspen,775.344985,1
Zray,1311.399326,1
mattyan1053,1256.213033,1
yn2001,878.399326,1
numkn644,595.832003,1
yokoc1322,736.222454,1
ameolp,940.936350,1
junijuni,726.011909,1
pybot114514,803.011909,1
alexara1123,966.485209,1
avijoviva,835.620761,1
makkii,653.213033,1
tmotono,766.197437,1
n_hirahara,767.126235,1
kaguya333,1024.932288,1
aokakes,575.011909,1
Theta_00,541.391877,1
daiotail,1133.501442,1
tdgne,940.932288,1
nemurice,942.126235,1
slash,748.688314,1
Zwu_2018010494,-152.810654,1
wakattaa,724.932288,1
Kandam,961.098770,1
vvv,865.429013,1
Hikki,759.832003,1
snow_easy,919.126235,1
moshanak,795.399326,1
tochiji,625.832003,1
singhpriyank,864.399326,1
iamrajee,259.037113,1
bluexleoxgreen,1068.200315,1
na1,299.277547,1
ChibaYugo,329.130665,1
Internet,774.479721,1
himagineer,702.730468,1
HayaokiMuri,486.225082,1
suika_p,748.688314,1
pto8913,628.479721,1
greeza,935.932288,1
akizora,569.213033,1
kenki931128,983.812801,1
jkdorayaki,873.812801,1
oziya,967.688314,1
ltzz,896.344985,1
BluePlusSymbol,781.344985,1
mak1a,622.415338,1
yoshinGO,609.501442,1
bababamizu,879.330762,1
k_yomo,484.842563,1
kimura1821,1097.479721,1
motoki1,1133.688314,1
arailly,388.943358,1
Yama24,929.881746,1
tetsuyana,780.485199,1
ttccddtoki,268.543200,1
kmd123,215.602620,1
hujimori,511.340497,1
ik181540,484.415512,1
mih,614.019868,1
yyatsuo,686.932288,1
Lemon293,955.479721,1
suzumebi,658.200315,1
atustat,576.344985,1
zaisu3,714.330762,1
cycle_io,1043.027256,1
kazuamgm,599.083407,1
TanXinyi,653.787692,1
granddaifuku,331.582089,1
taku_haru,392.057283,1
MiraiNIKI,985.485199,1
narita,897.320227,1
winter_rance,829.399326,1
konekuro,485.509938,1
KonishiJunichi,693.344985,1
eita0368546,943.011909,1
prfm_skn,709.621200,1
okd46,722.616964,1
tech_buchio,685.487881,1
kby,765.812801,1
ryuan71,978.989028,1
zwu_2017010531,431.243056,1
MegaChikoritaX,517.737802,1
YujiSoftware,1079.341348,1
Bil369,967.399326,1
tikitaka,621.679881,1
yanagirts,950.620761,1
ArcaneEnergize,856.812801,1
MASATO338,802.083407,1
valueking569,421.223156,1
Sma,663.932288,1
foobarhogefuga,600.330762,1
Jack8,940.011909,1
hypergori,672.485199,1
kazu123,1402.485199,1
vierbein,1011.932288,1
rijo0309,489.501442,1
jy57,990.932288,1
junppp,417.681781,1
Autumn_A,1227.320227,1
sumochi,866.126235,1
jimmyzhang,791.485199,1
KumaRyo4611,1069.989028,1
akoynk,340.920479,1
heidaertu,1251.011909,1
yuki1984,592.992887,1
chintake,-413.705284,1
rabbit1818,306.685166,1
HeyCube,613.958391,1
lijiaan,625.553406,1
NiuchiN,399.681144,1
HMaekawa,797.730468,1
jinpag,406.306607,1
umahara,317.545562,1
hepton,479.432347,1
sato_tcs,436.630472,1
yosick,1046.832003,1
FrevChuso,682.344985,1
hnust_chenjiedon,804.812801,1
haru9210,835.989028,1
Yoshiakira,977.051711,1
ike_etsu,392.255924,1
tyamada0123,944.932288,1
miyamotononno,861.083407,1
kudo1234,1160.083407,1
himatubushi,534.061188,1
arasius,998.501442,1
MasahiroBW,647.344985,1
tokotoko7777,1249.243056,1
harsh_rajput,336.699519,1
maoMao,688.843008,1
takey,910.200315,1
krn,470.346389,1
smurak,557.361035,1
Fire_and_Ice,1453.413209,1
smjleo,229.393924,1
intgrllllllllll,486.415338,1
Ryoya_1053,418.017886,1
ns191,659.989028,1
thedarkworld,618.879406,1
is,824.083407,1
Kazaha,768.932288,1
acannie,401.534468,1
zssa,738.200315,1
magamongo,-79.882031,1
ajiseri,560.663890,1
TShima634,528.054203,1
tarooo,975.740901,1
Memory,259.543994,1
nalla_without_gf,370.101004,1
kumaritanya11,890.832003,1
prem_cse,1127.620761,1
Geck,854.267935,1
Higurashi,500.878916,1
forest3,756.303214,1
nakamichi,474.635713,1
hatohato,1102.344985,1
jiraiya_777,724.126235,1
sekimoriko,559.837823,1
znkie712,530.021433,1
trek,414.162025,1
trinoth,1063.126235,1
sshibu4yj,95.745722,1
guracoro,378.382140,1
r_tkms,583.344985,1
azarashi,773.011909,1
daisuke_M,390.618322,1
midzki,1171.429013,1
ameoto,733.596859,1
kazurego7,806.479721,1
LoveMachine,1116.663890,1
MohamedHamada,259.037113,1
kys,982.225914,1
nayuta,951.303214,1
knium_,596.027256,1
tkm742,964.812801,1
sgpenguin,806.932288,1
tmksys,329.324878,1
hiraku,743.989028,1
zwu_2018010782,-242.068074,1
ellen159,720.997393,1
munef,389.107797,1
nakaokat,285.477591,1
YK0809,1047.879232,1
Abdelfattah,436.630472,1
kekenx,902.200315,1
hokto,535.663890,1
kinetock,947.330762,1
masaharu2015,1028.731832,1
khksmt1999,789.479721,1
CR_geometry,961.193843,1
okotar,506.607052,1
at_at,484.842563,1
Trietta,651.329847,1
ryozer0,340.582293,1
png,711.663890,1
outk,617.663890,1
k00ume,693.027256,1
pontsuyo,1188.213033,1
kogad,779.688314,1
e186jp,499.688314,1
hktech,731.399326,1
NakahashiNakashi,436.630472,1
ksb,855.832003,1
takinoko,991.126235,1
ishi,854.399326,1
eu50fu,336.699519,1
tacha_ioiq,946.688314,1
basiten,846.731832,1
conan1024hao,606.832003,1
r_s,558.102456,1
zwu_2018010035,-18.221759,1
kuromi,947.027256,1
eleven1059,162.439349,1
Daiki_Yamada0516,647.663890,1
shiano,692.255751,1
nuzpuz,754.243056,1
fastnoise,413.925885,1
esehata,334.913495,1
sakata1222,1037.731832,1
molybdenum,407.921559,1
rein_lieben,523.715784,1
cocet33000,804.688314,1
earlmica,764.070308,1
kn29,697.688314,1
mumumucoder,719.638159,1
STING,449.485961,1
saintpopo,625.959237,1
kyodo,477.530661,1
ngng628,473.886233,1
hoatmt1702,606.989811,1
tomutomi,609.688314,1
kageyama7,1098.126235,1
zwu_2017010503,799.213033,1
Takur0,697.989028,1
koyuki,-225.192867,1
gingi99,636.027256,1
ponchan,501.550922,1
zer0,469.730468,1
takayg,392.944314,1
YUYUTA,499.797576,1
kyokochan,824.694029,1
Henry_Chou,-145.292972,1
akst1013,324.596688,1
mnrutd,1001.429013,1
highchi81,474.941128,1
esaka,883.663890,1
BanCards,-357.140903,1
plsmin64,1174.344985,1
mhi3,1068.900421,1
anpanmaomao,776.389071,1
gurume,582.399326,1
anz021,489.485199,1
RedSpica,833.083407,1
riyokuhi,579.398074,1
azz,1349.344985,1
ju0ar,564.070529,1
shironaka,328.460184,1
Enstrophy,422.010578,1
ZUKAKIN,689.620761,1
ashish01,305.555510,1
e233,-419.395993,1
kumpy,705.027256,1
toito,896.399326,1
Dsxv,643.306770,1
zwu_2017010476,449.200315,1
dabokun,980.126235,1
MyouzinoHito,270.176285,1
rikka,1358.429013,1
para7comet,774.098770,1
wkmkymt,448.225487,1
drant57,724.126235,1
shade_tree2112,844.126235,1
ringokuppa,443.216449,1
hamako,819.027256,1
hope1203,365.868160,1
nemakura33,135.121751,1
aka15,218.305155,1
hama1080,741.989028,1
naolllab,540.011909,1
hide0903,625.216449,1
utchinu,791.530947,1
material,976.078061,1
hasamaku,643.057553,1
Sansansanlvlv,726.126235,1
amesyu,446.362150,1
tomananaco,537.286185,1
vkappa,390.104591,1
arbol962,433.530303,1
sintan,1064.579863,1
vqt,744.832003,1
shoshosho,424.113376,1
dedede_dede,904.456082,1
A0iro,882.344985,1
S_ZK,751.011909,1
p871,872.399326,1
TheKnowhowTitan,1001.126235,1
itanium,272.214087,1
jigsaw,343.078588,1
Torchic,744.125338,1
euphoria,741.501442,1
tsuyoshishuin,779.501442,1
tacky0612,567.485199,1
Hiro2019,715.501442,1
ak9,756.027256,1
Lakshya,718.270724,1
yshika,516.566498,1
u_t0s,342.353738,1
sbm1438828647,686.615745,1
ksuke3,52.066006,1
knhr,337.839086,1
Loll96,605.377737,1
tansio,477.429013,1
imkazusa,285.528576,1
hxgxs1,553.030615,1
ashitayaru,372.725304,1
jun_soh,679.700715,1
esupi,477.343538,1
Itatatu,765.415338,1
taku7756,706.200315,1
m4ki,121.280500,1
Shinlarm,357.949332,1
heian,1107.846007,1
lkeix_,615.501442,1
fujitsubo,1303.330762,1
Touri,763.688314,1
zwu2018010389,247.463926,1
katsuda127,798.011909,1
Vinicius_Aguiar,442.469992,1
hnakai0909,784.126235,1
zeeshan12,996.812801,1
zeronosu77108,864.832003,1
at1977,516.363633,1
skyto0927,763.483954,1
huuquan1994,279.960262,1
Sintax_error,830.330762,1
bonoron,329.324878,1
Alanzzzz,678.965963,1
usagisagi,1048.932288,1
shupopo,384.478389,1
Yui666,238.861444,1
terrafarm,775.485199,1
lnvc,426.133121,1
doreamon,707.894227,1
mizo0203,920.932288,1
yk8128,594.681417,1
charlie_04,372.725304,1
yambe2002,1562.812801,1
kazzix,147.430415,1
watatata,821.083407,1
hirohiso,907.932288,1
komugi,711.011909,1
zerosan,535.344985,1
vansha10,381.189773,1
river39,566.344985,1
miya_tacos,630.083407,1
qsar,182.234966,1
kimura512,998.660975,1
dekokun,599.363341,1
keep_OC,1362.494528,1
ageru,735.481577,1
tanimanianima364,679.415338,1
Pluto_SC,789.399326,1
steek79,963.731832,1
WataruTaguchi,348.474115,1
sh_yama,955.027256,1
swag3301,320.876967,1
Hatsabre,849.579303,1
teru0x1,774.083407,1
osciiart,1268.579863,1
escgreen,1079.429013,1
minszsz,1179.330762,1
sui_,444.927054,1
Ronit1111,907.812801,1
kobyn,830.879232,1
syou4,851.832003,1
alpaca3,1085.330762,1
cantax,124.448218,1
ms5,683.879232,1
n_tsumagari,753.126235,1
mola1129,584.832003,1
maebaru,576.344985,1
db3f566e,484.702581,1
mtkwT,374.807612,1
kanadeah,781.399326,1
xml9shiki,1161.132207,1
suta,973.663890,1
bookbibi,634.397789,1
nemoccho,742.344985,1
noza,785.320227,1
Tatsuaki,646.832003,1
mizuguchi,624.932288,1
tad092626,720.344985,1
dara,565.963517,1
kingarp,850.083407,1
trigonometricf,774.027256,1
suetech,698.485199,1
nopopon,769.027256,1
norihitoishida,547.046683,1
ymdt074,571.048569,1
Takeno_hito,973.479721,1
OvThAlmin,819.846007,1
toho_cake,733.932288,1
keiiiiiii,422.530541,1
zwu_2017010535,876.485199,1
licht0,626.638159,1
lotuseater,-197.252066,1
sumi_9648,294.737941,1
Hiroshi0923,-266.615372,1
madoka,481.216449,1
zwu2018010362,230.069881,1
Kuzz_pontie_Kak,-257.209950,1
tomoya777773,612.344985,1
rinyuushoku,526.844819,1
HaveFunWP,626.027256,1
likr,632.344708,1
Toshio,972.027256,1
rodaina,149.791302,1
acomagu,568.297960,1
huton,358.258639,1
n0h0,438.369312,1
stng,754.501442,1
zsupohs,259.037113,1
shuimosanqian,647.781346,1
unkmnm,613.980219,1
aakita,317.545562,1
KazukiUruma,488.656801,1
ScarletS,976.165192,1
mochi_yassy,557.485199,1
keiyod19,787.812801,1
pewton,297.307795,1
Iwassan,490.964511,1
ryitto,377.159793,1
okayamen,606.793895,1
yoshihiko99,574.566667,1
nishu31,-519.326947,1
binom,652.730468,1
Quartz054,525.458706,1
Gac,442.321182,1
mttkd399,527.717846,1
suuka,495.700763,1
kurage12121,658.448645,1
my7me,327.073477,1
Alma,743.473222,1
dyominov,670.730468,1
munyuhuwa,402.931890,1
Omar_Yasser,82.304012,1
Vector007,501.638044,1
threeStars,975.730468,1
rio1205,690.126235,1
tktk_snsn,684.501442,1
abc050,2296.163225,0
deisui_coder,350.538565,1
m0_ngesan,282.930238,1
acguy,1186.688314,1
binununn,740.620761,1
wi7ard,36.377720,1
Dabing,652.126235,1
takoagemat,971.638159,1
tmentaiko,673.011909,1
kanade_,585.244544,1
tobiuo1990,1233.638159,1
Personify20,917.344985,1
HimHim,662.011909,1
masao96328,516.324851,1
tapiokapan,338.152302,1
boxpurin,614.203028,1
tsho,439.795986,1
apigoflily,1035.485199,1
lp_peg,288.886431,1
mdy,847.663890,1
sigma7641,643.306770,1
ruiguo,268.193953,1
huji333,620.832003,1
keikubo,1030.501442,1
H4XX,1043.136066,1
nobu_K,1101.027256,1
javarin,389.185006,1
iiou16,556.832003,1
the_traveler_,1147.413209,1
AnnieWillEscape,494.167557,1
mozukuzuku,513.375524,1
iamzcl,536.295985,1
sobir_bobiev,1383.829563,1
anon565656,469.553929,1
shantanu0304,197.376841,1
takkaO,623.658889,1
apprec,804.330762,1
yakisobakue,621.663890,1
akshay_1,1109.638159,1
MZKi,594.494528,1
InfoFault,855.970654,1
pecitropen,475.822636,1
pumpkinpietea,707.688314,1
tomoki_w,682.126235,1
femshima_01,516.307595,1
geam1113,124.448218,1
ekko1739,-257.209950,1
mamao,877.429013,1
sakakazu,438.978865,1
Atomic,991.210085,1
snoowty,288.752800,1
notdqnbutoqn,673.932288,1
taroi,661.287911,1
toku_san,-79.882031,1
notDevDeveloper,-242.068074,1
toriiiiiii,595.747772,1
Znfnxv,850.620761,1
ikura1,327.514501,1
goto_isyuku_dev,902.485199,1
nitumeta339,930.341348,1
YanYamazaki,703.126235,1
tyclear,857.879232,1
bayashi5910,192.833712,1
necointi,574.501442,1
Jin_2004,446.147079,1
Kazhir,718.270724,1
pirop,438.098770,1
mototakashi,636.688314,1
tagasaki,701.948159,1
nkhr,459.493838,1
aki_sen,837.730468,1
pati2,421.738843,1
okano72,575.367814,1
chandanagrawal,489.362353,1
tskch,1317.136066,1
montez,962.731832,1
adamphy21,406.081281,1
TaoZicheng,375.829404,1
ei0124,883.243056,1
KetON,840.900421,1
snowrabbit,229.393924,1
makoto2001,457.173619,1
developmaso,819.303214,1
tarovel4842,740.501442,1
makkunda,1278.731832,1
hiroa,888.916334,1
ryotaro,979.011909,1
akatuki97,577.027256,1
sfuku7,425.425505,1
tsutsutaku,634.832003,1
masateru,258.767830,1
dsytk7,1352.118984,1
Lane,589.708542,1
coolbiz,470.158665,1
riverswon,654.688314,1
PeterTheGreat,234.039063,1
mikittt,825.932288,1
uochan8,975.740901,1
parthpm,381.189773,1
honebone,759.318592,1
wingman__7,432.362328,1
Shomiya,608.405741,1
osakanamaru,1229.688314,1
ch_san,409.252289,1
shadatsk40,782.359208,1
luria,190.315710,1
yakusugi,764.932288,1
strxx,364.305410,1
yayakona,1074.932288,1
andor,770.051711,1
desmoines,907.932288,1
squzar,815.989028,1
teozeno,794.620761,1
TakoKurage,1084.341348,1
NaoyukiArai,271.538899,1
kukita,745.932288,1
aqn,1129.084411,1
j06052,590.514712,1
zelosace,906.344985,1
twugo,243.185810,1
zwu2018010410,401.707091,1
kotori,1006.832003,1
chnbin,204.118577,1
Masamori,393.176936,1
chojuku,629.064377,1
oldlick,975.832003,1
masapyon,270.176285,1
shenhaiyu,506.652796,1
corutopi,1037.027256,1
keijun,773.319275,1
tkr987,724.485199,1
ryouA,634.932288,1
ryym,903.832003,1
kishanTiwari,841.270837,1
Tabasco,275.545493,1
aniket21,789.397776,1
Cloud_,286.634262,1
amaisuna,326.883951,1
boot__m,767.932288,1
wamiota,1073.283788,1
masuken,312.449670,1
zwu_2017010514,578.663890,1
after_carnival,493.768133,1
nagana,558.811349,1
mkgrei,964.126235,1
kann,174.507005,1
singh23saurav,136.667013,1
mojabo,386.565215,1
zwu_2018010492,-357.140903,1
bacon,504.303245,1
Shubhanshu,381.189773,1
ryo_gk,215.532787,1
imoken241,1082.344985,1
unaunagi,619.556289,1
Mallika_Dey,271.492386,1
wrz,950.960005,1
sensu,1051.688314,1
pay,646.027256,1
arrowGE,457.611868,1
daik_diak,1014.485209,1
dhirabayashi,254.144854,1
hq8398,805.688314,1
gangan,400.663205,1
MasterMaster,252.293040,1
tkyaaida,954.399326,1
RevoGen,82.304012,1
dilmnqvovpnmlib,847.730468,1
clarity418,674.688314,1
dekopin,547.989028,1
sakano26,847.932288,1
Ryo_145,830.479721,1
raj_aman,776.144434,1
HighPon,308.501395,1
kengo,956.011909,1
andriod_kazu,637.127172,1
ei1903,329.668399,1
shoukei,59.571186,1
kitagawa1992,886.812801,1
zwu_2018010408,-796.585819,1
noboru,312.230413,1
naimasa,536.026702,1
koffee,1036.200315,1
t_no57,539.135252,1
SAKANA_EYE,544.723282,1
tachyon777,398.138383,1
tjnt,417.681781,1
cheekama,548.797771,1
boomx,1198.136066,1
mulgray,609.330762,1
k_6101,729.213033,1
neoti,805.344985,1
Dexter,127.913414,1
uiiaoo,1068.011909,1
kurokuro96,718.730468,1
takay,801.344985,1
rakuraruharu,501.989028,1
qr9,704.936156,1
E_nana,760.812801,1
earlgray283,701.200315,1
gyouzasushi,1026.663890,1
MtModer,341.830144,1
at0x0ft,1065.320227,1
rokudw,586.663861,1
lavion,453.105895,1
Beluuuuuuga,391.731414,1
Megapo,902.932288,1
fffukken,401.707091,1
oldos,791.530947,1
sktaro,573.688314,1
oimo23,580.429013,1
Flores,302.998504,1
yysskk,535.759704,1
Ccucumber12,259.037113,1
shangtai,785.243056,1
nakamoo,872.731832,1
kit84,917.731832,1
ntjmy,718.344985,1
Chamy,738.688314,1
nealgosalia,193.194555,1
rabbitfoot,590.003309,1
Spartan,874.479721,1
SHOGO0727,124.448218,1
iryuki,197.376841,1
zaqi5678,485.200315,1
Sukegon,493.663890,1
toriwasa,546.021693,1
kayaminm7,1017.485199,1
KujoKaren,1109.485199,1
nobug5c9,1104.832003,1
kinopee0120,644.855901,1
znarf,550.730266,1
gaaaasuuuuu,274.365766,1
seeker,687.619509,1
tamapiyo,193.194555,1
fog_878,587.481577,1
bouch,231.011033,1
salicina,1083.606327,1
saittaman,496.606531,1
rokibulhasan,-152.810654,1
grangrangran,401.707091,1
Matheus,548.751258,1
gkothyari,589.708542,1
S_shady,670.344985,1
kmkm,506.975388,1
Walking400GB,941.078518,1
matatabinoneko,764.399326,1
otakuto,229.393924,1
kya,529.919494,1
HI_MA,234.256217,1
ROBORU,930.344985,1
siroyaka,213.924991,1
benzenehat,762.812801,1
sakujyo,675.126235,1
yamada10,330.289166,1
capitalist_bear,469.553929,1
Tomoya_Saeki,271.835400,1
zwu_2018010406,-133.115006,1
kazki,330.226191,1
procedure,-18.221759,1
muskie0802,802.989028,1
flywithtime,1177.731832,1
kizuna323,381.189773,1
Teriyaki0839,360.749468,1
kokotro,122.422272,1
spiral,399.812574,1
Mngshmok,448.547948,1
sylk,653.787692,1
parammittal16,783.865924,1
Fancy_,860.011909,1
jacksun,371.433755,1
You53,1019.200315,1
zwu_2017010574,917.485199,1
Vankuken,-117.887272,1
kaishitaeiichi,371.410158,1
gokichan,672.399326,1
Hakukyo,449.986324,1
kutakieu,776.144434,1
azisai,853.903466,1
msh,351.754431,1
taemasu,286.634262,1
skatsuta,473.423989,1
rishooo,692.932288,1
pankaj1800,561.867188,1
kt_soup,713.989028,1
lavitica,994.078633,1
humancipher,476.402029,1
fly_penguin,416.641370,1
pubyasuoka,858.027214,1
snowbird315,418.420580,1
kinoshi,841.152006,1
zwu_2017010896,845.243056,1
ykkaq,305.016527,1
Nazo9x,835.688314,1
jameshuang,558.243056,1
rinlucky7,596.083407,1
sirokome19,861.098770,1
tKentooo,625.017125,1
DuruDam,768.223383,1
mmo,760.126235,1
Faisal135711,625.832003,1
maki_glenscape,279.230941,1
ococonomy1,809.730468,1
seemore,329.130665,1
shun_shun,385.265516,1
takuya9,-142.137121,1
ghost002,730.415338,1
hirokey,966.101880,1
madpillow,789.399326,1
kyzk,716.083407,1
oneut,303.347751,1
opuoth,285.477591,1
dualism7629,769.126235,1
SparkChain,561.981751,1
william40614,644.248137,1
huruikagi,680.083407,1
Ganga_Jathin,264.734024,1
smartzxy,366.047897,1
mrhr,-36.275807,1
coolArray,476.402029,1
SakuYH,413.925885,1
ynakamura8,361.926149,1
cyk,645.399326,1
makotom0330_2,441.954392,1
tmdtmd,551.467976,1
takanorinishida7,659.007626,1
kakishin,234.489816,1
oyassan,543.879232,1
saya_ann,973.663890,1
yakuta,312.449670,1
umezou,537.344985,1
nishin0z,345.778906,1
matsutake,680.344985,1
Ayaya,224.292049,1
T_M,877.132207,1
fiord222,460.134650,1
youxiaomeijiu,577.009063,1
epopaca,1231.415338,1
nobunobunobu,1314.932288,1
MasaWorks,-180.228221,1
aoki91,-29.823245,1
a163236,225.246221,1
th13miko,509.465720,1
zwu_2017010609,714.730468,1
karan_noob,506.652796,1
utl2,258.500832,1
jnswr,514.766167,1
Vinc3n7,211.884932,1
nacky,1224.200315,1
amiq,964.136066,1
askt,698.482028,1
monjies,986.344985,1
Camelus,683.832003,1
Loxoprofen,566.148455,1
kefgert,381.189773,1
wakameziro,420.208300,1
ningensei848,114.452663,1
utasan,574.662879,1
takezo25,260.030404,1
telstrav,242.192849,1
jammq123,3.025077,1
tang,328.330374,1
tomotin,234.489816,1
mppp,429.668863,1
Syngonium,495.700763,1
Ntti48,559.350005,1
nzk,513.575139,1
tinkai,557.394011,1
HSC58,220.147569,1
iketyun08,599.485199,1
procrastinator_6,600.638159,1
NekoZ,424.661036,1
tochi_ondy,898.663890,1
knk_kei,258.774398,1
antriksh13,717.090035,1
daguniko,895.620761,1
touchico,129.544110,1
TKD0022,740.832003,1
marozex,109.306343,1
rsuke,739.083407,1
liszt,260.996248,1
Komari,197.682256,1
moyashi6347,429.064750,1
snaka0213,910.083407,1
ramenjuniti,456.163349,1
PUIPUI,359.562884,1
ido_kara_deru,917.688314,1
misosiru0517,409.621671,1
tancematrix,689.083407,1
nnn001,651.344985,1
cohey,849.501442,1
Inactive,463.546944,1
Nkano_625,381.189773,1
gtnao,1189.731832,1
reitetsu,627.000552,1
ktr0731,569.832003,1
fgtatsuro,811.443347,1
malic,769.638159,1
Doppon,509.547744,1
Takeuchi_dlab,35.190798,1
kmmech,922.731832,1
ei1918,25.739632,1
tyzk,-492.291644,1
jojomonkey,580.257376,1
hobbit,162.572290,1
Kein_Yukiyoshi,144.143866,1
saki6674,858.731832,1
superyasuharu,-242.068074,1
supercell,448.913728,1
wataru080529,791.344985,1
yigori3,833.663890,1
moriiforfun,1510.213033,1
bunstturnen,475.927054,1
Siberian,956.224835,1
patilc125,153.828692,1
tijooptvlf,806.989028,1
Gamyy,375.837250,1
Closter,359.562884,1
smith30,520.754609,1
hilolih,577.688314,1
maruwo,419.282940,1
bouzuya,696.989028,1
laiskuus,335.477908,1
teppi,633.071088,1
qsys,526.501442,1
R_K_C_,322.104469,1
hujinming123,664.933017,1
rakkodake,534.072101,1
hatomuru,745.501442,1
taka6496,-13.125868,1
beginnersluck,565.083407,1
D0H,557.771186,1
rabster,1402.281471,0
paci,35.190798,1
wana4,560.725416,1
sagoj0_,746.330762,1
mjf2015,581.468983,1
skm16022000,52.066006,1
Atoll,511.688314,1
amitray1608,229.393924,1
abel,798.157250,1
segatomo,572.344985,1
hnust_chenrui,684.600627,1
easy,538.083407,1
sqrt,412.380624,1
j0hnta,288.886431,1
kyon2326,1115.989028,1
sandwich339,512.333246,1
nayuta9999,386.611728,1
miyazakiyuka,234.256217,1
oiuytr,352.106327,1
physalis,774.429013,1
tic40,494.874437,1
yokotani,291.233778,1
Egrid,797.812801,1
ao938,142.949428,1
itsuki9180,430.704438,1
Manuel1024,901.663890,1
yukikaze,198.011866,1
daiki000,561.364249,1
teru99,162.572290,1
young_yue0713,344.421009,1
chobigoma,604.344985,1
rtSUSY,131.965901,1
kerozou,643.399326,1
tigerrr,224.379172,1
castle_99,653.626323,1
shuhin,-796.585819,1
ntk_ta01,428.198553,1
sakeo,259.037113,1
TegeTege_Racing,182.956667,1
RokuNy,381.189773,1
okashin,151.772050,1
Andromeda,127.287485,1
Jacopastorius,560.408158,1
dotpon,43.954200,1
asari755,35.190798,1
mathaq,292.335532,1
Kosuke_S,792.200315,1
riantkb,2627.307199,0
downmelt,151.772050,1
theta11,701.948159,1
mahabub_tweety,-372.282779,1
MYota,382.977409,1
pandachan,524.318592,1
hituzi,668.989028,1
eve0,336.830058,1
ko_ya346,362.457832,1
it_akumi,652.989028,1
dlakhera,-18.221759,1
Yutooo,35.190798,1
nhpp,361.590044,1
fumnyamu,355.915465,1
hori75,475.822636,1
ochazuke,220.147569,1
kani_bonn,920.385905,1
sakana,390.173553,1
taba_yu,267.482819,1
kilu23,306.366633,1
BrennerRios,758.429013,1
biones,844.057553,1
noman,1283.011909,1
verytable,1474.812801,1
dadaseijin,574.662879,1
banirax,608.019011,1
theoldmoon0602,1237.900421,1
riorio1174,604.011909,1
kenketsuzuki,920.501442,1
youyin,867.083407,1
tm_y,297.126008,1
sakanagi,752.429013,1
jomj,123.788615,1
fr_sarker,47.366520,1
kuruton,129.047735,1
yosukewada,917.041390,1
uwi,2905.817446,0
sereru,757.832003,1
moppppu,683.340153,1
nanasi_r,448.225487,1
onsh,208.519504,1
fujinochan,1210.620761,1
kiteretsu,211.884932,1
tamamu,922.870535,1
mura5726,670.213033,1
asada00,304.210111,1
sh0,519.451721,1
makishimutomato,419.485209,1
nya000000n,761.906043,1
yakyuubu7,903.399326,1
Muma,381.430018,1
motty0533,523.011909,1
dagasi963,736.620761,1
jyouren,197.619346,1
kickkick,568.492650,1
nunor,892.832003,1
RifiEnter,773.865404,1
cba,420.686875,1
suzuken_w,759.083407,1
nemitamu,234.489816,1
SilverHammer,742.469021,1
mss7z,752.932288,1
malcheese,1184.932288,1
dadrmmua,778.929888,1
chomsky,188.352522,1
silatori,571.688314,1
cmamt,744.027256,1
mehedi10,-257.209950,1
Kawak,348.462231,1
riima,492.475209,1
RyosukeML,399.681144,1
syokubai,956.620761,1
tyamauchi,191.044112,1
Mitsu2608,850.620761,1
hs_tako3,95.745722,1
mark1010,237.428924,1
tarochii,436.630472,1
yusayukio,246.425326,1
crow31415,733.706723,1
ohoho831,654.485199,1
binhtranit,909.620761,1
ryosuke129,695.932288,1
satougashi,745.774825,1
miumiu_00,511.515089,1
return_my_2007,2243.213033,0
T0ht0m0,320.253836,1
mimtari,1140.344985,1
gassann,417.990444,1
umeboshi123,519.343733,1
ma5mo3ru5,647.501442,1
Amethyst,-242.068074,1
moshida,573.337352,1
haru_muska,892.730468,1
soredokojohoyo,407.929973,1
darm,-79.882031,1
chlorine,504.025007,1
eiya,2194.181366,0
leafirby,145.923419,1
senn,-66.027494,1
crouka,349.111892,1
kamelong,1509.485199,1
zwu_2017010630,384.884485,1
yurari29,729.429013,1
sarugami,756.078518,1
hitokage8000,105.278366,1
Molina,522.414584,1
kt88,357.265678,1
hrm951227,738.011909,1
ikarostech,1143.485199,1
dac_,454.521575,1
sky111,379.842368,1
Ozaki0509,382.555648,1
Tobutori,259.037113,1
gnao,714.989028,1
EOi,1021.832003,1
zwu_2017010386,294.723786,1
roq,82.520318,1
matsato,249.697412,1
kyprototype,439.505375,1
takamo,288.886431,1
natu,540.485199,1
ryosuke07117,784.429013,1
anchor_cable,311.977345,1
meimaru,-142.318907,1
etanoru,639.663890,0
asterloid,1003.338049,1
hiromi_ayase,2016.163225,0
Tatsuya_san,1033.011909,1
hideki,486.225082,1
sonozaki,817.344985,1
tanujjohal,730.620761,1
ksMdSsDc,489.839324,1
shivam_bhalla,1037.812801,1
susiyaki,82.304012,1
Mikage32,688.324772,1
tetuomi,234.256217,1
computerchorus,444.098770,1
fujiyama,543.660975,1
wayso,693.688314,1
muramura,251.663059,1
hyt126,401.047487,1
tomiharu,-79.882031,1
Bordeau,3.025077,1
yuuusan,20.048922,1
ttakku,491.591901,1
Enjin,-534.468822,1
vector1732,-125.486822,1
klno,703.213033,0
Shunhattori2005,405.172286,0
mosmos21,1245.051711,0
nanamin220,765.989028,0
KEN_RP,1089.098770,0
a_yoshii,1196.501442,0
pirorin,1205.027256,0
pvar,525.887893,0
Kitaasaka46,799.011909,0
srijamk,247.463926,0
greenapple03,261.756165,0
asamas,1210.243056,0
puvon,1082.344985,0
somurie06,929.932288,0
yakutou,845.011909,0
nanmowakaran,503.419446,0
Shirasu1212,497.501442,0
tobari,1076.126235,0
uemt1,1080.216449,0
Heca,874.027256,0
shiro_t,1166.731832,0
null0124,339.232467,0
OLIET,422.940402,0
K10S16,507.129044,0
emCT,1218.195222,0
cucumber,64.361662,0
rkmathi,619.989028,0
yk11,555.280410,0
robertcal9,827.344985,0
atjh16,1084.216449,0
bungoume,-796.585819,0
Gizerst,573.192629,0
code44,644.344985,0
blackyuki,96.378745,0
ktanaka,1220.330762,0
tuko_black,657.989028,0
Asterisk_S,282.728439,0
lion,536.295985,0
SUGA_UEC,428.851887,0
oftun,109.352855,0
cyutake,946.051968,0
pyromix,501.663890,0
hase22,-7.082588,0
shuG,927.485199,0
Tommy6,1125.280410,0
kmarze,251.696770,0
Sophie1234,753.098770,0
Empress8,161.400923,0
hagisuke,509.544826,0
bakenagi,687.027256,0
udhiii,1233.932288,0
i_za_world,161.824706,0
ryota101020,344.239222,0
silmin,326.883951,0
hinataro_,602.501442,0
taishiNS,832.320227,0
tsune,301.350723,0
kkrr,666.832003,0
nemupm,1275.688314,0
Amagi109Souma,489.330762,0
kitokun,491.141232,0
hostias,620.501442,0
Deepak17337,260.996248,0
kokubunjigaisen,440.254783,0
Te9,540.344985,0
parsleypaseri,203.861854,0
klykov,976.126235,0
Atria,751.213033,0
omeravci372742,1482.136066,0
yu8ka,584.074856,0
katumi,705.485199,0
ZivFerdinand,-114.819523,0
toshibablack,1090.813730,0
ck_hci,158.690924,0
leaf_b,826.027256,0
krtomo,704.668595,0
whistlePCR,572.501442,0
wander_a_street,226.402265,0
hushojin,1057.305776,0
azihsoyn,490.964511,0
dais39,337.611533,0
neriume,229.709777,0
shung11260,524.722798,0
mayu5mayu2,-796.585819,0
gotoo,135.121751,0
NB29979,518.200315,0
anmitsu_553,926.620761,0
AsaKiriSun,453.419821,0
hntk03,602.638159,0
makohan,497.839591,0
I4n,286.634262,0
enboss,784.620761,1
nok_nok,1199.932288,0
bramth,159.043018,0
AItale,798.663890,0
shrimpName,379.866372,0
yoshi_tech,313.636592,0
hakusai0517,361.590044,0
gustavolima00,697.126235,0
jdkfx,58.394676,0
Minalin79,275.552996,0
vinhnt,-30.833546,0
matumoto,228.914891,0
txaik,645.663890,0
hyhheatspenguin,-79.882031,0
rentororo,34.802383,0
Naoki08,407.341755,0
usks,667.143609,0
tottokodaichans,369.217683,0
rubisaku,561.998617,0
teruki_kun,1182.918137,0
HsgW_bB,510.660159,0
hyle,496.060403,0
tetler,841.270837,0
lucas794,401.254738,0
minfaox3,254.909634,0
yu5shi8,464.640158,0
shiro_hane,382.680798,0
Rogers,410.409125,0
NonoArk,406.954623,0
kkanazaw,187.925675,0
KUMAWO,1016.017856,0
nulkana,377.788663,0
ytsutsu,1009.879232,0
yoshishi,831.832003,0
nesouda,636.692577,0
tmp271828,940.126235,0
softw0rker,286.634262,0
KY0013,638.622165,0
nachikobi,162.572290,0
equal_l2,812.501442,0
h416,545.688314,0
Fritz,475.822636,0
komichan,306.685166,0
methyl_pentane,655.932288,0
nishikori_bot,398.130736,0
luce,420.686875,0
teacat,1002.200315,0
fiore,894.620761,0
clion,336.944156,0
amari,465.011167,0
gennkei,85.869078,0
tsumiesu,727.027256,0
C7BMkOO7Qbmcwck7,1201.303214,0
daxiongmao05853,19.030188,0
kaid_lc,504.816246,0
pict,257.819518,0
shelfbow,734.126235,0
zhaoxiangyu,533.688099,0
yangchenhao,365.008023,0
blob_san,782.812801,0
glennando,321.400336,0
hamyu,632.485209,0
naoyaaan,461.472846,0
naoty,648.126235,0
Liuzhenning,-79.882031,0
idoran,329.143091,0
motaleb_ICT,586.429013,0
tenjo,329.668399,0
cumin,527.027256,0
ikeji,870.731832,0
wishangel,589.236218,0
buruburu,535.190638,0
UIZONO,-242.068074,0
bao_do,1293.712851,0
mycroft,305.887613,0
higara,678.965963,0
kamecha,251.794534,0
soratobi,18.262778,0
rinrion,78.562402,0
kitamu,164.887433,0
hagitaku,370.690545,0
mob,-796.585819,0
tsunpoko,807.265763,0
sahil,-796.585819,0
Fractal,530.566309,0
skrnsozkSZJL,829.832003,0
EPhSON,-5.423472,0
Ringo0731,260.482450,0
morishio,535.665127,0
ieo184jd,150.939681,0
Peiori,151.772050,0
mouse,241.182110,0
alauda,-38.210150,0
takashi_rits,159.043018,0
fal190,976.083407,0
king_of_sun,452.286097,0
u_u,112.914681,0
nksy2019,689.083407,0
srniyko,-197.252066,0
chiyoko,-83.893156,0
Nekomimimi,1159.280410,0
akinoyonoyume,265.824516,0
zuziyi,229.393924,0
JatinThakur,52.066006,0
tatsuhiro_h,334.563555,0
Iyouheshe,286.634262,0
nsd,362.457832,0
doraken,-145.292972,0
otaru,436.630472,0
komatta,1086.245157,0
yukiymd,832.621851,0
tetra04,19.030188,0
newnambu,-142.137121,0
pest,472.485199,0
msm10,658.448645,0
daichihasegawa,207.983342,0
romth,23.854855,0
karmanord,436.619121,0
zawa0222,-796.585819,0
toshiki_tesla,366.047897,0
marurur,699.475320,0
KoteElec0320,444.533616,0
army,406.603272,0
yaok,926.663890,0
meuniere114,-61.656252,0
deku17ans,162.537113,0
shu_hei,193.471019,0
BISTEIN,290.608951,0
yomopota,529.053406,0
blood,401.338441,0
ajdwee,395.022097,0
syobon,299.381647,0
yukiho,457.683461,0
coffeeapple,954.832003,0
urusiguro,378.434639,0
coderr,-357.140903,0
syu_kwsk,-79.882031,0
naotooct25,455.184026,0
takoyakiusagi,695.730468,0
ga_su_,568.688314,0
PowderSnow,339.442199,0
SpringUtoro,889.027256,0
kyurimaki,806.214514,0
yasshota102,607.548038,0
nicetacks,521.154110,0
HarshaMungi,259.037113,0
kasu_miko,737.415338,0
koikei0420,461.472846,0
kobashun,1353.136066,0
Azo,20.048922,0
tearadaosu,-118.567949,0
baum,276.194220,0
paddy_ist,619.479721,0
mitchy,234.489816,0
bubu_suke,262.503244,0
ei1941,46.333460,0
sankaku,439.505375,0
endlmk,610.932288,0
KenChaM,120.620319,0
end313124,260.030404,0
shikamiya,1039.731832,0
Osakana,477.150018,0
sean7391,393.176936,0
Tamofplease,442.469992,0
pnnc205j,1174.057553,0
kt142836,106.007910,0
h_16110s,471.330762,0
tst96,301.336916,0
kuribo,594.501442,0
yusuke419,561.193585,0
NOSHION,320.253836,0
matsuri0828,203.861854,0
Ryota_K,124.448218,0
Ferho,226.191697,0
Laylania,488.663890,0
wahahawa,653.817446,0
FZtc,422.940402,0
karudano,320.912970,0
yumas,329.730938,0
gypsygipsy,377.279924,0
Sa10L,-242.068074,0
someone7140,531.989028,0
kztanabe,67.883838,0
keroido2321,265.223679,0
Kumacchi,522.339820,0
aryan_shobhit,162.572290,0
Mizusa,357.949332,0
cjtheone,136.667013,0
denden12,1066.243056,0
T14,419.327627,0
mioshi,522.414584,0
masatosugiyama,199.495379,0
kuwoko,401.707091,0
Tagui_A,124.448218,0
onimothu,397.464138,0
naoi,148.976493,0
TaskhaveFun,-79.882031,0
Yashi84,49.814604,0
selphie,694.832003,0
always_allokay,49.814604,0
sakikuzu,412.476836,0
kasumi_n,491.329134,0
bouldering,412.380624,0
kawama,43.618095,0
lib7,577.083407,0
JonathanJava,336.699519,0
sifa,71.213056,0
ebi_fly,265.223679,0
saturnglave,29.279335,0
remonjuice,242.113872,0
frederica,1038.136066,0
kinanbon,232.678268,0
wakuto,55.298933,0
kanaami,504.386382,0
unicoonn1,306.474535,0
Tenohira,882.620761,0
spsc,-263.597892,0
gt867ru,219.823201,0
ilikemap2,369.171539,0
saillern,338.303050,0
sato_ac974,216.509261,0
ansergeyg,151.772050,0
llCarnagell,182.234966,0
POIsh,483.047990,0
datsu000,139.510963,0
nekoyashiki,348.462231,0
YudNK,444.803767,0
papamusi,192.222702,0
scnsh,649.932288,0
wasshoy,-302.854686,0
Hashizo,311.574051,0
kita889,565.466849,0
takasa5,425.181304,0
toma_bass,64.361662,0
NBKB,-46.839744,0
koro56,-242.068074,0
kaneko_t,451.300023,0
wai_doi,419.282940,0
zenchan,294.295613,0
ptolemy,702.501442,0
kaguya_kiyo,-147.714762,0
y_nomu,29.279335,0
ruthenium3825,633.071088,0
trustywolf,220.147569,0
benK,-796.585819,0
yukihara,99.746017,0
yuuki54,-251.519241,0
tyty0822,339.277235,0
EasyMoneySniper,312.449670,0
takukiN,582.814382,0
sayamahiro,344.943000,0
mit09,362.402151,0
popketle,274.365766,0
yosukesan,357.601783,0
kkohtaka,1007.757984,0
kshr_yuki,-368.229672,0
kutzoa,776.144434,0
covcb,113.585699,0
akisato,434.423225,0
Orion2506,483.314499,0
PG_23,486.479721,0
misaki0215,261.155555,0
aoshermes,433.420510,0
ritsuka,299.499902,0
KeiS,-128.282379,0
kk0195736,663.479721,0
tomatotomato,521.748928,0
Ter,-425.470010,0
JUN_NETWORKS,8.218719,0
TruePotato,-152.810654,0
Akatsuki1910,502.989028,0
maigo_mayoigo,324.596688,0
ttshiko,1016.731832,0
masarou,496.606531,0
coffee,184.395759,0
Ytsk,552.804365,0
Tkisha,19.981890,0
tkdshi223,451.470206,0
u_kei,-4.885706,0
masu7s_i,204.118577,0
Donguri2828,421.402738,0
ayano1998711,448.225487,0
emli,905.141232,0
taka_29,-18.221759,0
kyou_syansyan,-232.413276,0
chiko4192,291.039088,0
midorigoke,865.098770,0
galileo15640215,429.576471,0
kirimin,162.572290,0
xftpt,377.159793,0
obancha,1128.620761,0
thallium,607.548038,0
yoshi0,298.946877,0
subaru2003,346.930475,0
ghbjy6,446.523099,0
aaasif,-242.068074,0
viru31,140.812461,0
wasebo555,465.523744,0
tekk,498.258722,0
meitou,-26.088010,0
stplum,282.578950,0
TakahiroNakamori,378.009246,0
Toranks,172.414159,0
ikuradoon,-195.549678,0
thawk,727.347288,0
strimuer213p,526.900421,0
Sve3663,344.421009,0
cm11_ike,280.256034,0
blackfish,1118.330762,0
tallho,319.622612,0
kumjin3141,668.485199,0
Naochi,405.358602,0
mayu__p,-205.405853,0
robot,354.663748,0
anna,420.839510,0
Ivu1820,-371.561078,0
himu,237.196394,0
martini,1032.989028,0
gemmaro,561.998617,0
YMHR_U,420.839510,0
ochazuke1147,521.154110,0
nekonekoneoko,675.404820,0
win2610,-94.302205,0
FPC_COMMUNITY,40.286689,0
vrqq,1467.216449,1
memoma,524.564842,0
bestprg2019,-167.952529,0
CYaYun,762.899004,0
jpfaw,224.412144,0
harumo,82.304012,0
ninroot,93.588623,0
emon_,-295.301050,0
alicein,341.795410,0
mutax,262.503244,0
miiifa,322.656520,0
yshoji,67.883838,0
hajime1735,-152.810654,0
crame2,518.241937,0
kim,-53.061487,0
yamahisa,-152.810654,0
h4hajime,250.184690,0
satyamregex,256.526928,0
Tosyun,13.974906,0
astronauts,51.201311,0
RmO,300.726251,0
prm0130,-192.231057,0
sarcastic,885.291229,0
hokosy,422.772140,0
Yoocie,60.580214,0
yamazaki_8934,-519.326947,0
notwa,450.231021,0
shivamkr21,318.000309,0
yjtkc,421.223156,0
StagInTheGarden,253.307437,0
yxx3tch,584.485199,0
ACqingtianyu,270.176285,1
u2v63755oi,130.082883,0
kimonohanger,811.126235,0
Jeran2731,205.361841,0
kyo_gackt,676.932288,0
purukok12,313.958094,0
matsuyuta,19.030188,0
ds14050,847.637019,0
sevenazuki,137.220211,0
real,487.610033,0
akiakiko,-52.846728,0
k4a3m2c1,431.374622,0
Dawn2721,199.404001,0
kez,214.252049,0
konoLv1,407.044119,1
snow_B96,226.547705,0
constantan,224.379172,0
naos,-159.484653,0
nekosun,78.398190,0
ikr7,636.027256,0
toasa,703.027256,0
TriangleKoala,651.548396,0
unkology,365.008023,0
onetrickpony,576.688314,0
AsahiT,255.885290,0
Xas,218.641260,0
shinketya,177.925154,0
te_ne5525,443.714047,0
hetakan,452.092553,0
squid0729,102.884085,0
Fuad71,558.102456,0
DT3264,544.281938,0
jdk1997,253.307437,0
labrador,35.190798,0
vulpes,236.353329,0
ganm0,24.102029,0
muraemon,-12.035193,0
recyclebin,82.520318,0
katamany105,297.307795,0
jogo,-378.551486,0
Kanabun,709.320227,0
asdfghjklw,590.344985,0
OldBigBuddha,-796.585819,0
naito787,35.190798,0
ipf196p,536.295985,0
hta,18.262778,0
tukayama1956,87.489490,0
burst_000,701.501442,0
yumaru,403.280806,0
kawasemi00,-519.326947,0
shirapon24,-61.656252,0
stuck,35.190798,0
fiftie,374.070975,0
tencha,390.608144,0
so_ei39,-516.487680,0
sakuram,-18.042177,0
Reines,-225.192867,0
kotatsuneko,294.428793,0
homuyama,103.954157,0
polyester,205.361841,0
tmtm,-18.042177,1
int_imp,122.644076,0
Akipi,205.789117,0
YTJVDCM,37.554063,0
ychan,-330.138572,0
BleOn,-457.487093,0
sinokuma,-214.923278,0
hebihebi,254.273401,0
toririm,351.760664,0
shidou,212.439586,0
yoru,194.219059,0
silomalu,415.283865,0
medo1005,-52.879700,0
chiken,341.795410,0
mgm,-90.970800,0
hiroki15,212.602371,0
sakiF,555.428405,0
sakuramath,224.412144,0
StopTaka,218.305155,0
haritrox,62.226101,0
Okomechan,121.280500,0
okkei,259.037113,0
putcho,119.932201,0
reppy4620,357.470761,0
korpokkur_0123,253.307437,0
welame,592.027256,0
AcroporaTenuis,289.856818,0
isso0424,-135.239076,0
komite,584.832003,0
saiso,-33.763135,0
lugh,148.976493,0
endorsement_a,186.288072,0
sf75zh,-534.468822,0
kurage3,-152.810654,0
Roar2707,82.304012,0
odamaki,417.681781,0
inuhiroshi,655.693511,0
hrg,437.057948,0
yoshim,-164.344191,0
Nipun4338,197.682256,0
woaixinxi,215.602620,0
Ubntro,491.329134,0
YuSawan,104.171146,0
ohmor,382.333612,0
takeo20,33.979074,0
Kachiku,53.030294,0
hika,-152.810654,0
k2aki,159.189814,0
hanotch,35.190798,0
mamotchaaaaan,-372.282779,0
kiniro11,1126.731832,0
ymkt,206.311830,0
QWYNG,163.266779,0
sadykhzadeh,461.472846,0
natume,403.280806,0
rare,348.474115,0
GarBase,-143.303986,0
kokukaityo,259.037113,0
furea2,518.440982,0
fuji_plus,-4.680443,0
utakapple,112.916054,0
ktsubun,3.951313,0
okayu1230z,301.360901,0
masakinihirota,205.730156,0
fenrir,-457.487093,0
gasin,2369.846007,0
r0bbie,35.190798,0
nekokojpn,390.618322,0
ith,-39.874390,0
bellwood4486,197.376841,0
Ryu41,205.804138,0
knight07,313.636592,0
shuckle230,421.223156,0
YamanoAoi,496.048772,0
yanozawa,60.893430,0
sam_jn,490.964511,0
kaz53,88.609288,0
civit,243.185810,0
it262,-696.654865,0
zwu2018010354,-796.585819,0
NikuKyabe,186.288072,0
shiocherun0312,243.713451,0
Q2vfIbRZmz,1.486488,0
hosshii,-257.209950,0
nakayann0121,174.507005,0
hanori,159.844751,0
koari,-796.585819,0
urotas,526.727009,0
OTYUA,429.668863,0
shimapon,230.427295,0
wangyuean,-39.632342,0
knightron0,395.033091,0
kawatan,381.189773,0
snail,669.154693,0
jignesh1604,-372.282779,0
fuuga00,-222.935655,0
radio_meter,171.777739,0
leta,124.448218,0
PapePare,-74.786140,0
pankiji,618.179351,0
TzflpD,-530.189466,0
Caffeine,100.750373,0
manunem3859,332.557805,0
DSCF_1224,373.417422,0
goyaaan,136.903153,0
tefu417,133.892437,0
shinyashikis,-519.326947,0
nari19,328.118864,0
kurokage,-242.068074,0
Lyrise,-796.585819,0
nikko07,-171.699330,0
yt1217,-5.766825,0
silicagel,-242.068074,0
ysdYSD,67.883838,0
callman,624.078518,0
Procyon,-436.568649,0
ymkbdk,1017.136066,0
ryo_i,472.450324,0
cheese870,-519.326947,0
hatopoppo3,33.098675,0
nuigrm,343.474565,0
mi8,243.713451,0
fomfom,419.327627,0
Zuck3r,105.421925,0
avocado_kiwi,640.832003,0
kudzu,792.330762,0
orenjiame,219.358516,0
miyuki_y,153.767918,0
imayarow,226.366641,0
cknakay,-65.155392,0
ghdfehkbdhj,-734.745965,0
roadricefield,381.189773,0
Weland,275.545493,0
seed_pgc,247.127565,0
vaibhav19,636.821757,0
dai45suke,98.810205,0
charlesLY,189.003438,0
kyrie_start,359.562884,0
haxjpx,329.324878,0
yoroyoroshogi,392.761850,0
taka_ryon,-101.722750,0
burdock,481.120726,0
tatarabako,261.876379,0
ticktack_st,-215.032771,0
diesekiefer,442.554965,0
swips,764.932288,1
Corki,-14.755628,0
takayuki211,280.283949,0
kameisannn09,214.691170,0
nagoyan,366.047897,0
vetj,847.031523,0
mlpk,20.048922,0
packun,583.588781,0
satchi,140.812461,0
rkdora,35.190798,0
takugi,541.992896,0
shunga,-79.882031,0
mosomoso,528.054203,0
Victor_DAI,-395.826821,0
wolframotoya,403.051711,0
moco,-519.326947,0
user_99,-796.585819,0
wuhan,-79.882031,0
Nasim92,-519.326947,0
soma62jp,275.552996,0
k_e_k_e,35.190798,0
johnte,481.120726,0
utauta,536.295985,0
amida052103,725.620761,0
satosatosato,162.572290,0
daovanhai,-534.468822,0
ku_taka,-242.068074,0
AstronoAddiction,257.096897,0
alpa,18.262778,0
musyokugorira,127.913414,0
hima_megane_,-36.818980,0
scharf,273.663107,0
piro77,592.004085,0
Meteromio,-196.259105,0
k_sato,9.552784,0
bbpink,474.429013,0
Lazialize,437.057948,0
Haji931,-79.882031,0
Catalina,-357.140903,0
Coffeemilk_8610,284.037608,0
beachsword,259.037113,0
kinakome,280.843583,0
Unforgiven,193.194555,0
myamagishi,344.004795,0
iKatsudon,109.306343,0
imunir,192.833712,0
hiragi0131,497.147419,0
himkt,741.379296,0
cleveland0714,324.287761,0
hiromasa,229.716516,0
mochidan,665.485199,0
Brighton,-79.882031,0
uboko,613.958391,0
tet21tet,301.360901,0
b1015218,-208.738838,0
hamo21,486.110393,0
tacmasi,630.688314,0
o_xian,-302.854686,0
atago,-125.486822,0
Graku,370.169385,0
hirasawayuisuki,434.316825,0
kaiser,121.280500,0
cbox360,387.578192,0
minhctb,783.911669,0
Kize,336.667766,0
flowerrr__lily,678.965963,0
takahashi_M,172.829544,0
ahmad242,521.748928,0
ArcheTypeEngine,60.893430,0
dish34,82.304012,0
macha,-233.640778,0
nowak7,548.797771,0
takanosuke,161.166476,0
KOU314,270.038739,0
risa,-187.650381,0
karayuu,188.686207,0
ysanopp,446.243056,0
irusugi,180.111374,0
Litpe,-357.140903,0
m_jun1015,-142.318907,0
koralle,387.568842,0
Tatsu_mr,-457.487093,0
Rion_mia,-519.326947,0
WanAt2,-5.914613,0
YugaNamba,35.190798,0
tushar_m,389.281933,0
seigo2016,234.256217,0
Inof42,1166.413209,0
bass_clef_,186.288072,0
ryo13suke,230.427295,0
mikazou13,585.774705,0
taikorosuke,8.218719,0
MonOoe,503.085568,0
teranosuke,-152.810654,0
kahirokunn,105.278366,0
cat0707,-18.221759,0
shinben0327,381.189773,0
zanekai,-18.221759,0
arpantarkas,768.223383,0
wanwan0622,-519.326947,0
wata604,136.667013,0
yikai,329.324878,0
omitsuhashi,-292.014501,0
yash_,242.192849,0
wyvern,453.419821,0
MNKB,129.047735,0
gma712,490.964511,0
sakuranbo,-142.137121,0
nakanishi1223,593.345363,0
Shugyosoh,286.634262,0
amatsukix,502.185924,0
algdct00,495.730468,0
mofumofu_land,-354.417101,0
yamanobori_old,202.472733,0
skudo,224.521637,0
yuzukoto,-18.221759,0
abdSakib,-242.068074,0
ryotaku,180.444159,0
numberyo,142.600226,0
nekozuki_2525,214.252049,0
elehs,-571.952082,0
sjsnmc,-79.882031,0
kaiju,-333.437006,0
KMASAHIRO,214.252049,0
azurata,-419.395993,0
nom100,-64.849565,0
mwat,-292.014501,0
mizunagi,-648.819950,0
Hirochon,122.422272,0
kosukebe0123,-235.689005,0
Usaku,-372.282779,0
tomoru,-257.209950,0
pompom,180.424589,0
mk6783,373.004595,0
ngtksnt,-38.210150,0
mahfuz_cse,-14.755628,0
jupem,-52.879700,0
GUTS99,-368.229672,0
paypaypay,-18.221759,0
door,-65.155392,0
lafrance,-357.140903,0
yamaNote,-180.228221,0
smth16,259.037113,0
idx_cc,358.968067,0
kantan,-404.726442,0
seBen,150.939681,0
warabimochi,329.324878,0
akky11,113.359449,0
Orifizz,717.090035,0
nahayama,-90.744550,0
imAkash,-225.192867,0
Krile,82.304012,0
aoharu514,-374.329158,0
himajin3,-76.950080,0
techforcode,-101.605830,0
simontang,336.944156,0
mttm11,-534.468822,0
momizi,-811.727694,0
wts86,-734.745965,0
Metarin,214.252049,0
paulxll,504.386382,0
kyklos,-104.429328,0
sansidd,188.274922,0
nomorevotch,265.098158,0
JIMARKO,-242.068074,0
yokoteru,-82.441909,0
xeki,-607.397445,0
cmiyoshi,427.955798,0
minekai,268.193953,0
ht0919,374.842258,0
tak5656tak,-10.061147,0
alexsun,-195.731464,0
sakibbrur,-453.767371,0
Yoookest,-807.674588,0
swan2152,-413.705284,0
yokoyan,49.625079,0
potetitomb,357.265678,0
snow_beat,-136.446412,0
d1gamma,-242.068074,0
Hari_Om_Pandey,-796.585819,0
Blackpanther1,-696.654865,0
Kakeru_Sui,-449.220968,0
decant,-796.585819,0
zayedreza,-796.585819,0
RoboKota,-151.236938,0
fact568,-152.810654,0
tiking,-84.963816,0
umepa4025,-225.793709,0
i241241,-242.068074,0
padawan_ie,-251.169993,0
hxwxss,1349.804587,0
iWonder,-215.032771,0
IndexZzz,670.435808,0
shindai,193.194555,0
sz3,-486.633907,0
maasaaakii,10.643500,0
nyarome,-18.221759,0
FeLvi,839.126060,0
kiri37623326,396.640976,0
miya_789,-12.035193,0
puripuri2100,82.304012,0
Merugon,-5.044785,0
chocotaruto623,-316.891214,0
Melone,-530.415716,0
ozawasan,-242.068074,0
falconm,-357.140903,0
shooronpoo,-13.125868,0
Suspender,477.474980,0
yawa5,-18.221759,0
k0taka,-94.302205,0
fuufuu,340.920479,0
mooom,-263.951135,0
chont2,-242.068074,0
motomura,159.371600,0
shtvyhr,-14.755628,0
malthK,-572.559922,0
alembart_coder,335.015587,0
tangtao,371.611549,0
kaminogi40,-973.913737,0
Kamaseinu,38.475142,0
yuto0712,483.063010,0
MurATa25,-14.755628,0
M_three_stones,-39.632342,0
marsun34,-164.344191,0
While,5.376345,0
solasola,-222.536231,0
daisuke0909,-18.221759,0
caitingting0427,251.663059,0
Tom1013,238.861444,0
takeheroaf,858.620761,0
beans,343.994428,0
Bulbul_017,277.517876,0
nori_p1031,-225.192867,0
sooolbf,-128.461693,0
Setu_Hashmi,-152.810654,0
hamu3,257.092625,0
EMTIAZ_AHMED,124.448218,0
sara_ciel,-690.964156,0
shrimp_eng,615.344985,0
okamototaro,109.306343,0
pacolun,-257.209950,0
shoaib_099,54.722641,0
LU_Misbah,-73.397018,0
tavercy022,727.344985,0
motomura2,312.449670,0
tkhr,381.189773,0
wolftatsu,-79.882031,0
kumo,-117.887272,0
candiru,430.704438,0
taiki16,-149.526310,0
Despacito,19.981890,0
kure4,-371.561078,0
mikan8green,-264.988535,0
Rength,-319.052008,0
nyamph,-164.342818,0
rakuraku_R,-79.882031,0
phox000,-18.221759,0
kunito777,-78.561467,0
kojoakine,-330.757666,0
yamotech,87.399904,0
kazuya2480,80.006806,0
ha191180,-368.229672,0
rf77,-357.140903,0
Mizu1990,93.588623,0
jack,169.854789,0
shibh308,2031.210085,0
Az1103,-209.375034,0
T_tsing,-365.514307,0
toritory,-171.962096,0
ozone028,-152.810654,0
SuperQ,203.157979,0
SevenSeasVoyage,616.797657,0
geezer,766.197437,0
tassu619,-454.101609,0
jahidhasanimon,-357.140903,0
saekitakahiro,-133.115006,0
teruteru_0,-171.836947,0
anosillus,13.974906,0
kuuya,-519.326947,0
FengK,-183.559626,0
ao213,-25.464338,0
totechite,54.722641,0
lixukun,1276.136066,0
handakun,229.393924,0
saga_kana,-242.068074,0
keikouto2001,359.270698,0
Yic,536.295985,0
Aniten,165.856635,0
SohilaEzzElarab,-519.326947,0
yy1293,-607.397445,0
zattou,-796.585819,0
Seebook,-542.418552,0
amijabos,-796.585819,0
noibb,332.753158,0
asad,-40.905543,0
maitake,1023.320227,0
kimuzone,-673.085693,0
masaki0731,304.789916,0
harumanachika,275.968588,0
Cr24sBack,-372.282779,0
gkb1998,1315.620761,0
Sengetsu,-449.220968,0
yasupii,56.255847,0
kotaro1988,80.999767,0
kirokawa,-357.140903,0
starboy_jb,1197.098770,0
zjwulbx,1044.485209,0
senopi,-519.326947,0
Vonlet,-40.905543,0
Noah2007,-40.905543,0
ar_incha,-118.316459,0
tervo,-648.819950,0
KGB46,-167.952529,0
moririn2528,2279.379296,0
stone0303,186.288072,0
