tourist,4241.027256,1
Factorio,3314.413209,1
ksun48,3452.027256,1
yutaka1999,3516.330762,1
Um_nik,3782.501442,1
liympanda,2918.663890,1
dotorya,3318.932288,1
cospleermusora,3565.399326,1
desert97,2962.620761,1
koosaga,2935.663890,1
zigui,2875.620761,1
qwerty787788,2967.620761,1
izban,2827.663890,1
KujouKaren,3457.620761,1
apiad,3469.083407,1
shanquan2,2871.000000,1
matthew99,3247.832003,1
eddy1021,2789.900421,1
Alex_2oo8,3268.413209,1
core_wsy700,2578.413209,1
shik,2929.879232,1
tozangezan,2956.330762,0
mcfx,2774.399326,0
DEGwer,3128.501442,1
y0105w49,3109.731832,0
zemen,3036.429013,1
Reyna,3064.479721,1
Marcin,3132.399326,1
demon1999,2412.812801,0
dragoon,2628.900421,1
ftiasch,2883.932288,1
yokozuna57,2989.344985,1
sugim48,3343.011909,1
kmjp,2995.320227,1
xellos,2732.620761,1
zerokugi,2796.688314,1
jerrym,2619.344985,1
xzkflowey,2517.126235,1
HellKitsune,3040.485199,1
yosupo,3300.200315,1
dbradac,3039.399326,1
akouryy,2412.989028,0
ainta,3189.501442,0
OMTWOCZWEIXVI,3126.731832,1
IH19980412,2750.663890,1
waltz,2560.126235,0
cchao,2372.429013,1
kunyavskiy,3439.731832,1
xyz111,3131.812801,1
matrix,2598.136066,1
nigus,2328.200315,1
Tommyr7,2290.027256,1
dreamoon,3025.243056,1
molamola,3179.027256,1
Benq,2764.638159,1
riadwaw,2977.330762,1
Ephemeral,1936.399326,1
voover,2954.989028,1
Kaban5,2724.083407,1
Zrj,1950.344985,1
fizzydavid,3005.344985,1
nikgaevoy,2260.000000,1
iehn,2173.879232,0
khadaev,2926.501442,0
uwi,3163.415338,0
SpyCheese,3018.136066,0
rickytheta,2679.131879,0
aid,3091.330762,0
zscoder,2793.320227,0
Nero,2600.932288,0
TianXie,2341.126235,0
mmaxio,2944.688314,0
ariacas,3017.932288,0
btk15049,2404.216449,0
satanic0258,2227.280410,0
KrK,2670.832003,0
jufusong,2336.136066,0
alex20030190,3267.620761,0
maryanna2016,2993.879232,0
wzp,2073.126235,0
athin,2503.731832,0
drafear,2451.989028,0
qnighy,2456.136066,0
andrey_efremov,2932.000000,0
nokoTaro,2075.485199,0
Wrinx,2478.344985,0
kajebiii,2744.620761,0
Kmcode,2569.638159,0
alish,2538.344985,0
nakano,1870.344985,0
gigime,2257.481577,0
stdcall,2180.399326,0
Timur_Sitdikov,2759.027256,0
hs484,2125.879232,0
cuiaoxiang,2053.344985,0
pekempey,2480.303214,0
kobortor,841.152006,0
Hoi_koro,2378.916334,0
dohatsutsu,2331.485209,0
chemthan,2684.638159,0
SD_le,1782.812801,0
ztzshiwo,2368.832003,0
Hec,2428.481577,0
choikiwon,2320.932288,0
hey_boris,2240.812801,0
Wearry,2454.083407,0
tanphatls987,2055.989028,0
mjhun,2916.812801,0
woqja125,2130.136066,0
goodbaton,2343.485199,0
khaledkee,2265.083407,0
imathi,2197.083407,0
fengsuiyan,1987.126235,0
Blue233333,1842.126235,0
zscefn,2590.731832,0
reek,1426.145406,0
nmnmnmnmnmnmnm,1953.916334,0
mczhuang,1336.413209,0
ivan100sic,2432.136066,0
kyuridenamida,2323.011909,0
TangentDay,2447.817446,0
rapurasu,2116.011909,0
Sakits,1984.413209,0
gamelove765,1995.200315,0
amano,2343.730468,0
Driver_Lao,1523.051243,0
tinsane,2743.812801,0
onion_cyc,1809.932288,0
yhzq,1535.136066,0
yoseisan,2440.243056,0
PrototypeN,1442.812801,0
Zsnuo,1572.126235,0
yaketake08,2207.638159,0
yuma000,2439.126235,0
orzccz,1736.812801,0
LJK,1411.136066,0
painfulness,1870.730468,0
neander,1542.083407,0
Chorolop,1375.413209,0
ats5515,2290.216449,0
madn,1729.136066,0
ivanilos,1733.000000,0
ryoissy,2235.243056,0
hamko,1887.485199,0
dusjads,1740.000000,0
pavelsavchenkov,2388.989028,0
kzyKT,2052.817446,0
eitaho,2189.330762,0
VictorForbes,1804.126235,0
ixmel_rd,2375.243056,0
Treeloveswater,1447.202899,0
tsukasa_diary,1873.330762,0
feilongz,1438.313645,0
balakrishnan_v,2073.141232,0
lyoz,2062.243056,0
abeker,2288.731832,0
E869120,2630.318592,0
potetisensei,2257.399326,0
yx_lu,2890.731832,0
okaduki,2042.057553,0
fetetriste,2363.879232,0
mamekin,2560.879232,0
kobae964,2762.318592,0
satos,2447.688314,0
square1001,2495.141232,0
pwild,2525.663890,0
hoget157,2247.579863,0
Motarack,2334.243056,0
yfzcsc,2620.812801,0
Doju,2470.688314,0
Arterm,2871.200315,0
kopricky,1890.011909,0
WA_TLE,2363.098770,0
VArtem,2849.399326,0
Demerzel_IV,2479.620761,0
kimiyuki,2409.098770,0
nuip,2862.213033,0
dy0607,2641.620761,0
hasi,2266.141232,0
tanzaku,2278.817446,0
beet,2304.051711,0
platypus,2216.660975,0
Wild_Hamster,2577.126235,0
EmanuelNrx,2307.989028,0
ChestnutRice,1867.812801,0
melnyk,2544.663890,0
j_gui0121,2291.141232,0
kazuma,2163.481577,0
leign,2214.579863,0
not,2500.000000,0
ei13333,2388.280410,0
tossy,2245.784591,0
sumoooru,2054.280410,0
furuya1223,2309.131879,0
Golovanov399,3053.330762,0
mtsd,1999.216449,0
treeone,1944.481577,0
hamadu,2489.879232,0
cdkrot,2715.731832,0
iloveIMO,1964.620761,0
Rafbill,2799.429013,0
Lepton,2520.330762,0
heyshb,2371.620761,0
Noobgam,2263.832003,0
imulan,2076.730468,0
ukuku09,1624.638159,0
cs1235,1316.695673,0
iwashi31,2045.320227,0
rareone0602,1698.330762,0
alei,2181.344985,0
Vvalter,1881.731832,0
alexpetrescu,2596.731832,0
ikatakos,1737.688314,0
kusano,2225.415338,0
Yazaten,1912.730468,0
yuiop,1790.870535,0
Sampson,2492.000000,0
siotouto,2129.932288,0
tspcx,2096.784591,0
naoki2016,2089.916334,0
konjo,2184.078518,0
scidylanpno,1637.126235,0
Light_Kiss,1986.989028,0
darkkcyan,1930.620761,0
nikutto,2124.318592,0
Pulmn,2181.078518,0
minaminao,2049.579863,0
kimden,2251.413209,0
plasmaeffect,1885.534694,0
Aquarius,2068.501442,0
rpy3cpp,1774.083407,0
nai,2560.932288,0
SGI,1936.638159,0
JTJL,2660.832003,0
FMota,2004.344985,0
KokiYmgch,1310.879232,0
Andres_Unt,2136.663890,0
smiken,2278.900421,0
afedor,2145.136066,0
oyas,2098.213033,0
ptrs,1812.011909,0
suiyuan2009,2161.213033,0
base64,2165.832003,0
minus3theta,2072.688314,0
QAQAutoMaton,2347.620761,0
dj9136,1913.812801,0
ShichengXiao,2027.731832,0
Cyani,1731.126235,0
richway2,2252.000000,0
limzunyuan,1610.413209,0
hyuk123,1733.000000,0
suzume,1903.216449,0
Brian551,1297.990966,0
DLUT_Zeratul,2161.000000,0
monolith,2244.501442,0
jiwon0522,1771.501442,0
PIandS,2380.479721,0
pauljgblt,1793.620761,0
mitterr,1696.126235,0
Shun_PI,1767.989028,0
selpo,2042.479721,0
iwashisnake,1799.098770,0
ferin_tech,1756.213033,0
olphe,2091.303214,0
riantkb,2410.900421,0
fortoobye,1478.638159,0
abisheka,2032.638159,0
nwin,2211.638159,0
NASU41,1631.730468,0
Ashurnasirpal,1886.011909,0
bazsi700,1421.399326,0
txingml,1559.832003,0
ynymxiaolongbao,1887.730468,0
bomac1,1625.429013,0
ChopsticksAN,1982.429013,0
goryudyuma,1768.479721,0
takamoto,2235.243056,0
roxion1377,1810.688314,0
motomuman,2034.501442,0
tmwilliamlin168,2302.126235,0
ludo,961.193843,0
hyj542682306,1505.731832,0
mino,1831.216449,0
yut071,1432.243056,0
Artoria,1682.731832,0
tkmst201,1911.057553,0
gem,1953.083407,0
kurowassann,2211.011909,0
Promise,668.838840,0
merom686,1908.415338,0
zhou888,1353.525544,0
Yoshioka,2216.083407,0
miraxial,1670.870535,0
eiya,2031.485209,0
kuuso,1845.579863,0
zbw001,1090.813730,0
dogumusasi,1828.027256,0
stjo,1600.000000,0
autumn_eel,1785.051711,0
spiderbatman,1874.832003,0
ezewin,1538.344985,0
ctyl,2259.320227,0
onejvruo,1557.855794,0
n_knuu,1880.415338,0
funcsr,2287.213033,0
YJH143,1667.429013,0
kkty,1770.027256,0
a3636tako,2022.429013,0
ljt12138,2050.812801,0
buko106,1871.136066,0
Victor_Lee,1890.330762,0
TumoiYorozu,1789.730468,0
lrmystp,2186.485209,0
fooractal,1881.485199,0
haji,1660.320227,0
bird_14,2062.083407,0
ten986,1793.730468,0
tinumukiti631,1651.916334,0
yxl,1409.688314,0
pb0207,1696.344985,0
satja,1913.731832,0
zorulee,1338.620761,0
DiegoAE,1243.360752,0
hiromi_ayase,1916.900421,0
dumb_guy,2343.000000,0
kubusgol,1830.620761,0
m_buyoh,1693.660975,0
MIC10086,1259.731832,0
alex99,1984.126235,0
nibab,1591.011909,0
wdmmsyf,1883.136066,0
FF256grhy,2075.131879,0
redbag,1560.413209,0
KirinBill,1442.932288,0
leaf1415,1901.344985,0
ugly2333,1906.812801,0
wygz,1573.989028,0
Gacho_0716,1779.989028,0
AnyOneCrushMe,1802.620761,0
sb_ljy,1276.620761,0
hoxosh,1997.213033,0
Harrys_Snitch,1119.597801,0
fengyuan,1016.731832,0
zhangche0526,1347.620761,0
Alex_PKZDL,1351.669392,0
oakszyjrnrdy,1475.126235,0
hanssy,1394.663890,0
zeosutt,1855.731832,0
roiti,1811.501442,0
guicheng,1312.812801,0
suixinhita,1156.812801,0
zzzc18,1261.083407,0
Mario_sz,1420.812801,0
nel215,1970.730468,0
Zerk,1797.932288,0
Hany01,1282.812801,0
Toocold,1851.620761,0
peradfn1126,1865.638159,0
Div9851,1657.399326,0
YanHan,1987.620761,0
llssyj,1789.731832,0
agw,1422.027256,0
KAN,3380.812801,0
ArturSocha,1579.501442,0
Suibaka,1945.879232,0
femto16,2144.216449,0
yp155136,2263.126235,0
kotamanegi,2106.660975,0
yamad,2091.320227,0
inmir,1772.485199,0
algon,1609.879232,0
aayush9,1861.932288,0
Ow1,2127.832003,0
mmxsrup,1676.243056,0
waynetu,1390.638238,0
shichinomiya,1294.330762,0
BackOnTrack,1578.399326,0
hogeover30,1611.638159,0
codingalgo,1644.011909,0
georgerapeanu,2228.832003,0
allllekssssa,1976.620761,0
gazelle,1887.485199,0
cormoran,1899.415338,0
sekiya9311,1527.870535,0
kosakkun,1675.579863,0
arkark,1659.989028,0
wangchong756,1844.083407,0
Kampachi,1335.817446,0
Ti11192916,1812.078518,0
Hiasat,1881.501442,0
noy72,1635.098770,0
kyonrevens,1534.136066,0
letter,1713.620761,0
roto_37,1483.320227,0
noelnadal,1722.136066,0
x20,1784.534694,0
Yang33,1521.501442,0
phyllo,1719.579863,0
kuzmichev_dima,1968.413209,0
kojingharang,1770.330762,0
Yokile,1729.399326,0
jebouin,1787.083407,0
kazunetakahashi,1906.141232,0
IAmNomad,1534.731832,0
Ryo2016,1612.479721,0
vdn1999,1307.136066,0
c7c7,1425.057553,0
KerimK,2178.812801,0
polyomino,1678.330762,0
Nson,1481.812801,0
sesshomalong,1245.731832,0
ec24,1992.832003,0
OPG,1601.832003,0
maple,1625.200315,0
npz35,1491.481577,0
sate3saku3,2029.485199,0
freestyler,1445.501442,0
Noimin,1468.216449,0
vvataarne,1543.688314,0
XiaoGeNintendo,893.344257,0
moguta,1446.200315,0
Tsuta_J,1798.243056,0
Eson,1998.932288,0
nenuon,1495.638159,0
JKJeong,1585.320227,0
Light,1669.620761,0
fine,1931.817446,0
f321dd,2557.000000,0
ukohank517,1374.330762,0
maesora,1806.011909,0
gtpan77,1449.200315,0
codecaution,1512.812801,0
claw88,1831.784591,0
minus9d,1835.131879,0
polko,1411.832003,0
exqt,1671.330762,0
knk,1849.011909,0
Luzhiled,1705.216449,0
th90tk297,1445.730468,0
rsk0315,1712.415338,0
wjy666,1472.136066,0
pachicobue,1973.098770,0
SugarDragon5,1254.011909,0
a_kawashiro,1643.832003,0
elgun99,1728.731832,0
T1610,1848.051711,0
hahho,1759.027256,0
walkre,1877.243056,0
eviebot,1478.126235,0
interestingLSY,1456.731832,0
for0nething,1789.832003,0
saytakaPC,1427.620761,0
kotatsugame,1750.200315,0
qhapaq_49,1693.126235,0
kawabys,1677.011909,0
NMouad21,1450.136066,0
mathlegosuke,1497.638159,0
torus711,2021.817446,0
yurahuna,1917.415338,0
cashisu1,1279.399326,0
oToToT,1346.812801,0
terakun,1309.429013,0
shioshiota,1907.413209,0
OsamaAlkhodairy,1320.812801,0
sntea,1930.415338,0
otyaduke_117,1144.243056,0
josiftepe,521.748928,0
OUDON,1636.730468,0
Stresshoover,1611.344985,0
clavis1107,1289.027256,0
oshibori,1329.784591,0
dsytk7,1269.213033,0
Halksel,1219.730468,0
Akulen,2246.812801,0
abcde2002,1340.027256,0
stone725,1452.989028,0
startcpp,1893.534694,0
haraduka,1731.620761,0
wat_shun,1509.932288,0
h_noson,2137.989028,0
Naoki_M_,1726.057553,0
walfy,1585.812801,0
yumsiim,1444.083407,0
cherry7kurai24,1685.879232,0
habars2000,1473.812801,0
togatoga,1704.213033,0
jj,1161.663890,0
jeelvashnav1999,1494.136066,0
yu3mars,1683.817446,0
monman53,1494.688314,0
uwfdai,1374.078518,0
TAB,1469.579863,0
gantheory,1750.126235,0
d2verb,1232.832003,0
June_boy,1010.812801,0
libra9z,1179.083407,0
vain0,1566.330762,0
odan,1571.011909,0
ivokaragyozov,1959.731832,0
zaki_,1693.429013,0
hakomo,1813.932288,0
kurenai3110,1889.057553,0
zjp_shadow,1328.812801,0
kou,1650.083407,0
wh1t3_r0s3,1424.620761,0
blue0620,1736.730468,0
pengym,801.034960,0
threecourse,1983.399326,0
tanishi14,1151.932288,0
musasabi,1537.344985,0
oigami,1592.318592,0
omi,1403.136066,0
tanutarou,1431.900421,0
prd_xxx,1332.663890,0
Shloub,1576.812801,0
yangshuang,1509.083407,0
fdfdfd123,1841.413209,0
nadare881,1399.330762,0
utgwkk,1391.932288,0
cryspharos,1818.399326,0
RMQ,1575.330762,0
akarin55,1845.213033,0
ZZZZone,1572.429013,0
b1464296,1030.620761,0
Mugiwara,1424.731832,0
Fuh,1241.126235,0
nyashiki,1369.485199,0
SE2710rip009,1130.989028,0
hato_roll,1398.663890,0
yunmagz,1911.688314,0
peekaboo,1901.413209,0
ishibashijun,1077.479721,0
qcw,1427.686834,0
sidebook37,1435.832003,0
kronos,1594.126235,0
kurenaif,1611.485199,0
Neverauskas,2044.812801,0
fmhr,1028.638159,0
Risen,1431.027256,0
superark,1636.429013,0
waidotto,1501.501442,0
MMNMM,2018.579863,0
paulavidas,1511.136066,0
plcherrim,1102.688314,0
kurikazu,1681.399326,0
sujin2010,1791.989028,0
okura,1518.126235,0
rui0422,1204.011909,0
pkugoodspeed,1554.136066,0
pinkspring,1114.731832,0
cirno3153,1537.501442,0
Timer,1630.413209,0
matsu7874,1832.730468,0
kahlua,1522.136066,0
GG_GG,1397.413209,0
kuretchi,1446.415338,0
mustafapro,678.965963,0
yukidaruma6,1816.663890,0
moririn2528,1704.415338,0
garnacha,1707.481577,0
luras,1600.000000,0
ninja7,1788.534694,0
desik,1420.832003,0
math_wizard,1352.083407,0
gtaumaturgo,1153.493110,0
harmokey,1813.213033,0
spj_29,1266.136066,0
university,1232.638159,0
lemonoil,1668.731832,0
mosmos21,1146.501442,0
Ronly,1186.638159,0
Surker23,1492.848222,0
xin58,1853.126235,0
uoo38,1383.083407,0
asami_KA,1268.344985,0
yukiteru,1085.932288,0
mhammad1,1454.462627,0
ZHR2017,992.832003,0
YujiSoftware,1205.900421,0
ZYCSwing,1776.027256,0
Vovacomua,1622.136066,0
fal_rnd,1677.216449,0
frnfnts,1464.429013,0
moko_freedom,1177.812801,0
Willix,1664.126235,0
Scrap,1501.731832,0
tfg,2034.832003,0
huas_teble,1029.330762,0
YJWUDI,1529.413209,0
HardNut,895.217796,0
Orz,1295.136066,0
SinAyame,1399.098770,0
just_soso,1630.000000,0
trailblazer995,1401.344985,0
takoshi,2017.200315,0
cjoa,1799.399326,0
kyoma,1062.731832,0
Abcdefgprogrammi,1531.344985,0
jimmy,1511.579863,0
unsre,1627.479721,0
grun1396,993.638159,0
zhukyLG,1428.027256,0
admjgptw1357,1576.126235,0
VTR,1405.989028,0
espressivosubito,1381.126235,0
nosnosnos,1186.141232,0
OmarNaseer,749.812801,0
alavrov,1098.832003,0
karakasa,1193.027256,0
inletsun1,1004.620761,0
Dazzler,1180.663890,0
hamukichi,1340.243056,0
hirok,926.932288,0
kcvlex,1402.485199,0
eagle93,1716.731832,0
xsthunder,1272.932288,0
takeo1116,1687.900421,0
rohit_0809,930.932288,0
Hikari1149,1373.731832,0
homesentinel,1197.879232,0
prog470,1218.243056,0
Rajib_119,1515.731832,0
mkan_0141,1205.481577,0
aLIEz,1229.932288,0
yebityon,1119.932288,0
haru,1363.731832,0
chenzhekl,783.865924,0
CrazyBBB,2131.011909,0
wumingshi,1328.731832,0
Kubalionzzale,1176.989028,0
Sen,983.832003,0
M_Saito,1884.330762,0
omgcoin,1421.027256,0
CraZYali2,1117.136066,0
contest,984.812801,0
lg970325,1393.812801,0
rithm,1024.964938,0
jbyxm,1240.870535,0
tkkt0001,769.663890,0
abc050,1797.098770,0
peace_of_junk,868.344985,0
IceLady,1343.932288,0
Quid,1778.413209,0
trainstation,1347.638159,0
bayabdi,698.482028,0
tancahn2380,1269.098770,0
takaten,1320.663890,0
takkii,1240.027256,0
ykmaku,1282.415338,0
DoubleZ,1150.832003,0
commy,1634.320227,0
mori08,1353.083407,0
kohei94,1314.027256,0
cympfh,1747.330762,0
rayhotate,964.318592,0
y_kawano,1676.638159,0
kyawakyawa,1323.688314,0
shirokuma,1203.126235,0
hirata0517masato,1341.638159,0
Callmejp,1800.126235,0
Gobi,1562.011909,0
amyu47,1529.832003,0
terenceLiu4444,1624.812801,0
Leokery,1078.812801,0
stdll,1943.027256,0
liu397688551,1150.399326,0
nishanth2066,1373.413209,0
hkr,1185.479721,0
prolog,1029.153458,0
HTC001,970.136066,0
scor,1548.534694,0
takepan,1452.320227,0
ponpon05,952.399326,0
luoyayu,650.263467,0
shagakur,1296.812801,0
physics0523,1655.784591,0
qianqian,1437.832003,0
xhc2016011050,1077.688314,0
a799091501,908.092471,0
TOBO,1069.344985,0
creed983,1130.620761,0
woodcoding,1057.688314,0
Bantako,1284.688314,0
tone_back,1465.688314,0
sca1l,1100.663890,0
leonard_t,1075.932288,0
Nietzsche233,1666.413209,0
mds_boy,1496.879232,0
s496t,1540.879232,0
kiyuu,900.932288,0
wkb89_,1660.989028,0
infer496,1289.415338,0
hollow_bright_,1542.429013,0
tatamo,1640.812801,0
yana87,1415.200315,0
komori3,1080.405637,0
kns330,1249.027256,0
tokumini,1540.320227,0
murashin,1275.330762,0
llll_,1546.730468,0
agis,1467.098770,0
ion,2142.989028,0
shumy,1154.688314,0
stop,1490.620761,0
masafumi,1702.320227,0
azaika2098,1517.098770,0
StoneDot,1474.027256,0
ryokamoi,1437.932288,0
tuki_remon,1341.663890,0
hwizard,1909.000000,0
shossie1016,1095.832003,0
commonch,825.399326,0
lp6m,1409.688314,0
fuppy0716,1339.399326,0
dewitast,1074.136066,0
kurarrr,1396.989028,0
ikasmith,1306.663890,0
SWUN_JY,1481.932288,0
nmjiri,1342.485199,0
nena,1589.872877,0
avirammagen11,1019.528911,0
umisan,1093.832003,0
zwu2016011052,864.989028,0
mban,1567.213033,0
HundunStar,1617.000000,0
zxw0819,960.620761,0
shot,1446.879232,0
eat_code,970.950424,0
xyry96,644.344985,0
ripiripi,603.095872,0
noshi91,1121.725465,0
imaizumi14,1189.812801,0
mizuking,1590.330762,0
li1311715732,1130.136066,0
yoshi_k,790.871074,0
kwkm0429,1218.415338,0
minjinaffa,1318.136066,0
pcccc,1176.731832,0
htkb,1371.057553,0
hagyu_aya,1280.688314,0
maru_de_,1494.989028,0
passcut2000,1640.479721,0
jack,813.534694,0
ktguy,805.620761,0
Saiyan_Warrior,1092.620761,0
michiharujp,955.399326,0
chuka231,1201.415338,0
stnae678,1041.731832,0
ikd,1275.481577,0
elzzup,1542.344985,0
Top34051,1439.126235,0
dengyixuan,1168.731832,0
pocarist,1103.663890,0
IrnBru,1397.429013,0
remin,1655.216449,0
yantene,1481.620761,0
katakana1818,1186.027256,0
r67pr,937.932288,0
yuya178,1370.399326,0
Aogiri_m2d,677.832003,0
Paydayzcool,686.502225,0
KKID,1834.413209,0
novemura,1576.027256,0
ikea0064,1478.989028,0
hatoo,1600.000000,0
walk_to_work,958.932288,0
arushiro,1129.084411,0
david,784.126235,0
Sakura_,932.952383,0
seica,1121.330762,0
euLnaKt,1327.832003,0
Cupcake,1398.731832,0
keii11,951.193322,0
gahou,1880.399326,0
namayaki,1278.688314,0
ikeha,1314.280410,0
Thistle,1519.730468,0
YongHeng,742.270039,0
haru_44,1549.731832,0
BurnEtz,1141.989028,0
Scayre,830.063237,0
Bunny,1379.126235,0
ant2357,714.057553,0
mayumini,1303.688314,0
dwhdwh,1299.485199,0
AFiFY,932.399326,0
xztaityozx,1052.200315,0
onyi,1298.399326,0
naoyk1212,1120.730468,0
zjwulbx,1115.688314,0
mmura,1041.344985,0
cmplxXyttmt,1434.413209,0
frank3215,1330.832003,0
hanada3355,1137.916334,0
huas_lqy,839.289346,0
rtia_bms,1103.083407,0
xoke,986.126235,0
timmyjose,949.136066,0
kengo0o0,1184.989028,0
Nafmo2,1078.879232,0
suesue,586.688314,0
y_yujin,857.083407,0
daiota,1081.579863,0
suzusime,1429.812801,0
wariuni,1079.485199,0
shumon_84,1056.027256,0
toa2525,1823.429013,0
Rawnd,2018.413209,0
tanba,522.344985,0
ntgo,938.688314,0
JAkatsubaki,608.405741,0
cType,2077.731832,0
bianpinbx,1316.413209,0
ZincSabian,980.474684,0
piro77,902.870535,0
nocorupe_ast,1045.126235,0
inaba3,996.057553,0
damekamo,1259.817446,0
tangent0723,952.620761,0
agony,1057.126235,0
croissant,906.832003,0
ringoh72,1451.330762,0
amit_ranjan,900.688314,0
shi,781.027256,0
Ksaw,1223.344985,0
Ka8,953.344985,0
toame,1017.126235,0
Kevinrobot34,1325.731832,0
letranger,1400.011909,0
madman6,1324.429013,0
ltf0501,1687.413209,0
urumeiwashi,1247.989028,0
sira,1072.126235,0
nanophoto,1317.485209,0
Scotch,735.011909,0
guruguru,625.399326,0
ifyoulike,1643.620761,0
haowu111,1158.620761,0
RYh,789.397776,0
shoh22,1326.812801,0
chinauser,1234.731832,0
yuxiaokang,1177.932288,0
wsy127827,540.344985,0
zhy0919,1104.850258,0
hogeki,1207.485209,0
zwu2016011075,1425.027256,0
wakax365,977.620761,0
murata,1761.000000,0
wysmm,966.620761,0
allem40306,1237.126235,0
saya_ann,1131.620761,0
kaneda,840.688314,0
thedekopin0108,580.027256,0
lornd,855.970654,0
daiju,1403.413209,0
kphmd,1604.932288,0
unbelievable,1102.688314,0
kschrodinger,1385.620761,0
irit_Qyh,1264.413209,0
yuta0802,1209.620761,0
NiEnIe,857.832003,0
Ritalin,1290.812801,0
jijorbq,813.554857,0
phystak,1528.413209,0
gusari,831.620761,0
hana,1164.731832,0
wang563681252,985.688314,0
chocobo,903.688314,0
kawamura2001,1127.011909,0
kanra824,1193.413209,0
St000rm,1150.427961,0
t_tkd3a,1130.731832,0
ShivRam,2075.399326,0
lwlxy,1168.136066,0
acmer,665.399326,0
AT274,901.501442,0
newsneeds,795.258686,0
spassos,1193.832003,0
ky0r0suke,1552.413209,0
nxteru,1488.907303,0
ignesesi,1600.000000,0
nannany,1162.200315,0
ogingin,1085.136066,0
chal,1436.136066,0
hnust_zhuxiaohui,679.753016,0
shadervio,910.688314,0
reverd,964.200315,0
syou4,761.906043,0
koki1018,748.213033,0
longdanish,1311.932288,0
albicilla,1142.879232,0
yoshnary,1275.429013,0
kezawa,681.558787,0
penpenpen,864.534316,0
banboooo044,1107.688937,0
Wanwannodao,1122.620761,0
parikkus,621.083407,0
Natsu6767,719.728864,0
delta71,1071.415338,0
texico,648.330762,0
uchina,1315.011909,0
OwenOwl16,1584.812801,0
hikalium,1039.812801,0
yamasaki,982.083407,0
taiki_okano,842.126235,0
ty70,1185.832003,0
gumpen7,938.399326,0
abyataro,1615.832003,0
mmck328,1183.399326,0
canon4444,756.200315,0
aimy,1232.011909,0
genius007,949.620761,0
nmiyamoto,1054.903831,0
shiba6v,1021.136066,0
kunal_goyal,851.620761,0
rAm8f9eR,1390.620761,0
elkurin,1923.027256,0
koda0631,1433.663890,0
sheyasutaka,1689.399326,0
karukan,412.380624,0
tsuburin,1692.429013,0
hotpepsi,1673.141232,0
piniky,1393.083407,0
deoxy,1917.485199,0
reitetsu,700.660975,0
lofu_imgkr,980.485209,0
hamasugar,1199.413209,0
iliathenov,507.678001,0
tanimura,751.078518,0
ri_0x145,475.509374,0
PerfectPan,1318.620761,0
kennchen,1351.669392,0
dorisol1019,892.027256,0
qipanzee,876.731832,0
YukiDaruma,1166.832003,0
CSL,1538.506360,0
skjmp,886.663890,0
ZollingerPython3,1030.136066,0
rika0384,1552.320227,0
yan,913.126235,0
t0123,1251.098770,0
rabbitfoot,1018.210085,0
brook,1440.688314,0
Hewla,1230.832003,0
luma,1585.832003,0
sniose,1205.011909,0
blue_jam,2165.731832,0
baluteshih,1604.932288,0
mystery_boy,1868.413209,0
te17ren,1210.326116,0
tom94826,1403.663890,0
ccutyear,247.948344,0
ndifix,894.011909,0
Bono_iPad,1085.136066,0
d0iasm,80.006806,0
corochann,1616.812801,0
fuu32,635.399326,0
sanoyatsu,1336.688314,0
ravie403,1001.399326,0
iwakiriK,977.663890,0
spipipike,1147.344985,0
sopurani885,843.730468,0
do2424,1087.989028,0
ptt_kr,1262.344985,0
chenxiaowei,678.832003,0
kanasan,1078.136066,0
bnsgny,1118.410878,0
tacloth,1013.663890,0
tobias,122.422272,0
hiroyuking,574.491208,0
codeworm312,521.965234,0
bigdekopon,1780.932288,0
Vir_MeL0,1005.590219,0
Ling2Feng1,959.620761,0
yk16,684.126235,0
ihlbbfbtr,978.200315,0
Elena,1015.812801,0
syl659,1380.812801,0
pisces,1002.731832,0
asagi0909,791.200315,0
uzi215,665.083407,0
pest233,668.838840,0
knshnb,1381.136066,0
geek_beta,1121.730399,0
pit611kepo3054,422.971510,0
taisa_tk,659.083407,0
hiroshun,162.572290,0
naobird,1007.932288,0
AChikan,1322.731832,0
Jaan_Uynhaald,82.304012,0
a541607120101,902.625415,0
FVRChan,623.608917,0
sofpyon,567.079714,0
izac55555333,979.832003,0
zzzstark,787.907147,0
nowhere,897.056783,0
snpc94,437.497522,0
kn1cht,879.126235,0
welcomehome,1238.812801,0
ravrik3510,737.083407,0
hsugiyama,1038.330762,0
takuchibin,1074.083407,0
solver9999,743.098770,0
cider,980.399326,0
Talant,286.634262,0
shiro,514.885403,0
vietn,296.329388,0
himajin008,993.812801,0
wtxwtxwtxok,809.545919,0
mahmoudmousatat,1097.731832,0
shuhei23,946.932288,0
ZxFkcjgN,1062.415338,0
Linus,1507.011909,0
skyskysky,197.376841,0
icalFikr,1160.413209,0
oster,949.330675,0
Aminyl,1575.731832,0
noriok,1252.879232,0
ak464tnok,866.131879,0
toshi17,970.950424,0
kenta2997,806.347455,0
ninben,1134.259128,0
Altair626,530.642364,0
ochiba0254,492.538227,0
Muhanad,1195.731832,0
manu_gino,529.919494,0
marukakko,615.932288,0
ggl162,1071.663890,0
DDullahan,1296.136066,0
mi0,579.398074,0
gotutiyan,280.102162,0
waddaa1741,582.104954,0
shadow17,565.832003,0
neetsdkasu,1120.078518,0
hukuhuku11111,570.872337,0
masakt,829.415338,0
noni,1494.153280,0
Sryo7809,746.479721,0
fujikaks,898.812801,0
lm010,1451.136066,0
kokokocococo555,1117.458758,0
afaji321,2167.126235,0
pin,962.027256,0
w80707,632.639471,0
hiImBorko,802.126235,0
muatotto,764.083407,0
nike0good,1779.136066,0
xatu0202,693.938899,0
noteton,1275.057553,0
mukadenodaiou,506.652796,0
yamachuco,750.399326,0
annzi,615.678735,0
wakanapo,1107.688937,0
JiaHongLin,630.649297,0
yufuin,1045.812801,0
ptoolis,726.079177,0
daniel02,668.838840,0
takiteke,1289.344985,0
TakuyaNakazato02,1312.083407,0
tks3141,740.399326,0
vbird,390.844571,0
Tips,586.875330,0
huzhaoyang,1472.731832,0
elecho,1388.344985,0
tenkyu,660.989028,0
ynq1242,1951.429013,0
yf147258369,685.483948,0
takanashi,504.689899,0
JustForFun,1663.000000,0
giusto,936.051447,0
coder1998,1579.482682,0
aximov,738.722462,0
kmatcoder,651.688314,0
bennikartefla,1141.393075,0
divesh147,224.379172,0
wl17107,768.223383,0
Masumi,870.932288,0
agw02010,899.817446,0
denverjin,1379.688314,0
colaholic,900.932288,0
littlegirl112,915.027256,0
Shabdan,914.731832,0
s1230006,659.592484,0
mooom,153.619083,0
Edgeworth,2008.413209,0
aoiryuusei,506.652796,0
Agodoriru,650.243056,0
gamera416,1332.620761,0
croonalullaby,1143.136066,0
kurataku,798.243056,0
m0bec,906.344985,0
ke_to,810.126235,0
onetow,323.114893,0
meg,1185.098770,0
titanium,1051.812801,0
ikegori08,677.466680,0
junya0124,720.288499,0
mitawa,421.223156,0
milky,693.083407,0
yumarimo,596.935421,0
sep,510.105920,0
ss5ssmi,525.207216,0
fujifuji,667.143609,0
psmf1,1128.731832,0
dao3,-357.140903,0
txmy,1322.932288,0
hatchi,921.448322,0
biones,974.011909,0
nadchu,1382.932288,0
NoraNola,1065.126235,0
mencotton,1265.098770,0
phocom,985.153100,0
moondemon68,1273.874074,0
nukotsuka,1120.663048,0
Delta114514,750.620761,0
matsuki1045,708.663890,0
xuzijian629,1404.136066,0
leno3s,535.823661,0
pelno,974.083407,0
yaya1026,977.011909,0
takayan4,836.932288,0
suwakotaro,1556.743137,0
gozenjuji,142.024068,0
kodamune,777.832003,0
sqrt_3,1836.932288,0
zero0120,381.189773,0
makonagix,1158.688314,0
phykmqqq,1096.200315,0
yoshiki,505.855674,0
kugelblitz1592,897.056783,0
rose_gold,663.870600,0
T_M,547.467943,0
austinw20114688,586.875330,0
fham,1082.501442,0
dingzhen,462.474123,0
kikuchi0408,1112.832003,0
Neochi,832.344985,0
ri2112,1032.812801,0
suntory,781.812801,0
woodline23xx,743.399326,0
V_Melville,813.734439,0
shadowlink_0122,646.932288,0
darjeeling,869.027256,0
nomi,571.688314,0
zhsq11,1140.620761,0
yoshki_dsk,678.965963,0
tonaiaki,655.027256,0
ei1640,716.200315,0
wander_a_street,367.547884,0
prtright,518.440982,0
vltt,874.109782,0
zfr123,582.663890,0
ruikyon,875.126235,0
Yukiyoshi,1119.136066,0
ik_make,395.022097,0
thesis_or_die,890.812801,0
kuzika,618.932288,0
Yodadayo,555.598481,0
wahahawa,565.161245,0
kuppu,449.986324,0
otoan_ikuzus,783.620761,0
SpiffyEight77,780.126235,0
ueyuki,702.126235,0
Urlieonthe4,671.126235,0
akisato,405.497427,0
ykri021,591.501442,0
rinatzh,351.754431,0
march,1248.209296,0
ProKoji,215.532787,0
hirakumo,35.190798,0
chaba2912,358.968067,0
gansan,1097.832003,0
currypurin,834.801693,0
geoanalysis,550.332513,0
plusn,224.379172,0
atm314,1143.243056,0
kouta1612,527.027256,0
Challenge1996,825.620761,0
side,286.634262,0
tmoooomooooo,286.634262,0
haraken,82.304012,0
yoko,1552.261297,0
ky33,759.620761,0
ktim2200,331.582089,0
miku_maekawa,386.565215,0
rikka102,442.670429,0
Kate,435.077693,0
ilyaz,761.002559,0
Hirake,318.286329,0
isfaker,653.787692,0
gktni,1036.027256,0
Rotari_Andrian,329.730938,0
change,234.256217,0
makky05,439.831163,0
ksi,713.208668,0
Gfy593L3,937.141232,0
MetaPan,794.126235,0
lodnix,1244.027256,0
Satanick,124.448218,0
mamime19,628.688314,0
hansamuE,1003.620761,0
Athena,338.419863,0
togaerror,956.731832,0
Cra2y_Pierr0t,271.492386,0
Slowdive,548.751258,0
tadaren,602.017206,0
napier2718,95.745722,0
Counting_Stars,792.290752,0
Raccoon,496.517276,0
hamazushi,653.626323,0
ecasdqina,1175.832003,0
lean_pg,589.708542,0
kobebryan9,1147.136066,0
QUG,555.519731,0
LRJ1366401054,477.920058,0
Jockers,555.519731,0
propsylang,621.679881,0
agentmist2,291.745281,0
PapperTown,-73.397018,0
yomosi,836.969720,0
GT0803,670.399326,0
hideh_1231,19.030188,0
retaliatorElite,713.889345,0
cider189,-84.425160,0
shiromashiro,-163.899423,0
katata,536.475567,0
rinrinkhloe,799.663890,0
satori2573,454.903651,0
rx5375,-219.954189,0
u_sho,740.399326,0
jqcao,306.329909,0
Amazing,741.832003,0
yuzu1,430.877955,0
takutaku,-519.326947,0
Yukly,698.620761,0
rkpower,866.967415,0
kasatomo03,998.868729,0
kapillamba4,778.896916,0
HayatoY,421.223156,0
asaka,199.404001,0
tatopr,262.503244,0
areido,550.128770,0
kakeden,-90.970800,0
Hyu0529,434.669452,0
Wellmarsh,436.389966,0
yo_kanyukari,-357.140903,0
sky_nagazuki,-232.413276,0
JackYong,386.285664,0
abcxiu,726.079177,0
ioli,-18.221759,0
taka_vita,193.194555,0
makura,571.410816,0
godoftheworld,193.194555,0
yanwei123,587.989028,0
IHthu,381.189773,0
mutsuro_626,243.895238,0
Zain,1663.832003,0
REDRUM,297.240762,0
gari2,448.225487,0
ankitraj1996,577.009063,0
wl2016010599,317.697203,0
pdwd,1021.501442,0
cpot,390.173553,0
sugarrr,1468.501442,0
qinxiaobao,-174.221236,0
