LeBron,2938.200315,1
hoget157,2442.660975,1
beet,2495.223922,1
kmjp,2976.846007,1
sky58,2969.216449,1
startcpp,2035.248811,1
kzyKT,2025.248811,1
kyopro_friends,1953.399326,1
treeone,1993.276467,1
KrK,2823.730468,1
satanic0258,2360.201523,1
kobae964,2786.210085,1
mamekin,2508.479721,1
ei13333,2498.201523,1
June_boy,1938.485209,1
chaemon,2084.141232,1
saharshluthra,1769.620761,1
ynymxiaolongbao,1984.579863,1
azbrugby,1142.731832,1
MMNMM,1861.494528,1
hiromi_ayase,1988.051711,1
ecasdqina,1490.318592,1
monolith,2171.213033,1
voover,2991.485199,1
fine,1894.421465,1
cos,2273.932288,1
okaduki,2033.210085,1
TangentDay,2534.201523,1
EliteWantsYou,2242.000000,1
WA_TLE,3000.318592,1
iehn,2296.318592,1
uwi,2965.141232,1
yaketake08,2188.579863,1
ransewhale,1786.879232,1
luma,1836.900421,1
akarin55,1689.579863,1
Pulmn,2456.280410,1
raja1999,1582.330762,1
lyoz,2029.534694,1
clavis1107,1661.479721,1
kroton,1579.344985,1
SugarDragon5,1578.320227,1
m_buyoh,1741.118984,1
ynish,1297.344985,1
kusano,2277.131879,1
somq14,1868.200315,1
torus711,1870.421465,1
kojingharang,1631.415338,1
hogeover30,1568.141232,1
ctyl,2102.642578,1
kazunetakahashi,2042.793473,1
oyiya,1468.598373,1
Bantako,1232.879232,1
pr3pony,1992.730468,1
Izumihanako,1585.136066,1
rsk0315,1617.579863,1
abc050,2070.534694,1
risujiroh,1794.932288,1
RMQ,1454.879232,1
FF256grhy,2013.223922,1
nejiko96,1739.832003,1
rtia1227,1395.413209,1
C20191721,1717.731832,1
olphe,2213.520399,1
leaf1415,2124.078518,1
ixmel_rd,2352.141232,1
spica314,1977.131879,1
Leohh,2006.000000,1
ImaniAm,2101.413209,1
ttsuki,1680.126235,1
kotatsugame,1895.078518,1
kotamanegi,2157.146899,1
potoooooooo,1775.832003,1
remin,1836.344793,1
packer_jp,1817.415338,1
DeaphetS,1600.000000,1
garnacha,1759.421465,1
Die_Welle,1293.413209,1
kou,1559.213033,1
merom686,1982.494528,1
shakayami,1512.730468,1
tempura0224,2040.011909,1
yehara,1702.932288,1
deoxy,1961.057553,1
kuuso,1873.881746,1
mellotron,1414.131879,1
ikasashi,1662.098770,1
phyllo,1850.344793,1
FieryPhoenix,1775.000000,1
betrue12,1832.932288,1
Ryosuke839,2129.344985,1
enjapma,1725.429013,1
autumn_eel,1920.163225,1
catoon,1252.688314,1
tokumini,1595.421465,1
wisteria0410ss,1830.027256,1
monman53,1730.141232,1
claw88,1798.793473,1
Hohol,1899.000000,1
Suibaka,1932.784591,1
shi,1280.303214,1
yclrz,1250.413209,1
Power730,1475.479721,1
kimitsu_emt,1399.989028,1
Misteer,1863.663890,1
htkb,1402.784591,1
eiya,1987.494528,1
birdway,1565.817446,1
kurenaif,1653.078518,1
wakax365,1683.900421,1
fortoobye,1714.916334,1
nadare881,1640.318592,1
hagyu_aya,1459.216449,1
ksi,1127.415338,1
threecourse,1949.344985,1
tkzw_21,1704.083407,1
shiratty8,2086.663890,1
SpeedOfMagic,1600.000000,1
sekiya9311,1671.468325,1
physics0523,2008.421465,1
kmatsunaga,1631.485199,1
n_knuu,1741.916334,1
ochiba0254,1469.415338,1
komori3,1425.011909,1
cjj666,1532.413209,1
tangent0723,1466.900421,1
manoprenko,2451.731832,1
alavrov,1334.663890,1
seica,1895.303214,1
Gear,1767.051711,1
mohei,1107.638159,1
int_cl,1805.879232,1
Ryo2016,1564.494528,1
kyawakyawa,1349.485199,1
dAi00,1212.832003,1
xuzijian629,1477.027256,1
mban,1354.320227,1
xelmeph,1380.485199,1
x0214sh7,1282.280410,1
Em00n,1692.126235,1
IvanAli,1634.136066,1
hotpepsi,1662.979853,1
tnyo43,1102.932288,1
vain0,1525.057553,1
shibh308,1628.638159,1
CYJian,1586.731832,1
MirAc1e_aL,1111.620761,1
mosmos21,1260.784591,1
pngn,1782.812801,1
Siddharth01,1138.351235,1
haji,1930.520399,1
naoya_t,1806.501442,1
Tsuta_J,1981.131879,1
jimmy,1543.979853,1
ikea0064,1283.213033,1
agw,1545.318592,1
andrewting,1263.812801,1
Bitman_123,1394.413209,1
NOSS,1522.027256,1
ArturSocha,1518.216449,1
rabbit_TR,1974.832003,1
KazukiMH,1217.083407,1
gumfum,1398.011909,1
hxidkd,1387.027256,1
yudedako,1646.429013,1
TAB,1743.793473,1
strarr716,1264.688314,1
weizen,1178.620761,1
nenuon,1484.280410,1
commy,1558.578268,1
uwfdai,1555.494528,1
convexineq,1557.485199,1
peradfn1126,1894.479721,1
hahho,1904.879232,1
yuiop,1759.578268,1
fumiphys,1100.083407,1
takoyaki,1547.098770,1
scor,1551.881746,1
victorique,1632.136066,1
kazuhitot,1176.932288,1
cyan,1309.485199,1
kyuko_haboro,1327.126235,1
simkaren,1394.663890,1
heno239,1895.663890,1
Nishkarsh,1368.136066,1
mencotton,1304.579863,1
y011d4,1046.812801,1
kotobuki,1493.213033,1
kurgm,1846.429013,1
jeonggyun,1566.413209,1
fetburner,1293.485209,1
tusg25,1347.413209,1
coco18000,1496.485199,1
hirosuzuki,1613.429013,1
tao_bun,1920.136066,1
Katya_Kamaz,1407.731832,1
sidebook37,1725.415338,1
hatoo,1759.098770,1
masa002,1675.688314,1
wololo,1833.136066,1
unsre,1477.784591,1
kcvlex,1578.318592,1
cm43punk,625.366543,1
niimi,1106.136066,1
niuez,1763.213033,1
frozenlib,1279.083407,1
jbyxm,1384.520399,1
abeaumont,1611.989028,1
kaming,1593.954545,1
lornd,1484.027256,1
minus9d,1755.421465,1
cirno3153,1853.579863,1
ill,736.752710,1
hide1214,1342.011909,1
cinnamoroll,1094.932288,1
algon,1690.481577,1
koyumeishi,2204.051711,1
spihill,1236.731832,1
MTS_zx,1761.413209,1
TAISA_,1523.501442,1
linare,1210.326116,1
bluesky999,885.731832,1
piyushsethia1999,1396.136066,1
ykmc,1391.620761,1
ty70,1095.429013,1
nkhrlab,1322.027256,1
mino,1679.131879,1
cyblack,1259.688314,1
zunda1st,1361.663890,1
ngochai,2401.027256,1
noshi91,2131.638159,1
igarash1,536.295985,1
yacropolisy,1280.688314,1
phocom,1045.399326,1
sojiro_seta,1097.126235,1
okumura,1003.620761,1
kakira,1632.688314,1
bdzxt,1874.413209,1
t1234,1205.485199,1
rahilmalhotra001,1560.136066,1
miku_maekawa,1176.688314,1
Halifay,1316.695673,1
plcherrim,1473.879232,1
starlitsky,1337.126235,1
nacl_crystal,1026.730468,1
frnfnts,1398.243056,1
Hewla,1542.900421,1
statiolake,1239.688314,1
hollow_bright_,1523.200315,1
nerimadaikon,1300.083407,1
quiye,1354.429013,1
aniket9465,1559.731832,1
kenta2997,1273.243056,1
qumeric,1992.000000,1
kusomushi,1391.413209,1
AK141,1061.731832,1
prd_xxx,1484.916334,1
zhaotiensn,1450.126235,1
siyuan,834.801693,1
sifi_border,1384.501442,1
moryo,1137.688314,1
robp,1166.688314,1
ntgo,1134.141232,1
babingbaboom,1016.932288,1
PhantomAgony,1188.136066,1
Ryoga_0212,1369.330762,1
kazuki_matsuda,806.347455,1
takahiroki,1350.620761,1
saharan,1825.200315,1
toyama,1156.078518,1
x20,1703.248811,1
hk10nis,1110.812801,1
CrazyDave,1318.083407,1
hsl2363,1037.731832,1
LEE_0102,1194.107678,1
moriiforfun,1198.083407,1
fockl,890.579016,1
ZollingerPython3,1363.243056,1
capythm,1779.098770,1
cfhaiteeh,1363.126235,1
itohdak,1207.330762,1
suzume,1814.280410,1
Tendaysago,1064.879232,1
titia,989.399326,1
tenmyo,1206.688314,1
kubo_nits,1104.730468,1
chuka231,1230.481577,1
roto_37,1587.578268,1
wkb89_,1631.098770,1
tutuz,1124.663890,1
kent_2610,1277.638159,1
anekawa,1585.730468,1
ToM_ynu,1096.501442,1
darjeeling,817.730468,1
aquaCpp,1232.812801,1
yana87,1751.870535,1
shomu36,1172.638159,1
Nem4,1534.318592,1
tGautot,2052.000000,1
chocorusk,1613.083407,1
task4233,1158.330762,1
mikcorer,1423.399326,1
orc17,977.083407,1
yakamoto,1358.413209,1
sssbear,1134.846007,1
iry,945.501442,1
pea723,673.832639,1
hiro116s,2100.213033,1
eliza0x,1102.900421,1
Bono_iPad,1161.330762,1
Ardi,1238.812801,1
skeletont,1390.663890,1
C7BMkOO7Qbmcwck7,979.989028,1
AreTrash,1549.330762,1
a5ua,1415.784591,1
shiita0903,1364.479721,1
yaxkinasx,882.344985,1
BlueCat,1554.508494,1
kakakakaneko,1231.213033,1
face4,1326.832003,1
nagiss,1320.413209,1
dRoar,1296.136066,1
ngard,874.989028,1
burstintotears,1213.832003,1
Jeremy_Zepto,1410.688314,1
YayoiAyai,1185.688314,1
pikari0904,1398.213033,1
tettchan,1103.280410,1
moc,1155.932288,1
emli,879.485199,1
xeno1991,1310.812801,1
saikoumi,867.932288,1
zohe,1212.429013,1
nu50218,1116.136066,1
Hide1204,851.344985,1
goodbaton,2561.415338,1
asuma,1173.812801,1
oshibori,1440.793473,1
chocobo,1459.870535,1
ptt_kr,1571.216449,1
rodea_0952,919.731832,1
bluenote,1346.932288,1
hoxosh,1912.784591,1
xagawa,-357.140903,1
nmnmnmnmnmnmnm,1963.881746,1
reik,1026.027256,1
biltharesatyendr,1403.136066,1
fal_rnd,1637.051711,1
Ksaw,1722.141232,1
leloy,1299.731832,1
YXH_XianYu,1429.222344,1
WinField95,1489.688314,1
TOBO,1173.579863,1
Lithium,1083.501442,1
yapoo,1211.136066,1
hanarchy,989.777429,1
FarmerKb,869.812801,1
hamuhei4869,1036.243056,1
progrunner,1231.731832,1
catTom,1240.344985,1
ExpiPi,1146.932288,1
waserabi_29,1034.501442,1
leaf2326,1014.638159,1
yuki2006,1376.344793,1
patahene,1152.344985,1
himj,1327.344985,1
pengin,1216.330762,1
yumechi,1248.011909,1
ymduu,1252.011909,1
joe001,1240.083407,1
Szarny,1108.620761,1
asaka,1168.415338,1
horcrux2301,914.989028,1
YamaguchiT,995.812801,1
dlmasa,1060.083407,1
dcshin,1313.688314,1
akurorein,1145.479721,1
idsigma,1173.879232,1
koikotya,1432.083407,1
settyan117,1159.027256,1
Bwambocos,1490.494528,1
maple116,1127.688314,1
sei40kr,1225.344985,1
kumegon,1242.344985,1
Lorse,1273.399326,1
m_tsubasa,1193.344985,1
misosoup,1322.638159,1
takatin37,1061.663890,1
erbowl,1164.344985,1
katand,1238.501442,1
mizukurage,1017.688314,1
mukadenodaiou,1161.213033,1
masas1991,1099.620761,1
shirodoni,1572.731832,1
cotton100pc,1043.932288,1
nakana_kayaru,1090.344985,1
jaguar29,1102.011909,1
n4o847,1541.011909,1
cyclatp3,1149.485209,1
dnek,1130.126235,1
hrbt,1138.078518,1
ikd,1353.307199,1
arg_53,1700.000000,1
oxsoft,1523.812801,1
sate3saku3,1886.730468,1
Yellowstone,1123.098770,1
xoke,981.057553,1
tubotu,956.812801,1
saya,1378.413209,1
hiroshi128,962.344985,0
justin03,1541.932288,0
amulyagaur111,1220.731832,0
s496t,1492.784591,0
myanta,1339.900421,0
amber,938.330762,0
YunGoon,1361.731832,0
famus2310,904.456082,0
ajinori,1289.879232,0
c7c7,1636.714047,0
rookzeno,880.126235,0
mizuwater0,858.027214,0
otyaduke_117,1168.481577,0
MRtoma,1271.607779,0
nobody,1348.429013,0
shiba6v,943.083407,0
July,1483.591611,0
TMJN,1042.620761,0
Winter2625,1218.413209,0
natsuume,1095.126235,0
LanrTabe,1641.000000,0
colaholic,1181.213033,0
Evlampiy,1289.136066,0
Tmotfl,892.731832,0
phibrain,401.707091,0
Daili,917.181615,0
Daylight,869.731832,0
Take0158,809.126235,0
streifi,1298.413209,0
damekamo,1192.341348,0
YDK_NK,1140.688314,0
sterate,1081.027256,0
mitsu_shino,840.126235,0
mmclsntr,889.083407,0
hayad,1134.620761,0
waddaa1741,589.027256,0
ranomoff,1030.620761,0
ttakano,952.399326,0
w80707,958.011909,0
boatmuscles,899.126235,0
Captain_Paul,1310.731832,0
pytran,1280.485199,0
km1216jp,625.932288,0
apolopt,934.916334,0
takuchibin,937.501442,0
mirachu,904.126235,0
aketijyuuzou,1412.932288,0
osirukosan,381.189773,0
lrj124,1271.932288,0
kokekoke10,847.031523,0
phystak,1193.620761,0
kotatsuinu,734.870740,0
qya,457.611868,0
private_yusuke,993.832003,0
beardaspirant,519.372744,0
oooooba,747.351456,0
Juju62q,970.832003,0
skjmp,1111.534694,0
ezewin,1597.485199,0
butanokakuni,1064.429013,0
fares1998,1269.136066,0
naoki1030,922.731832,0
lofu_imgkr,1017.881746,0
kenji1203,1212.731832,0
ssssttttnnnn,800.832003,0
tmsausa,1053.403306,0
hapdap,706.289795,0
ganariya2525,1173.429013,0
ky33,872.399326,0
dn154,1222.413209,0
masquerade0324,1009.126235,0
javasparrow,918.807397,0
touyou,1316.620761,0
ktateish,1303.413209,0
gmstev,1171.406551,0
ishowta,1077.126235,0
wariuni,1038.481577,0
training123,1318.720993,0
o_ologn,1185.745004,0
dudubao001,1021.832003,0
guruguru,1084.243056,0
xlight789,1091.318592,0
peace_of_junk,974.216449,0
komichia,960.812801,0
rui010,782.932288,0
shirosha2,925.126235,0
neko_kichi,424.668395,0
lyosika50,229.393924,0
nesya,1173.083407,0
BlahDuckling747,868.344985,0
bombra108,797.027256,0
akash1509,1164.731832,0
asoasoaso,918.832003,0
ken_,730.484003,0
takeya,1459.638159,0
callman,483.047990,0
c_r_5,1161.989028,0
edamame88,658.448645,0
pine_and_moon,613.958391,0
aguroshou,987.832003,0
ryoto20707,958.989028,0
upscent,1087.136066,0
aririri,841.126235,0
happy_material,1000.932288,0
dragonlaunch,911.832003,0
koheimath,1035.932288,0
wakanapo,1230.083407,0
hnust_yanruikan,1173.415338,0
hanada3355,1157.660975,0
gamera416,1212.399326,0
d_nishiyama,1005.200315,0
kainarukun,589.708542,0
gidoichi,1286.344985,0
itome,1215.589350,0
tetsurom,1008.213033,0
yuki_,960.989028,0
deltatriangler,635.023440,0
WeiSama,381.189773,0
tatyam,1273.501442,0
bells,1185.136066,0
david,1002.638159,0
SPKTenCutter,883.812801,0
sixty_deg,1149.638159,0
jaus,872.429013,0
Saikat,922.344985,0
amtgjw,929.485199,0
conchan_akita,1047.730468,0
yangshuang,1556.638159,0
umisan,1077.900421,0
baito,775.620761,0
tmkshm0217,1011.620761,0
hnust_lidongming,851.688314,0
turune,1080.485199,0
gorogoroumaru1,937.620761,0
Tlapesium,927.620761,0
bplain,594.344985,0
reverd,1061.534694,0
Shinjirow,1052.485199,0
saltcandy123,1770.688314,0
yayoi,1368.485209,0
oOxOo,1770.000000,0
yamakasa,784.620761,0
mktbad,1027.620761,0
yukkuriesu,904.456082,0
bmtsstl,982.812801,0
hnust_huyuquan,1058.011909,0
souchan2000,569.594404,0
kgtkr,1204.330762,0
took,559.350005,0
C20193515_LYX,739.520887,0
arc,1155.429013,0
muramasa8191,966.688314,0
mon10,1303.415338,0
fuzuiR,1253.812801,0
eigh8_t,1221.989028,0
moxn_nxom,911.620761,0
jojojoe77,1119.501442,0
masu1208,637.064261,0
konohiroaki,1064.730468,0
Atsurou,473.342141,0
toame,1396.216449,0
siiiec,756.932288,0
knt3110,658.448645,0
odz,1153.832003,0
texico,665.638159,0
osamaki,842.027256,0
tetsuma,1460.731832,0
Impulse,1127.479721,0
kng__,961.932288,0
numahha,613.958391,0
ssjb,620.068115,0
mizuff,1118.620761,0
tk555,1070.399326,0
hljxy,998.868729,0
idaten,418.071333,0
Ellvia,970.950424,0
zengqinyi,1704.932288,0
clockcleaner,671.248938,0
GustavK,1554.413209,0
Seremo,1208.413209,0
keib,1092.399326,0
Kazu0714,1048.344985,0
AqFv,1031.501442,0
selpo,1811.784591,0
szk3y,1165.932288,0
prog470,1186.131879,0
oftonkingdom,558.811349,0
hanayorihokani,977.812801,0
mononeco,645.249053,0
sensensan93,297.307795,0
shoganai,975.027256,0
mmxsrup,1721.485209,0
kenjikunat,826.344985,0
LeonJoel,751.894586,0
tabr,536.475567,0
Suunn,-18.221759,0
tetsuro1919,221.080739,0
cojna,1727.078518,0
xander,954.198889,0
cshin,717.090035,0
JKJeong,1532.642578,0
mikit,1242.812801,0
davidcairuz,615.678735,0
Kuryu_S,722.039049,0
yuxiaokang,889.011909,0
shinya1999,924.059114,0
pshiko,1121.200315,0
at0x0ft,971.083407,0
burokoron,950.688314,0
Tommy6,1222.126235,0
tatsumack,1282.344985,0
lilac_s,1043.456309,0
ladicle,563.832003,0
warahiko,1357.812801,0
tekess,811.620761,0
maryanna2016,3061.078518,0
mtoufu,1297.990966,0
tdyydt,734.027256,0
frank3215,1161.479721,0
ChiyosBigDragon,967.344985,0
DoubleZ,1214.501442,0
poyo,827.387642,0
motxx,1690.083407,0
eris_c,1269.083407,0
futty,964.688314,0
Cubic,1171.406551,0
cross32768,1260.688314,0
stmtk,448.370895,0
aiko_chieri,731.932288,0
Kirin0890,1170.057553,0
fmhr,1152.481577,0
fgwiebfaoish,851.620761,0
KujoKaren,1200.136066,0
ikeha,1269.307199,0
xztaityozx,1083.494528,0
noriok,1306.916334,0
homesentinel,1787.846007,0
kotaro0522,834.399326,0
C20192813,490.964511,0
zhuhanhua,827.591385,1
yamad,2235.578268,1
cormoran,1901.916334,1
polyomino,1844.479721,1
jimmy1810,1510.136066,0
SinAyame,1457.057553,1
OUDON,1614.057553,1
huxiaotaostasy,907.812801,0
cotyeyddca1,726.079177,0
kuretchi,1447.051711,0
ne270120,689.126235,0
Reayz,1363.136066,0
aaakirito,797.638159,0
ikeutiakira,596.748605,0
Haoba,845.812801,0
DSMM,580.399326,0
momentquiz,1155.688314,0
kaage,596.586174,0
naoppy,1300.078518,0
amanuko,1517.429013,0
wakuwinmail,1082.688314,0
Fu_L,840.989028,0
NapierJP,913.126235,0
aizukikoh,1272.399326,0
r_mita,1207.668299,0
toku,1080.126235,0
i7_yoc,957.688314,0
tenkyu,991.916334,0
hotsnowspring,936.126235,0
doradorasuki,698.989028,0
saitaman,449.036611,0
knsyuu,1126.812801,0
TateyamaKaito,1135.027256,0
karayuu,235.959904,0
define,486.349559,0
Leep,490.964511,0
kyoto,1124.501442,0
miozune,894.932288,0
snow39,1058.429013,0
tsucchi,764.620761,0
Altair626,996.415338,0
nakajiy,572.083407,0
fortissimo1997,1325.083407,0
ningenMe,1347.415338,0
Sashiming,211.901496,0
overcoming,-79.882031,0
fp563,887.083407,0
tpnbnk,824.694029,0
fjhr,798.832003,0
miku,960.136066,0
predator21,1123.932288,0
tmtm_nanana,1025.216449,0
caster16g,302.998504,0
BrianPalmer,255.096556,0
musaprg,741.638159,0
kei_q,994.348907,0
setcanon,1095.011909,0
kuro,1012.989028,0
baku1101,1105.812801,0
Kerotono,1325.399326,0
mhrb,727.245196,0
cherrypi59,955.399326,0
Yuki_Utaai,1275.879232,0
mamime19,887.216449,0
b1464296,1221.730468,0
rei_k,828.226203,0
rec,881.399326,0
ryuboku,694.429013,0
marupann,884.330762,0
Masumi,1092.415338,0
shimaenaga,676.437078,0
Abeken,224.379172,0
c2chem,703.620761,0
kokubun0293,1244.057553,0
banboooo044,1194.485209,0
takoda,1044.399326,0
munazo,892.731832,0
Mojumbo,948.126235,0
ohnabe,794.688314,0
MighterK,1067.083407,0
tanba,1125.318592,0
dilmnqvovpnmlib,272.214087,0
iroha168,1120.479721,0
sth4,1068.731832,0
mizuki,35.190798,0
kocw,1053.832003,0
iguchyu0125,951.136066,0
enoken,1087.620761,0
mot,1196.856830,0
lisalisa,1082.330762,0
dsa,836.399326,0
ykmaku,1102.141232,0
chie,1104.083407,0
m_99,725.484359,0
arpit_pi,1053.403306,0
penerte,874.812801,0
anmichi,635.720104,0
proteasome,1126.995634,0
kimura512,1006.879232,0
glycine,1013.136066,0
ykst51,1174.126235,0
tnakagawa,965.812801,0
kujira438x,1366.730468,0
ayumuhack,847.763727,0
kwfumou1242,1057.403840,0
hango,667.832003,0
harsaka,567.897652,0
Sn,856.200315,0
QCFium,1176.731832,0
mutuhuhihusenonu,329.324878,0
s_a_k_u,640.882058,0
Kats,1025.027256,0
tamuhey,1275.126235,0
th90tk297,1472.579863,0
kikkakesan,860.073254,0
mitsu1119,759.027256,0
soramame,673.483978,0
moritan0000,770.932288,0
mick0321,1076.266672,0
shimarut,1003.932288,0
kobaya0514,1214.011909,0
TakoKurage,1061.027256,0
arus,721.083407,0
aokabi,959.027256,0
yy4,849.620761,0
jujuju8,565.963517,0
Alpha2198,946.097712,0
ryota717,1117.136066,0
mitsu333,543.924716,0
kikunantoka,765.620761,0
freed029,644.638159,0
beary332,275.968588,0
shacklebolt,966.898368,0
object_1037,216.509261,0
Unoe_es,1215.620761,0
monochro,678.965963,0
Azumayan,980.474684,0
maitake,574.832003,0
gasugesu,851.932288,0
bpine,1198.812801,0
Iyamikun,646.144147,0
renoyu,473.250579,0
woodline23xx,937.330762,0
hope_ton94,336.699519,0
kshohei,381.189773,0
naipia,1213.620761,0
makura,601.098770,0
rain528,1032.213033,0
myoi0905,760.620761,0
tyanase,1007.731832,0
Gfy593L3,843.534694,0
Seihaku807Enso,-18.221759,0
acucumber3429,750.832003,0
eleven,1027.731832,0
duck24,453.899341,0
miura0319,915.267551,0
lotus0r,974.399326,0
inazuma110,790.663890,0
KeiG,839.620761,0
KUMAWO,1032.870535,0
izumo,895.344985,0
chai_tea_13,756.620761,0
karuminmin,834.429159,0
hiramekun,879.276078,0
pb10004,625.553406,0
shosinsha,783.344985,0
rayanti,867.731832,0
fujiy,1060.136066,0
mitohato,861.479721,0
esio_trot,1054.320227,0
hiro_hiro,658.688314,0
izuna385,711.659003,0
gold,1380.381265,0
Rikiya,-65.155392,0
kenseiQ,926.415338,0
yk_hsmr123,694.344985,0
serenity31,876.075388,0
piro77,729.248811,0
greenapple03,484.870535,0
yuyan_noob,-257.209950,0
tjsuzuki,698.661610,0
shinchan,460.015829,0
hororonp01s,353.089722,0
ksomemo,845.900421,0
nakashimanezumi,637.399326,0
hiroaki0615,826.730468,0
IsaoHisakawa,750.682862,0
nekoryavka,264.734024,0
hnust_LiZejian,927.663890,0
ELM,1048.989028,0
forestelements,859.688314,0
ikazuya0201,859.932288,0
toshusai,1036.832003,0
Taka0310,1006.620761,0
tako0218,1005.879232,0
natugasuki123,910.731832,0
pinfort,643.306770,0
lunpon,622.401582,0
keikun2000,1122.620761,0
Lakkii,203.755910,0
semimaru,976.620761,0
yyh,516.120316,0
Noimin,1639.088892,0
Fuh,1226.663890,0
honebone,880.485199,0
kenchalros,841.152006,0
andor,1272.011909,0
mikawataru,640.993694,0
sumomoneko,1181.126235,0
khksmt1999,525.887893,0
shop_one,459.493838,0
gorimori,872.620761,0
e1352127,544.281938,0
cinnamon_roll,800.786876,0
yurufuwachan,657.483815,0
sur,1340.347882,0
springroll,661.831739,0
eunuch74,124.448218,0
hiromoti,776.812801,0
wakimiko,701.638159,0
N4NU,124.448218,0
ibuki2003,1067.638159,0
chiiia12,651.932288,0
youluoy,693.663890,0
lpslzr17,450.088416,0
libingzhen,837.812801,0
kaytruck,528.429735,0
taq225,1082.330762,0
gotutiyan,858.900421,0
tommgodaiki,935.620761,0
Tsukasad,1013.027256,0
ryoryoryo111,902.731832,0
carolinaus,600.509733,0
enuken,857.989028,0
mikage,699.932288,0
J_ISHI,592.547809,0
HankSatori,1355.373123,0
myubharu,379.842368,0
rubiskau,213.924991,0
ikehiro1225,517.429013,0
ryo2851,695.330205,0
picagrow,642.266895,0
norachro,673.730468,0
peporo,474.635713,0
NKato,1156.136066,0
petrouchka,876.011909,0
xeat25,607.548038,0
YuK_Ota,740.620761,0
kajyuuen,522.339820,0
yasai03,955.011909,0
kayte,373.234323,0
cleantted,1139.200315,0
Ariat,471.813069,0
a19970327,440.525652,0
albusSamurai,657.083407,0
iiharu,745.000425,0
heysan,938.399326,0
k_ashiya,1234.098770,0
hounin,270.176285,0
Ren112358,897.131879,0
mochiii,719.728864,0
near0401,1079.812801,0
prime1019,1250.083407,0
Yosotsu,892.731832,0
fuurin,823.812801,0
Yui_1991,612.882293,0
oak,489.839324,0
vitniab3,1148.932288,0
masakam1,759.812801,0
elephant,692.752352,0
taraba62,698.482028,0
mgmgmpmgd,1159.553832,0
zizou,1206.932288,0
miumiu,625.553406,0
hamakei,636.821757,0
kumachan_atcoder,1124.027256,0
rang00,470.158665,0
cubist,958.136066,0
Archaea,655.832003,0
Ry0um4,850.932288,0
kinaonao,764.485199,0
hnust_wanglicj,842.083407,0
tagomesu,243.895238,0
eQe,-118.567949,0
nerianighthawk,858.027214,0
deta,305.555510,0
youtangai,625.553406,0
xaruk,396.715133,0
kuroneko9963,392.057283,0
taku__takkun,719.728864,0
yukitaka13,986.429013,0
KerimK,2076.399326,0
tofu_nei,827.731832,0
xkumiyu,1072.545715,0
yakanboiler,197.376841,0
Jian,124.448218,0
mrbarkone,799.812801,0
jellyfish,829.989028,0
ueyuki,636.344985,0
Nuwaisir,988.196174,0
hiroshi1432,661.399326,0
shinsakun,787.399326,0
HiroKata,229.393924,0
Fumi0412,692.663890,0
tadamono,-73.397018,0
nuekodory,358.968067,0
hatchet,521.748928,0
nekoder,689.083407,0
shoichi,602.017206,0
pigiipanku,566.825085,0
hana,1254.663890,0
shin2ro,807.825181,0
PearSeed,437.729349,0
tibimosu,1039.989028,0
wdkkou,676.126235,0
Kuroka,421.238934,0
kuromegane,613.980219,0
tomowill,855.663890,0
kontotto,1304.323552,0
tsukimidanngo,359.562884,0
sleepingcat,568.989025,0
mk3ura,552.027256,0
hasia,803.344985,0
yuandue,-117.898623,0
kota1024,791.205580,0
qLethon,905.399326,0
soda23,71.853019,0
szkieletor,516.363633,0
u_turn,470.158665,0
hnust_xiongdan,560.688314,0
smina,718.270724,0
bluemegane,925.011909,0
hostias,498.629177,0
shinichir0,820.634688,0
apahie,821.932288,0
aoneko,536.295985,0
reiva5,1177.027256,0
WaTTson496,259.037113,0
Urlieonthe4,1055.213033,0
troy,1144.226287,0
Matumo,636.821757,0
ytoku3,1253.663890,0
Kuri174,359.562884,0
MATSUMAT,1016.663890,0
lisbun,1125.731832,0
minmin408,355.657062,0
rolisya,436.298220,0
aiz,604.083407,0
hnust_xiaoyilin,477.920058,0
nuto321,541.098770,0
moyashimanjyu,82.304012,0
Rinwasyu,791.199346,0
osciiart,826.812801,0
Shuzaei,453.419821,0
pytry3g,641.429013,0
yuto7518,691.989028,0
mitubaEX,644.243056,0
NB29979,453.899341,0
lakiryt,339.484973,0
cider189,-13.248415,0
elaina,629.399326,0
Mon_chi,730.932288,0
Yuhkipot,823.932288,0
aaadmy,819.730468,0
kasatomo03,1031.501442,0
scibean,513.095691,0
bbksr,95.745722,0
oliver,848.344985,0
umaan,348.462231,0
maretol,578.401224,0
yuki819,535.190638,0
reach_negative,453.899341,0
okkn135,948.812801,0
takoyki3,373.004595,0
nogi_yamato,324.596688,0
mac550,-65.155392,0
Autumn_A,425.122460,0
mikoi,661.344985,0
chieri,1012.129612,0
naodora,439.831163,0
r_k,769.734081,0
Bookends,926.832003,0
shunsasa,870.126235,0
konan007,753.081508,0
KouMikage,728.965629,0
hita1992,760.142300,0
iwkjosec,903.989028,0
zaichu_boc,1013.078518,0
yo_kanyukari,393.555313,0
e16021,787.832003,0
dimorportheca47,401.707091,0
nomi,1206.784591,0
nobu_sysout,724.932288,0
Noiri,557.344985,0
kaisei705,-357.140903,0
dynamicovi,992.731832,0
triangle_pascal,420.839510,0
ageru,1062.027256,0
ry3s,698.482028,0
misomiso,598.816516,0
keymagus,525.887893,0
acchan,761.002559,0
ningen2,695.841171,0
yusapon,1082.620761,0
DaWN23,336.699519,0
sh0w987,537.365934,0
jizhiyi,960.136066,0
azshe,1002.330762,0
Shota_0214,784.083407,0
kametaro,563.233530,0
iLBear,197.376841,0
JPnakamura,560.083407,0
alpaca3,866.973348,0
Yoshiakira,421.223156,0
uzi215,982.479721,0
tomon9086,657.555380,0
hnust_ZRR,955.485199,0
snishimura0926,633.344985,0
pepo,682.027256,0
akito0714,326.883951,0
ys2114,980.474684,0
jun0sck,889.731832,0
Pellier,374.398928,0
pppiyo,201.814226,0
mikikusu,412.380624,0
ShusakU,645.079720,0
ncaq,821.540810,0
ha1ya9te2,474.635713,0
cha9ro,747.812801,0
taketakeken10,919.429013,0
lemoncmd,1306.136066,0
jucky54,205.804138,0
notenoughmana,981.900421,0
krmakochoco,464.992620,0
black13,334.413132,0
AkkyOrz,474.635713,0
kagami_hiiragi,112.023061,0
yuji9511,1055.620761,0
Rall,712.126235,0
agw02010,978.078061,0
syunsuke,1074.731832,0
karukan,754.479721,0
hystyl243,431.060362,0
potsbo,1053.812801,0
YukiDaruma,1145.501442,0
Revolution,436.630472,0
Doarakko2049,798.479721,0
yossi7,452.794995,0
ma5mo3ru5,626.832003,0
dango_785,680.200315,0
scotscotch,82.304012,0
takasago73,162.572290,0
youjo,-79.882031,0
LCA,481.120726,0
Nafmo2,1240.784591,0
ykubota,726.079177,0
Kou026,386.565215,0
l2poca,590.895465,0
plusn,537.083407,0
d7010,359.562884,0
threeStars,755.620761,0
malic,807.812801,0
Doit,1273.136066,0
elk,799.007800,0
hanbeidayo,33.903664,0
hassaku_blue,1019.812801,0
JERRY,993.620761,0
kNakajima,866.967415,0
minddnim,843.399326,0
Yama24,807.879232,0
e271828182845904,-242.068074,0
pn11,-357.140903,0
bunbun_buntan,162.572290,0
yamadah,783.449711,0
Efutei,421.223156,0
nayuta_noname,737.710006,0
kanokanoka,899.126235,0
Evalir,866.149320,0
ryosism,479.731605,0
Slowdive,815.027256,0
iaur64,604.027256,0
Mahito,647.781346,0
denj1ry,592.688314,0
tappei,197.376841,0
marf,286.634262,0
drogskol,1209.812801,0
kanekoshinn,719.932288,0
takaya,487.485199,0
mikan314,409.224773,0
yasaita1728,613.958391,0
hnust_dongliangz,793.688314,0
timoni,618.932288,0
rmadaan3,471.477932,0
kurome,1127.730468,0
asdf1,1131.200315,0
three_white,613.958391,0
Akix,392.944314,0
noza,361.681422,0
eriho43,1057.305776,0
stomita,392.255924,0
yk11,313.636592,0
yuyuyu,998.485199,0
kanibase,525.887893,0
terurinpic,-519.326947,0
hmakita,602.017206,0
hrn,61.160991,0
ruihi,653.696964,0
kembo,659.796111,0
otafuro,771.620761,0
M_yuhki_,702.215057,0
T_M,844.216449,0
yudaikichise,937.688314,0
es135,631.739972,0
ZekeZR1,276.194220,0
Sinon,970.950424,0
altale,-18.221759,0
genzai,80.006806,0
suzukisan_love,653.832003,0
seiyu0225,239.048723,0
nista,326.883951,0
lemty,1331.730468,0
ninofy,643.932288,0
gjmacm,188.067625,0
hicanyan,641.932288,0
WEDGE0512,1289.126235,0
crom,637.098770,0
hyoutann,180.111374,0
SoutaTanaka,358.786280,0
Haru24,393.176936,0
norichika,900.344985,0
stardust,-357.140903,0
CC_1,694.027256,0
MayoToya,321.557643,0
Yukibara,717.932288,0
DarkYoshi,838.399326,0
hnustguohuai,702.932288,0
socha,481.120726,0
hilenet,616.797657,0
pekorosu,203.861854,0
tawawa,506.652796,0
kouya183,820.634688,0
dkrqr,898.213033,0
Wshine,43.618095,0
kumagi,932.952383,0
chacha,33.979074,0
Sometimes731,967.501442,0
fallacy,214.252049,0
usukiyamabuki,562.663890,0
seriru,-796.585819,0
Mayten,698.482028,0
sopurani885,897.817446,0
moutin,339.484973,0
hukamati,112.914681,0
sautzy,33.979074,0
pepppizza,536.295985,0
savio,1194.107678,0
ozma,124.448218,0
ytsutsu,1055.344985,0
auth615,180.111374,0
hell_is_here,355.551759,0
kangaechu,688.843008,0
NoraNola,976.098770,0
hnust_lizhuo,690.083407,0
LepUme,-79.882031,0
AokiAo,511.665376,0
ikageso,760.142300,0
tuahun,344.884460,0
koshihikaru,952.989028,0
fickleness,353.089722,0
taketezu,624.787933,0
legendk,186.288072,0
yosswi414,734.083407,0
obknnt0529,973.100043,0
MEGANEnoKAMISAMA,425.122460,0
Libra_Hu,506.652796,0
tnag,842.793473,0
punipuni,709.011909,0
Shunichi09,311.237946,0
Kaiton7,494.167557,0
Eagle4423,359.562884,0
jute,536.295985,0
takarakasai,808.139942,0
nar930,794.663890,0
ZxFkcjgN,1127.280410,0
nono82,234.489816,0
phi_lambda_mu,1003.338049,0
bear0128,-357.140903,0
Geroshabu,381.189773,0
kouta1612,885.784591,0
Albert,919.620761,0
nmoxya,625.553406,0
karase0605,1070.731832,0
muatotto,889.579863,0
Oland,806.347455,0
WooCie,1414.136066,0
gansan,1051.027256,0
roundplus,555.827829,0
tukki0210,613.958391,0
tenuto,77.222228,0
minagi,610.027256,0
Scope_Dog1234,82.304012,0
Rikuya6,352.027507,0
mizutoki_,798.057553,0
Mikatas7,365.868160,0
C20193626,577.009063,0
yftv6203,671.879232,0
PIC_PIC,421.223156,0
wubingru,276.256954,0
plspro,1022.259297,0
TatsuyaMakibuchi,712.620761,0
odrum,427.280176,0
onono147,942.746164,0
TwinkleSky,424.507501,0
samraimarket,1168.476135,0
ringokuppa,-18.221759,0
renjikari,613.958391,0
kojamam,569.857416,0
ToshiroYanagi,528.921931,0
Karahubuki,-147.714762,0
zekisato,693.832003,0
cawteh,653.626323,0
de1tad0g,405.316434,0
daiginjo,69.095445,0
Rinta114514,112.023061,0
newsneeds,1048.330762,0
TriangleJumper,-77.042765,0
TeT0_Lu,80.006806,0
nmatsuura,490.964511,0
toy,790.027256,0
yossi12,-117.887272,0
odanny,13.974906,0
rhincodon66,351.760664,0
evesanta,1035.485209,0
chun1182,1034.344985,0
qawsedrf,335.653548,0
tsano,491.510921,0
osyoyu,880.812801,0
ogit,756.620761,0
rabbitfoot,745.086735,0
yukinocist,418.071333,0
Atomic,759.098770,0
yunyun3078,689.639496,0
supermoris,295.521651,0
taiyooooooooooo,162.572290,0
mikan_1110,95.745722,0
radiator,-357.140903,0
robocat,460.215539,0
yomogi3,-38.397428,0
nitumeta339,897.216449,0
polarbear08,718.399326,0
takuminoid,685.483948,0
vanilla,392.605172,0
gomatamago,688.843008,0
highspec210,519.674867,0
vbird,419.262055,0
whiteunyora,221.080739,0
bashiko,868.187309,0
shiba560,608.840962,0
maji_ji,924.126235,0
harady,678.663890,0
denji_mk2,589.595766,0
Ahasan_1999,-18.221759,0
sgneet,753.081508,0
tancahn2380,1596.870535,0
ryota216is,591.216966,0
ball32,607.399326,0
nileshjha19,828.688314,0
MiyuT,511.748688,0
a_que_z,912.812801,0
SKYL,903.989028,0
yoshitaka,-79.882031,0
hnust_syy,606.083407,0
kinoko11,475.822636,0
Sindibaad7,506.652796,0
poketorena,696.078518,0
prince,1198.989028,0
ucchii,212.103481,0
silviase,-29.310528,0
takecian,935.932288,0
one15936,418.582298,0
iikuni_bakuhu,503.806577,0
kan24,1041.462121,0
vishesh_345,1062.126235,0
mossuru777,641.832003,0
asamas,1369.413209,0
ht0919,135.217964,0
te_ne5525,351.567749,0
lwl2006,726.485199,0
Licht_Wald,649.776447,0
Index197511,197.376841,0
Yukisuni,527.194066,0
hayaten,36.377720,0
squid,-239.228808,0
trabarc,699.475320,0
suesue,842.485199,0
seed_pgc,262.407248,0
KoffeeKoin,899.098770,0
semi,590.713678,0
z1213471415,421.223156,0
TaK7907,267.389448,0
done,122.422272,0
nknms,-18.221759,0
ehlfin,885.291229,0
moikilo002,714.545640,0
jirlock,947.399326,0
ebina,-180.228221,0
fh85,251.696770,0
sgsh,422.642908,0
bravotan,-357.140903,0
shirase000,-152.810654,0
nocket,359.562884,0
faogr,1359.832003,0
I635230,82.304012,0
itimika_next,977.689003,0
daiwakun,1001.812801,0
totoro25,163.317464,0
Leni,146.329790,0
kotatsuneko,271.648056,0
mlpj56d,262.602179,0
zzj864195392,742.469021,0
metaerr,1033.620761,0
proelbtn,1255.731832,0
hnust_guanzixiao,560.344985,0
hnust_taocuiling,631.344985,0
raiki,550.332513,0
milky,743.429013,0
salusa,621.679881,0
miyachf,-357.140903,0
Emily,229.716516,0
a45823,715.126235,0
reitetsu,727.063228,0
Theresia,272.544656,0
pittyi2nd,264.734024,0
Shinra,595.478225,0
hnust_jiangcong,853.832003,0
hnusttangxing,969.501442,0
woyuki,382.320374,0
kuroooo,643.124983,0
naman,834.429159,0
howahowa,859.812801,0
noriwo7,234.489816,0
WrongAnswer,-152.810654,0
n4cl,521.216449,0
lacsec,849.736762,0
jianwang3,280.283949,0
meena69,763.083407,0
kappy,-104.531421,0
Spartan,1000.136066,0
cellphonium,418.582298,0
takuya032,613.980219,0
kota0127,-29.310528,0
nxtgear,651.993884,0
COLON56N,-152.810654,0
snpc94,586.638159,0
tyaso,953.126235,0
zer0star,957.411757,0
TissueRoll,728.965629,0
omom,229.393924,0
tubi,638.485199,0
Overlord69,1083.606327,0
ffff,429.030923,0
Hirosesesese23,1376.879232,0
kwsk,420.686875,0
shun65,-357.140903,0
severrabaen,-164.344191,0
hrt9092,1058.663890,0
Malkavian,708.932288,0
Jundam,602.017206,0
zasshi9,612.274459,0
hajimete,1023.399326,0
Rysta,589.708542,0
Hero1632,-174.221236,0
Hum1060,259.037113,0
MZKi,-46.462614,0
h4afs,165.770754,0
liyang,211.375188,0
hmdtarako,768.223383,0
rob_in_1,791.530947,0
suppio,229.393924,0
yta_smh17,1162.399326,0
securitecq,633.071088,0
kogad,-79.882031,0
kataware,758.731423,0
cycleCam97,336.699519,0
mine691,741.126235,0
moga,312.449670,0
libapple,208.519504,0
obata0430,973.083407,0
zooy,203.680068,0
ebah3770,688.843008,0
DP,-167.952529,0
Saltynoodles,339.484973,0
Fukumoto,249.118939,0
hnust_huangwanme,556.344985,0
hnust_tengmaolon,880.083407,0
yuki013,378.736241,0
wolframotoya,49.189145,0
urachi0826,241.182110,0
kuwa987,2.876266,0
ifa,295.521651,0
gandhara,80.006806,0
poiuy,827.591385,0
caffeine40mg,-242.068074,0
seesaw0419,412.380624,0
zzq_cpp,1004.330762,0
Ao_i,1069.674740,0
Myah,1289.413209,0
KUBO,373.004595,0
circus7,386.285664,0
Unknown,460.535749,0
FourmiSushi,625.553406,0
sintan,212.103481,0
TAT,344.004795,0
nazonazokun,406.892405,0
s17ti038,490.964511,0
nnmizuki,620.399326,0
hibichof,577.009063,0
ijefhide,162.439349,0
deanagron,573.588260,0
kisaragi06,522.339820,0
mickey_1024,259.037113,0
takenta,460.215539,0
maybe96,648.126235,0
polyphe,643.129255,0
xuyizhuo,286.072416,0
sin9270,921.731832,0
zwu2016011052,1251.057553,0
toma66738,698.482028,0
Jason0926,126.811483,0
s5412039,797.730468,0
gamino,-14.755628,0
splover,-796.585819,0
rmizuta,1102.344985,0
unif_code,229.958943,0
mi171342,136.667013,0
katoken0215,794.344985,0
doraharo,777.832003,0
taya,1153.812801,0
abuCma,-457.487093,0
ehasoe82aoes,1013.731832,0
dexctercom,580.832003,0
note180502,81.709194,0
pit611kepo3054,692.415338,0
BazaarHey2004,878.344985,0
tp_hoge,669.872210,0
DNA,-152.810654,0
kou_kon,893.126235,0
randolf,336.699519,0
tatsumaru,680.627025,0
kaito19,494.743848,0
hornistyf,999.688314,0
a_key_bako,1111.501442,0
mitsuba,-185.300062,0
YDKK,1162.550101,0
fazerog02,213.643360,0
hundo,336.699519,0
tkkt0001,1001.485209,0
toriroro,-79.882031,0
storm0017,-167.952529,0
shimataku,683.565479,0
f0reach,778.126235,0
hirenchauhan007,709.621200,0
u_sho,764.200315,0
PeterTheGreat,-796.585819,0
muskie0802,734.082969,0
bird_bird_bird,704.126235,0
strimuer213p,301.360901,0
besshy,-152.810654,0
yxx3tch,675.879195,0
trycodeforfun,221.080739,0
walterobrian,504.025007,0
P0chi,-251.519241,0
casp39,457.611868,0
learningman,286.072416,0
nasuch,766.812801,0
hnust_hgh,943.083407,0
Edwardzcn,906.731832,0
anjan0791,989.777429,0
CodingKnight,845.526196,0
dora0522,730.678693,0
mitsuki114,676.854452,0
paris2007,107.259964,0
Today,-796.585819,0
mikiyana7707,-148.211138,0
taizoyuasa,916.429013,0
skrts13,743.473222,0
yuta_security,563.893134,0
hnust_xiaolin,689.083407,0
coaspire,977.136066,0
niaz_bin_siraj,613.958391,0
reihiguchi,813.330762,0
mugen1337,-14.755628,0
Ali_Alnahhas,590.832003,0
SWAco,129.544110,0
ryou1115,647.781346,0
nobita0918,568.297960,0
mikamitaiga,602.017206,0
zmirez,287.901817,0
zhujiwei,357.265678,0
Yodadayo,528.485209,0
pongpong11,259.037113,0
ZYCSwing,1809.879232,0
iet461,750.812801,0
nikuzuki,596.855496,0
JunShio,688.843008,0
reishoku,214.252049,0
hnust_huang_r_z,727.027256,0
xml9shiki,936.415338,0
mg6,-242.068074,0
torakiti36,-143.155855,0
SelMut,220.147569,0
ashuluthra,819.287283,0
kalmare,675.397256,0
thugstools,586.399326,0
rikulist,698.482028,0
www39466,879.276078,0
inaba3,875.280410,0
foola,1077.932288,0
sasasasanm,1112.060566,0
cultivatetsubo,891.217263,0
magic4mula,197.376841,0
nexmickey,1269.328571,0
takumi0511,-35.410013,0
Osea,35.190798,0
ik11235,891.217263,0
nai71,611.399326,0
BlackBracken,3.025077,0
hnust_fairen,521.748928,0
noza0424,-357.140903,0
sunagimo71,501.638044,0
chatagiriii,214.252049,0
Digaus,902.620761,0
ecto0310,1063.688314,0
estis,242.415995,0
ugis,618.832003,0
hirasawayuisuki,644.126235,0
dyominov,465.011167,0
Siketyan,763.812801,0
temp176,787.812801,0
pappagukun,1447.011909,0
tokizo,942.200315,0
dalgerok,1148.027256,0
bant,534.400456,0
shinshu,1028.027256,0
suakii,823.989028,0
WaelAlJamal,1275.730468,0
bpalanici,1208.413209,0
butankyo22,262.503244,0
fxt888,1016.731832,0
ant2357,856.051711,0
sakuraiimuya,610.083407,0
ujjawal35,35.190798,0
TheMonster,87.489490,0
pei166,-18.221759,0
dorisol1019,925.011909,0
drmaschine,302.998504,0
jimmyzhang,1054.344985,0
stjo,1805.413209,0
kinyashik,35.190798,0
Mashiro1031,-225.192867,0
dxyinme,1509.832003,0
IRcpjs,513.375524,0
thanhnh,381.189773,0
Kansai1YU,193.194555,0
kawasin73,1120.663048,0
rafidshahriar,447.606394,0
s151003,-519.326947,0
takenoko2940,392.944314,0
hinamel,663.011909,0
ikezaki,7.571247,0
psh330327,1181.812801,0
iketyun08,265.824516,0
koaji,231.011033,0
C20193206,613.958391,0
Leader_27,1073.126235,0
Pixar,1471.344985,0
narupi,698.098382,0
procrastinator_6,82.304012,0
unicoonn1,409.649969,0
yzhang,968.832003,0
arr,-519.326947,0
iyo1470,467.688337,0
saigo,996.126235,0
mizukiu,-73.397018,0
NOROP,881.914908,0
uetchy,581.111993,0
alice060318,580.989028,0
XiaoSUN,1120.663048,0
a_a9,107.259964,0
wsy127827,743.900421,0
yuuki0912,418.071333,0
CASmachine,1111.688031,0
hirany,506.652796,0
NAYS,-52.846728,0
higashi,317.925599,0
enigma47,-519.326947,0
yswdra,1345.731832,0
Prerna,349.280170,0
nonono3,448.225487,0
lnvc,381.189773,0
hnust_liurong,653.399326,0
nbcbc,405.111243,0
takuya1926,10.440323,0
FH_Shanto,-18.042177,0
sitaula,-357.140903,0
elf48,-419.395993,0
Bobby2007,412.055422,0
army,560.408158,0
lty16120003,-8.566961,0
liujie,278.339608,0
setuna225,-123.570040,0
a_bot,1298.413209,0
amar_kumar,919.731832,0
kydq,179.565225,0
mooom,275.493361,0
HE_MENGQI,-395.826821,0
natsuki00,35.190798,0
abdallash,357.138917,0
drogon,316.086490,0
ntk_ta01,359.562884,0
zhenghaishu,569.527798,0
atmshiblesadik,612.882293,0
sanadayukimura73,-357.140903,0
dbftdiyoeywga,-79.882031,0
suz64,291.569883,0
haribhattt34,975.740901,0
shinobe,734.870740,0
nozomungo,-117.887272,0
chuliuxiang,-195.549678,0
sioe,-104.531421,0
aku,-60.829431,0
s_naoya,577.027256,0
mochimochi1824,-65.373941,0
bosan120,-152.810654,0
jcy16080001,-404.467948,0
TomA,810.812801,0
C20192758,930.409427,0
outlook,179.986542,0
chase2007,221.313588,0
liachogay,399.681144,0
kunito777,-195.549678,0
arukuka,1348.485199,0
chottodeta,301.587151,0
naokisz,-18.221759,0
qyh15050001,-93.036437,0
takucocoa,373.004595,0
will_br,596.387532,0
Lee2004,115.757584,0
ruidsail06,-20.117288,0
j_of_nuts,358.968067,0
kyoae,734.082969,0
moogakoo,82.304012,0
cptdeka10,1421.485159,0
remark_tzi,-796.585819,0
ryuyama,668.838840,0
JPNYKW,-796.585819,0
whitesun,573.547932,0
refle,1930.932288,0
keymoon,1698.098770,0
kobaryo222,1418.479721,0
areido,300.989437,0
nadchu,1323.832003,0
dynamicI,744.126235,0
chauhandeep,1139.136066,0
GB,-79.882031,0
hnust_xusaibo,1292.330762,0
Derek,828.083407,0
chappie,38.475142,0
katoyuna,-357.140903,0
faded4k,259.037113,0
takusann,853.126235,0
jack,552.078061,0
wenxing,1012.129612,0
aimaker,224.379172,0
aditya787244podd,35.190798,0
rankey55,787.620761,0
